trial,world,astar,bc,adaptive,switches,astar_route_efficiency,bc_route_efficiency,adaptive_route_efficiency,astar_search_ms,astar_track_ms,bc_ms,adaptive_search_ms,adaptive_track_ms,adaptive_bc_ms,adaptive_total_ms
0,sparse,1,1,1,0,0.694211872241267,0.798194315302688,0.798194315302688,8.196193999538082,0.21810499947605422,2.340040004128241,0.0,0.0,2.0722880008179345,2.0722880008179345
1,very_dense,1,1,1,0,0.7882300338251672,1.0059581926739143,1.0059581926739143,30.453572000624263,0.41992000024038134,3.8885570038473816,0.0,0.0,5.335757001375896,5.335757001375896
2,dense,1,1,1,0,0.8173269671923601,0.8857071094631941,0.8857071094631941,23.49233600034495,0.49894700168806594,3.693778000524617,0.0,0.0,3.9394439991156105,3.9394439991156105
3,dense,1,1,1,0,0.8021985383007283,0.7903400511361073,0.7903400511361073,23.916621999887866,0.36896100300509715,2.7697039986378513,0.0,0.0,2.7675729979819153,2.7675729979819153
4,dense,1,1,1,0,0.7615301222435782,0.7418142871429367,0.7418142871429367,23.45976300057373,0.3823769993687165,2.292868000040471,0.0,0.0,2.3704140021436615,2.3704140021436615
5,very_dense,1,1,1,0,0.7648171052653263,0.9321245805540049,0.9321245805540049,29.851780999706534,0.3011449998666649,3.840213001240045,0.0,0.0,5.372222998630605,5.372222998630605
6,sparse,1,1,1,1,0.844841493659479,0.8485964203353037,0.8579814687187955,8.35279900002206,0.4686070033130818,2.990793000208214,8.271958000477753,0.394126001992845,1.0134840003956924,9.67956800286629
7,very_dense,1,1,1,0,0.7874291218362462,0.8692230264847243,0.8692230264847243,28.842876000453543,0.42666699846449774,3.3646830006546224,0.0,0.0,3.660731002128159,3.660731002128159
8,sparse,1,1,1,2,0.8224412932941082,0.8533323314080328,0.8421285180598924,8.352318999641284,0.452252003015019,2.9998950039953343,8.317547999467934,0.18605099830892868,2.277938005136093,10.781537002912955
9,sparse,1,1,1,3,0.8450782475140873,0.9292630630256865,0.8518596715478561,9.007957999529026,0.6389620020854636,4.212912000184588,17.670995999651495,0.6290020028245635,1.175394998426782,19.47539300090284
10,dense,1,1,1,0,0.8869754899225334,0.9604774082574751,0.9604774082574751,23.078737999639998,0.8421210059168516,5.73512999653758,0.0,0.0,5.975252996904601,5.975252996904601
11,very_dense,1,1,1,0,0.8750931322035495,1.1019860181886032,1.1019860181886032,32.62367900060781,1.2667300052271457,11.249218007833406,0.0,0.0,11.151150997648074,11.151150997648074
12,very_dense,0,0,0,0,0.13950909742227935,0.22840297396312023,0.22840297396312023,31.57616299995425,0.31779299661138793,3.8973319979049847,0.0,0.0,4.07720100156439,4.07720100156439
13,very_dense,1,1,1,0,0.8667574282272711,1.2017452954000105,1.2017452954000105,29.36292600043089,0.6847220047347946,10.105984999427164,0.0,0.0,10.511592002330872,10.511592002330872
14,very_dense,0,1,1,0,0.237874417689825,0.43076868318006345,0.43076868318006345,32.728321000831784,0.5074150003565592,6.744266000168864,0.0,0.0,7.965267008330557,7.965267008330557
15,very_dense,0,0,0,0,0.5699873233934851,0.41892331485370204,0.41892331485370204,35.69180399972538,1.014412001495657,15.547092003544094,0.0,0.0,17.378667001139547,17.378667001139547
16,dense,1,1,1,0,0.8669272486954294,1.1007411129082554,1.1007411129082554,22.018478000063624,0.8579540026403265,7.37512899468129,0.0,0.0,7.427384999573405,7.427384999573405
17,sparse,1,1,1,1,0.9170551192039011,0.9318698779832625,0.9263021702611554,8.89404800000193,0.7588899943584693,4.798256002686685,7.930738000140991,0.4210499982946203,2.300253000612429,10.65204099904804
18,very_dense,1,1,1,0,0.923485688272887,1.3548918158991734,1.3548918158991734,29.23352400011936,0.9157110034720972,10.28232100270543,0.0,0.0,11.29231600498315,11.29231600498315
19,dense,1,1,1,0,0.8211754446858089,0.866655955063619,0.866655955063619,22.140660999866668,0.4864669999733451,3.476961996057071,0.0,0.0,3.8350670020008693,3.8350670020008693
20,dense,1,1,1,0,0.889162211532748,0.9880124326045499,0.9880124326045499,23.11562100021547,0.8172799980457057,5.3873590022703866,0.0,0.0,5.764312000792415,5.764312000792415
21,dense,1,1,1,0,0.886005905022086,0.9040660335005536,0.9040660335005536,26.644419000149355,0.8201290002034511,5.588402996181685,0.0,0.0,5.788282001049083,5.788282001049083
22,sparse,1,1,1,0,0.820863859652979,0.794561653732014,0.820863859652979,8.717227000488492,0.4794930000571185,3.160800002660835,8.70277099966188,0.5581579989666352,0.0,9.260928998628515
23,very_dense,1,1,1,0,0.7950240404012204,0.9992233891702381,0.9992233891702381,30.692350000208535,0.2987690013469546,2.989736999552406,0.0,0.0,4.779200999109889,4.779200999109889
24,very_dense,1,1,1,0,0.8040726255555178,0.8921290751829962,0.8921290751829962,31.52460500041343,0.5832200004078913,4.9090359952970175,0.0,0.0,5.901597006413795,5.901597006413795
25,dense,1,0,0,0,0.8391023122728076,0.7429093143839811,0.7429093143839811,23.035779000565526,0.5920999938098248,19.446632001745456,0.0,0.0,17.300672995588684,17.300672995588684
26,dense,1,1,1,0,0.7829440734038755,0.8958687679221237,0.8958687679221237,21.64622599957511,0.2789209993352415,2.226264000455558,0.0,0.0,2.164926002478751,2.164926002478751
27,very_dense,1,1,1,0,0.5887208708695002,0.7412686055260043,0.7412686055260043,28.110434000154783,0.15095299931999762,1.379530001031526,0.0,0.0,1.5246420007315464,1.5246420007315464
28,dense,1,1,1,0,0.746139068610798,0.9534283478207266,0.9534283478207266,22.131705999527185,0.30759199853491737,3.474011001344479,0.0,0.0,3.0433430010816664,3.0433430010816664
29,dense,1,1,1,0,0.8530031396120852,0.8402489514342569,0.8402489514342569,21.08827200027008,0.8750999968469841,3.34993299566122,0.0,0.0,4.157573997872532,4.157573997872532
30,dense,1,0,0,0,0.845271764483284,1.0506911529800158,1.0506911529800158,21.71961200019723,0.6233670001165592,15.556142006062146,0.0,0.0,16.572626997913176,16.572626997913176
31,sparse,1,1,1,0,0.7457031734188345,0.6934545554563717,0.6934545554563717,7.840266000130214,0.2766579991657636,1.6432879983767634,0.0,0.0,1.6648700020596152,1.6648700020596152
32,sparse,1,1,1,0,0.7155553076205137,0.7238998522696802,0.7155553076205137,7.846438999877137,0.27679600134433713,2.0837579977524,8.170637000148417,0.33800999699451495,0.0,8.508646997142932
33,dense,1,1,1,0,0.48674653245223903,0.7072349564319078,0.7072349564319078,22.189635000358976,0.15724099830549676,1.5714929977548309,0.0,0.0,1.4670629998363438,1.4670629998363438
34,very_dense,1,1,1,0,0.884540006233522,1.104504642825133,1.104504642825133,30.198425999515166,0.7465359985872055,7.8385930028161965,0.0,0.0,8.551629003704875,8.551629003704875
35,sparse,1,1,1,0,0.825646983730668,0.8209614587199907,0.825646983730668,9.018076999382174,0.5176279992156196,3.1851349986027344,8.767082000304072,0.5896900001971517,0.0,9.356772000501223
36,very_dense,0,0,0,0,,,,28.378469000017503,0.09132200193562312,15.732611003841157,0.0,0.0,17.708945999402204,17.708945999402204
37,very_dense,1,1,1,0,0.5509727268909629,0.6034504396394683,0.6034504396394683,28.46475700062001,0.14845499845250743,1.0482930001671775,0.0,0.0,1.0979959997712285,1.0979959997712285
38,sparse,1,1,1,0,0.8561837213173283,0.9576430555709726,0.9576430555709726,8.11513099961303,0.42096199922525557,3.164335005749308,0.0,0.0,3.5184110010959557,3.5184110010959557
39,dense,1,1,1,0,0.8576436437906712,0.8895769666581629,0.8895769666581629,21.36165800038725,0.5506429988599848,3.962628999033768,0.0,0.0,4.159942003752803,4.159942003752803
40,sparse,1,1,1,0,0.7608251560029413,0.7453224722288254,0.7608251560029413,8.141386999341194,0.3090229993176763,1.836428999013151,8.117522999782523,0.3520959999150364,0.0,8.469618999697559
41,very_dense,1,1,1,0,0.8925810921719335,1.2032490394513544,1.2032490394513544,29.10161199997674,0.7941219964777702,7.5656160015569185,0.0,0.0,8.013998998649186,8.013998998649186
42,very_dense,0,1,1,0,,,,26.963695999256743,0.2886689990191371,4.106889995455276,0.0,0.0,4.877354996096983,4.877354996096983
43,dense,1,1,1,0,0.8253325571728212,1.3023799989515934,1.3023799989515934,22.50478599944472,0.5803010017189081,6.136713997875631,0.0,0.0,7.566431995655876,7.566431995655876
44,sparse,1,1,1,1,0.7397430712940353,0.7555299472490188,0.8483155403783172,8.664420999593858,0.2954779984065681,2.3273620008694706,8.491522000440455,0.24982500144687947,1.292521999857854,10.033869001745188
45,very_dense,0,0,0,0,0.14504122589001975,0.391829020545747,0.391829020545747,44.753455000318354,0.36238999746274203,16.894235006475355,0.0,0.0,19.586154010539758,19.586154010539758
46,dense,0,1,1,0,,,,21.65150100063329,0.11428300058469176,4.279043000678939,0.0,0.0,7.19643800312042,7.19643800312042
47,very_dense,1,0,0,0,0.8586595981229026,0.9642284824382356,0.9642284824382356,30.56726799968601,1.1387119957362302,18.73509800498141,0.0,0.0,27.413447994149465,27.413447994149465
48,very_dense,1,1,1,0,0.8102611946435307,0.36919804411246915,0.36919804411246915,28.759582999555278,0.6163660018501105,2.7673910017256276,0.0,0.0,2.935179001724464,2.935179001724464
49,very_dense,0,0,0,0,,,,28.211055999236123,0.2609030007079127,17.840267007159127,0.0,0.0,19.306066000353894,19.306066000353894
50,very_dense,1,1,1,0,0.8335551611645685,0.8601365644516142,0.8601365644516142,29.952716000479995,0.5036690008637379,4.531050003606651,0.0,0.0,3.8517740031238645,3.8517740031238645
51,sparse,1,1,1,1,0.7723396798128472,0.8128631303667188,0.775652919069339,7.8604979998999625,0.2821179969032528,1.9759990009333706,8.180331999938062,0.16156499896169407,0.9975929988286225,9.339489997728379
52,dense,1,1,1,0,0.8470818021031328,1.0324985100370854,1.0324985100370854,21.414828000160924,0.5338149949238868,5.2653339989774395,0.0,0.0,5.531487003281654,5.531487003281654
53,dense,1,1,1,0,0.7999778523713759,0.9141523483643184,0.9141523483643184,22.6016200003869,0.5582540024988702,4.5871049997003865,0.0,0.0,4.940899998473469,4.940899998473469
54,dense,1,1,1,0,0.7437306476514202,0.6994695489064126,0.6994695489064126,21.631972000250244,0.22704699858877575,1.6886939956748392,0.0,0.0,1.7202670014739851,1.7202670014739851
55,sparse,1,1,1,1,0.8936098671094702,0.9377540205206045,0.9036598438546707,8.566315999814833,0.8876419979060302,6.796228002713178,8.760454999901413,0.867699001901201,1.5282399999705376,11.156394001773151
56,dense,1,1,1,0,0.9105867358001126,1.4870900411921506,1.4870900411921506,22.506023999994795,0.5597709969151765,13.919252993218834,0.0,0.0,15.96430799781956,15.96430799781956
57,sparse,1,1,1,1,0.8038097486446107,0.7781609446713103,0.8024136949816081,8.67784100046265,0.5098050014566979,3.0464979990938446,8.300814999529393,0.3378020010131877,1.4332919990920345,10.071908999634616
58,very_dense,1,1,1,0,0.6802349328487328,0.751856090835139,0.751856090835139,30.363997000677045,0.18598400038172258,1.6255919999821344,0.0,0.0,1.976492997528112,1.976492997528112
59,very_dense,1,1,1,0,0.803760896371295,0.8645561440765166,0.8645561440765166,30.623614999967685,0.4732569996122038,3.4479150008337456,0.0,0.0,3.8547630019820645,3.8547630019820645
60,very_dense,1,1,1,0,0.7648751920774459,0.8416348925622662,0.8416348925622662,29.61429999959364,0.3909359975295956,3.1814909998502117,0.0,0.0,2.9983560016262345,2.9983560016262345
61,very_dense,1,1,1,0,0.816642133503395,0.855617115898021,0.855617115898021,28.426990999832924,0.5232059966147062,3.5633060015243245,0.0,0.0,3.6757619955096743,3.6757619955096743
62,dense,1,0,0,0,0.8453249445823723,0.9221037416294324,0.9221037416294324,22.154283999952895,0.7914910020190291,15.516555004069232,0.0,0.0,16.33421800124779,16.33421800124779
63,very_dense,1,0,0,0,0.8194583359358467,1.2681264896987656,1.2681264896987656,29.919867999524286,0.38929099991946714,17.566239998814126,0.0,0.0,18.06658700479602,18.06658700479602
64,dense,1,1,1,0,0.8603736753574539,1.100422038829721,1.100422038829721,22.11978800005454,0.7786269979987992,6.696077996821259,0.0,0.0,7.12927899803617,7.12927899803617
65,sparse,1,1,1,1,0.8803173251641642,0.9042415153685736,0.9019411334993527,9.276132000195503,0.9396870009368286,5.5830140017860685,9.318374999566004,0.8474249971186509,1.3820700005453546,11.54786999723001
66,very_dense,1,0,0,0,0.8846480847647077,0.6792040914442776,0.6792040914442776,29.98741000010341,0.7390209993900498,16.93857299414958,0.0,0.0,22.051590003684396,22.051590003684396
67,dense,1,0,0,0,0.8544899419027919,1.237323145837813,1.237323145837813,21.75910899950395,0.5543370025407057,22.76191101373115,0.0,0.0,17.715835000672087,17.715835000672087
68,sparse,1,1,1,1,0.8452371767101035,0.8846264782809189,0.8533009224110126,8.498824000525929,0.475752996862866,2.8658819956035586,8.513469000718032,0.5048220000389847,0.2770279998003389,9.295319000557356
69,dense,1,1,1,0,0.8121884154778821,0.9983835800605553,0.9983835800605553,22.723775000486057,0.5257049988358631,4.663796995373559,0.0,0.0,4.438718997334945,4.438718997334945
70,very_dense,1,1,1,0,0.8235605272046582,1.0741441959969307,1.0741441959969307,28.6300099996879,0.4162679997534724,3.9675389971307595,0.0,0.0,3.907348000211641,3.907348000211641
71,sparse,1,1,1,1,0.8221657134964963,1.2554767875248871,0.903014881760146,8.497743000589253,0.5880559992874623,5.457070999909774,8.71280499995919,0.27619100001174957,2.5350259993501822,11.524021999321121
72,dense,1,1,1,0,0.8142664260617479,0.910595076213349,0.910595076213349,21.128147000126773,0.37374899875430856,2.630731996760005,0.0,0.0,3.2449579994136,3.2449579994136
73,sparse,1,1,1,2,0.8946853274616936,1.175719121384925,0.9676149474600404,9.804201999941142,0.8889799983080593,7.340247993852245,9.798922999834758,0.5002420002711006,3.747972999008198,14.047137999114057
74,very_dense,1,1,1,0,0.7820149024991905,0.995591008705765,0.995591008705765,28.56804099974397,0.3218059982827981,3.463254997768672,0.0,0.0,3.3735509950929554,3.3735509950929554
75,dense,1,1,1,0,0.8434224120137545,0.9900720969930957,0.9900720969930957,21.533039000132703,0.5427990026873886,4.444385998795042,0.0,0.0,4.743866001263086,4.743866001263086
76,sparse,1,1,1,0,0.617090053594609,0.6305620128572179,0.6305620128572179,7.755993000500894,0.16869899991434067,1.1412399962864583,0.0,0.0,1.190381000014895,1.190381000014895
77,sparse,1,1,1,4,0.8794054145653347,0.8771837369402719,0.8754695087890111,10.169379999751982,0.9154340050372411,5.523208000340674,17.220012000507268,0.5594779995590216,2.866367001843173,20.645857001909462
78,dense,1,1,1,0,0.891528940340085,0.9942948700700466,0.9942948700700466,21.998326000357338,0.8074769984887098,5.859466999936558,0.0,0.0,6.0655540037259925,6.0655540037259925
79,very_dense,1,1,1,0,0.8433532990338238,1.0639055804135993,1.0639055804135993,29.165031000047748,0.6036440008756472,4.9600320007812115,0.0,0.0,5.288667001877911,5.288667001877911
80,very_dense,1,1,1,0,0.6938809428239134,0.8138260898088887,0.8138260898088887,28.383715000018128,0.23077900186763145,2.0701269968412817,0.0,0.0,2.207685999565001,2.207685999565001
81,dense,1,1,1,0,0.6033074081548121,1.966369216516858,1.966369216516858,21.604737000416208,0.27301600039209006,13.558325009398686,0.0,0.0,14.071052999497624,14.071052999497624
82,sparse,1,1,1,1,0.699430693683384,0.8744769171777361,0.6964467028014096,7.853344000068319,0.2436559998386656,1.968963000763324,7.763898999655794,0.2546829964558128,0.4226969995215768,8.441278995633184
83,very_dense,0,0,0,0,0.06193408710148929,0.3057402411225534,0.3057402411225534,33.20101299959788,0.15194099978543818,15.793169010976271,0.0,0.0,16.799929999251617,16.799929999251617
84,dense,1,1,1,0,0.6590272124669664,0.6256300484952122,0.6256300484952122,20.94463600042218,0.1593689994479064,1.174208002339583,0.0,0.0,1.0829710008692928,1.0829710008692928
85,very_dense,1,1,1,0,0.8746713158105611,0.977453035452006,0.977453035452006,28.45233600055508,0.5458619989440194,4.574097998556681,0.0,0.0,4.575260001729475,4.575260001729475
86,sparse,1,1,1,0,0.7734970702768812,0.885148807176534,0.7734970702768812,7.945479000227351,0.3668590024972218,2.5486670010650414,8.024663000469445,0.42570899950078456,0.0,8.45037199997023
87,sparse,1,1,1,1,0.8172008341891748,0.8315069579192533,0.8225831981082267,8.381777999602491,0.5420729985416983,3.2905400003073737,7.730719000392128,0.2684089995454997,1.88600199726352,9.885129997201147
88,very_dense,1,1,1,0,0.8413934054936603,1.0847897226877403,1.0847897226877403,27.826996999465337,0.5928289938310627,5.779485004495655,0.0,0.0,5.72821700188797,5.72821700188797
89,very_dense,1,0,0,0,0.8754205675683824,1.0191395605337759,1.0191395605337759,31.148052000389725,0.977635996605386,7.279355995706283,0.0,0.0,8.993390995783557,8.993390995783557
90,dense,1,1,1,0,0.833493643898115,1.8386353190206466,1.8386353190206466,21.78086300045834,0.4171840018898365,7.165029999669059,0.0,0.0,9.553370003231976,9.553370003231976
91,very_dense,1,0,0,0,0.8681351007813357,1.071385539409431,1.071385539409431,32.243058999483765,0.9669710025264067,17.858909002825385,0.0,0.0,18.129631998817786,18.129631998817786
92,very_dense,1,0,0,0,0.8571665088511013,1.23003163678818,1.23003163678818,30.906184999366815,0.6139619972600485,17.26539099945512,0.0,0.0,17.973875008465257,17.973875008465257
93,dense,1,1,1,0,0.6382349354644581,0.8206958058076128,0.8206958058076128,21.723617000134254,0.23806500030332245,2.0111589974476374,0.0,0.0,2.149795997866022,2.149795997866022
94,very_dense,1,1,1,0,0.7317570772245569,0.6951784262445874,0.6951784262445874,29.595761999189563,0.26200800130027346,1.8351690014242195,0.0,0.0,2.3090680024324683,2.3090680024324683
95,sparse,1,1,1,1,0.8815947793316794,1.3559811155474615,1.3723710237361453,8.630385999822465,0.6129340017650975,7.1573039967915975,7.880798999394756,0.2467560007062275,6.0828900004707975,14.21044500057178
96,sparse,1,1,1,2,0.8670971855542418,0.9261529279552766,0.8729384765385917,9.055827000338468,0.8184020025510108,5.59314599740901,9.329184999842255,0.6433280013879994,2.2043349972591386,12.176847998489393
97,very_dense,1,1,1,0,0.8600914952161002,1.0192899479789193,1.0192899479789193,31.429125000613567,0.8077110014710343,7.429095998304547,0.0,0.0,10.102140006893023,10.102140006893023
98,dense,1,1,1,0,0.6519292935354188,0.6992290046216016,0.6992290046216016,23.413588000039454,0.15018500107544241,1.184955000098853,0.0,0.0,1.0753129990916932,1.0753129990916932
99,sparse,1,1,1,1,0.8899510750345193,0.9015930866882224,0.8815486645092842,10.401671000181523,0.8044339965636027,4.896979000477586,8.870849000231829,0.5980819996693754,1.5084550004758057,10.97738600037701
100,very_dense,0,0,0,0,0.22070356426582716,0.21084948730723066,0.21084948730723066,35.00361999977031,0.6165589966258267,16.674945999511692,0.0,0.0,16.96471800278232,16.96471800278232
101,sparse,1,1,1,1,0.9318241000502246,0.9397053424562714,0.9330390489840945,8.171491000211972,0.743632002013328,4.487766999773157,8.764313000028778,0.6049099974916317,2.1085320004203822,11.477754997940792
102,very_dense,0,0,0,0,0.6582616601443907,0.5710104361170985,0.5710104361170985,38.30101199946512,1.941880002959806,15.900405991487787,0.0,0.0,16.562657003305503,16.562657003305503
103,sparse,1,1,1,1,0.8863021942146065,0.8734511126569809,0.8792457770149863,8.72011499996006,0.6865100021968829,3.97208399772353,9.037312000145903,0.7434830040438101,0.49039899931813125,10.271194003507844
104,very_dense,1,0,0,0,0.8570636164291038,1.3170018534338006,1.3170018534338006,29.478024000127334,0.652393993732403,16.062615001828817,0.0,0.0,16.963518998636573,16.963518998636573
105,very_dense,0,0,0,0,0.19906298315306037,0.2624421760760988,0.2624421760760988,33.26041600030294,0.5767100019511417,16.37478299653594,0.0,0.0,16.662495006130484,16.662495006130484
106,very_dense,1,0,0,0,0.9211989573029391,1.2797313887349941,1.2797313887349941,29.968301999360847,0.9591649977664929,16.6721149953446,0.0,0.0,22.14412900229945,22.14412900229945
107,dense,1,1,1,0,0.6053831041696655,0.7334344901721073,0.7334344901721073,21.83512800002063,0.1612169999134494,1.1524629990162794,0.0,0.0,1.1384170002202154,1.1384170002202154
108,dense,1,1,1,0,0.8476600852603001,0.9162018481348946,0.9162018481348946,22.2063530000014,0.6292800007940968,4.504479994466237,0.0,0.0,4.551216002255387,4.551216002255387
109,very_dense,0,0,0,0,0.19008924668581365,0.3743736604724349,0.3743736604724349,34.13019100025849,0.4907430002276669,16.07047799279826,0.0,0.0,17.192359002365265,17.192359002365265
110,sparse,1,1,1,1,0.8995515061641708,0.9439426917875486,0.9433882043180837,8.795536999969045,0.7627610002600704,4.958587003784487,8.449509999991278,0.5105189993628301,2.190698000958946,11.150727000313054
111,very_dense,1,1,1,0,0.847663831069559,0.9468069082366454,0.9468069082366454,30.623532999925374,0.77947199861228,5.9014249991378165,0.0,0.0,6.046098001206701,6.046098001206701
112,dense,1,1,1,0,0.814528539186462,0.8771140134574956,0.8771140134574956,21.216903000095044,0.4571610006678384,3.465943994342524,0.0,0.0,3.567190998182923,3.567190998182923
113,dense,1,1,1,0,0.8043815208596892,0.7979860870198843,0.7979860870198843,21.37352599947917,0.38706200120941503,2.4569570014136843,0.0,0.0,2.3181209990070784,2.3181209990070784
114,dense,1,1,1,0,0.8657612999982858,1.0000678117463628,1.0000678117463628,22.622335000050953,0.8536949981134967,8.084643998699903,0.0,0.0,7.442396998158074,7.442396998158074
115,dense,1,1,1,0,0.8241509849921921,0.9263308532238052,0.9263308532238052,22.28229000047577,0.35901299906981876,2.8118529999119346,0.0,0.0,2.8500489997895784,2.8500489997895784
116,sparse,1,1,1,1,0.8872283626794212,0.9142350921472953,0.8860130673038562,9.62141300078656,0.766102996749396,4.568469000332698,9.300419000283,0.7818520025466569,0.43221900068601826,10.514490003515675
117,sparse,1,1,1,0,0.8778217755564315,1.0178995940584978,1.0178995940584978,8.339321000676136,0.6544290008605458,4.566610998153919,0.0,0.0,4.601644998729171,4.601644998729171
118,sparse,1,1,1,2,0.8954659258423416,0.9081805776189968,0.8836063286040583,8.739142000194988,0.8591009955125628,5.224070006079273,8.62340799994854,0.8775769965723157,0.8507689990437939,10.35175399556465
119,sparse,1,1,1,1,0.830971094194661,0.861333869465609,0.8985296161249836,8.338427000126103,0.5015919959987514,3.6950329986211727,8.82772200020554,0.4319520030549029,3.3099529973696917,12.569627000630135
120,dense,1,1,1,0,0.8404200424203238,1.0302689554366329,1.0302689554366329,23.394163999910234,0.6567520003954996,5.653956000969629,0.0,0.0,5.3752210005768575,5.3752210005768575
121,very_dense,1,1,1,0,0.8742289809043982,1.0153510829475714,1.0153510829475714,30.770966000090993,1.001258995529497,8.20181799826969,0.0,0.0,8.266165000350156,8.266165000350156
122,dense,1,1,1,0,0.8203483558388348,0.918358109941953,0.918358109941953,21.525612000004912,0.5167099998288904,3.957236999667657,0.0,0.0,3.6023360034960206,3.6023360034960206
123,dense,1,1,1,0,0.7249028597511409,0.784733485156046,0.784733485156046,21.11657200021,0.2794920010273927,2.057219998278015,0.0,0.0,1.9151890010107309,1.9151890010107309
124,very_dense,0,1,1,0,0.5776954561604652,0.1894307434941459,0.1894307434941459,37.67974200036406,1.381031991513737,4.080812997017347,0.0,0.0,4.680620000726776,4.680620000726776
125,dense,1,1,1,0,0.8550387199368621,0.9714132535604082,0.9714132535604082,21.410057000139204,0.5279870028971345,4.367388004538952,0.0,0.0,4.146666999076842,4.146666999076842
126,sparse,1,1,1,1,0.8953871538090417,0.8852407722081279,0.8802629648600433,8.799881000413734,0.6225809947864036,3.5729209985220223,8.491358999890508,0.5145199993421556,1.0593740007607266,10.06525299999339
127,very_dense,1,0,0,0,0.8663402875939016,0.8694411705531304,0.8694411705531304,29.89355899990187,0.9887959995467099,15.242093996675976,0.0,0.0,17.780638006115623,17.780638006115623
128,dense,1,1,1,0,0.8124035154344433,0.839402486711546,0.839402486711546,21.519810000427242,0.343608999173739,2.355793999413436,0.0,0.0,2.598967999801971,2.598967999801971
129,dense,1,1,1,0,0.6202660662008812,0.649702210214906,0.649702210214906,21.036076999735087,0.1863290017354302,1.105956998799229,0.0,0.0,1.1834109982373775,1.1834109982373775
130,dense,1,0,0,0,0.875894653433973,1.1044647546655588,1.1044647546655588,22.659897999801615,0.7773200004521641,16.18916999814246,0.0,0.0,18.408278999231698,18.408278999231698
131,dense,0,1,1,0,0.3686387909319863,0.914170026113565,0.914170026113565,24.06909799992718,0.4107100030523725,5.13079299707897,0.0,0.0,5.586914993727987,5.586914993727987
132,sparse,1,1,1,0,0.8715829173211143,0.9410556371542395,0.8715829173211143,7.910794000054011,0.3998340007456136,2.496154001164541,8.31438099976367,0.4359240001576836,0.0,8.750304999921354
133,dense,1,1,1,0,0.7964519952271563,0.8178720532663087,0.8178720532663087,21.72552999945765,0.4353809963504318,2.874711999538704,0.0,0.0,2.8477869991547777,2.8477869991547777
134,very_dense,0,0,0,0,0.6098186455470481,0.9648514102347582,0.9648514102347582,30.125521000627487,0.5504350037881522,15.87483201183204,0.0,0.0,16.960417994596355,16.960417994596355
135,sparse,1,1,1,0,0.8607939248659762,0.9035697978784559,0.8607939248659762,8.090559999800462,0.447171002633695,3.0876189994160086,8.099865999611211,0.5123210003148415,0.0,8.612186999926053
136,dense,1,1,1,0,0.7843652531873265,1.0198357064809684,1.0198357064809684,21.387484000115364,0.2935409984274884,2.9856180017304723,0.0,0.0,3.295226000773255,3.295226000773255
137,sparse,1,1,1,2,0.8804568058133261,0.9407680602345533,0.8698645740373756,8.991089999653923,0.6632150016230298,3.9792459983800654,8.165871000528568,0.40845800049282843,1.8038989992419374,10.378228000263334
138,dense,1,1,1,0,0.7934559582294343,0.7586407018379545,0.7586407018379545,23.019737000140594,0.36440599978959654,2.229794999038859,0.0,0.0,2.184478000344825,2.184478000344825
139,dense,1,1,1,0,0.8405670095149962,0.9949259486186729,0.9949259486186729,23.91489499950694,0.5958779993306962,4.500103000282252,0.0,0.0,4.940800999975181,4.940800999975181
140,very_dense,1,1,1,0,0.7467455121506481,0.9616696939949712,0.9616696939949712,29.411511000034807,0.25235299744963413,2.5689429967314936,0.0,0.0,3.175213002577948,3.175213002577948
141,sparse,1,1,1,1,0.9046469856198787,0.9799976514774702,0.9193584769282187,9.19993100069405,0.7572309968963964,5.300900000293041,8.821098000225902,0.6700969988742145,1.8862949991671485,11.377489998267265
142,sparse,1,1,1,1,0.8922587842987415,1.0240729741013979,0.8884458580634202,10.029656000369869,0.9102359981625341,6.6086460083170095,9.621401999538648,0.8354320025318884,1.1568840000109049,11.613718002081441
143,dense,1,1,1,0,0.7881373604225119,0.9509515724033064,0.9509515724033064,22.053999000490876,0.5780700039395015,4.964566001035564,0.0,0.0,4.502163000324799,4.502163000324799
144,very_dense,0,0,0,0,0.6928060072636643,0.23821037783641505,0.23821037783641505,37.48979700048949,1.7893589983941638,15.765698003633588,0.0,0.0,16.79431400862086,16.79431400862086
145,very_dense,1,1,1,0,0.7949419369655298,0.944461534378625,0.944461534378625,28.768088000106218,0.4580109953167266,3.8002550008968683,0.0,0.0,3.849353995974525,3.849353995974525
146,sparse,1,1,1,0,0.8763124696541751,0.9192002544025404,0.9192002544025404,8.784155000284954,0.7251280039781705,4.567071000565193,0.0,0.0,4.779257998961839,4.779257998961839
147,sparse,1,1,1,1,0.8875509497512646,0.9541856486914042,0.9699050440565802,8.865110000442655,0.8404299996982445,5.1724200038734125,8.341147000464844,0.5808790001538,2.611410001918557,11.5334360025372
148,very_dense,1,1,1,0,0.8109774918530775,0.863042050416471,0.863042050416471,28.766053000254033,0.5592589968728134,3.869274998578476,0.0,0.0,4.128634997869085,4.128634997869085
149,sparse,1,1,1,1,0.8783952188144459,1.014782676397655,0.8790196920579085,8.672072000081243,0.5916639984206995,4.605950998666231,8.487573999445885,0.5566620029640035,0.5114189998494112,9.5556550022593
150,very_dense,1,1,1,0,0.8050369552413238,0.9301555369273304,0.9301555369273304,29.79993100052525,0.3158189992973348,2.8406480014382396,0.0,0.0,2.9543609998654574,2.9543609998654574
151,sparse,1,1,1,0,0.7297426509316711,0.7925479788426061,0.7925479788426061,7.656596999368048,0.18801600253937067,1.2888700011899346,0.0,0.0,1.2723190011456609,1.2723190011456609
152,very_dense,1,1,1,0,0.8581237303746156,1.3344970861908507,1.3344970861908507,29.56655900015903,0.7156040010158904,8.004951996554155,0.0,0.0,8.480897003209975,8.480897003209975
153,sparse,1,1,1,1,0.8845873914433835,1.0168611990225986,0.9713142162977983,8.539607999409782,0.8621249999123393,6.234702996152919,8.561582999391248,0.44159799745102646,3.621324003688642,12.624505000530917
154,dense,1,1,1,0,0.7111093321322405,0.6786574048947358,0.6786574048947358,21.28304300003947,0.27886500083695864,1.792398998986755,0.0,0.0,1.8222360013169236,1.8222360013169236
155,dense,1,1,1,0,0.8705802950266773,0.980972428425013,0.980972428425013,24.26667399959115,0.8696020013303496,7.038544999886653,0.0,0.0,6.743992000338039,6.743992000338039
156,sparse,1,1,1,1,0.833855064113935,0.8436871226628623,0.8369873541593553,8.077354000306514,0.35856100203091046,2.210093999565288,7.952375999593642,0.12386799971864093,1.5448200010723667,9.62106400038465
157,dense,1,1,1,0,0.5890649631745112,0.6868106483633263,0.6868106483633263,21.889255999667512,0.20213099924148992,1.9338499987497926,0.0,0.0,1.9155429990860284,1.9155429990860284
158,dense,1,1,1,0,0.7471222218000677,0.7732162626283945,0.7732162626283945,23.04229299988947,0.36126600207353476,2.6391500014142366,0.0,0.0,2.7687100009643473,2.7687100009643473
159,very_dense,1,1,1,0,0.7581084005157624,2.280917103231389,2.280917103231389,29.973131000588182,0.37363899900810793,9.553177996167506,0.0,0.0,9.559497994814592,9.559497994814592
160,very_dense,1,1,1,0,0.8881009252428123,1.088215007476126,1.088215007476126,30.427028000303835,1.0432140043121763,9.309097000368638,0.0,0.0,10.978901992530155,10.978901992530155
161,dense,1,1,1,0,0.8796384945046863,1.0350437704505786,1.0350437704505786,22.247642999900563,0.7175160008046078,5.525384003703948,0.0,0.0,7.044169999971928,7.044169999971928
162,dense,1,1,1,0,0.8820315760664019,0.9090728132215571,0.9090728132215571,21.317496999472496,0.5791979983769124,4.508718005126866,0.0,0.0,4.802316002496809,4.802316002496809
163,dense,1,1,1,0,0.9256216750209648,1.3455177020278626,1.3455177020278626,22.29152299969428,0.7575790004921146,15.050572003929119,0.0,0.0,17.526276011267328,17.526276011267328
164,dense,0,1,1,0,0.451863354941514,1.0061858322648654,1.0061858322648654,22.411506000025838,0.5219539998506662,7.512440995924408,0.0,0.0,7.6681900027324446,7.6681900027324446
165,very_dense,1,1,1,0,0.8416371843361965,0.9961629470216361,0.9961629470216361,28.251603999706276,0.5469700026878854,5.554660997404426,0.0,0.0,6.322444997749699,6.322444997749699
166,sparse,1,1,1,1,0.9055729587862634,0.8881422476250105,0.8989732279098479,10.916526999608323,1.01376000293385,6.605164001484809,9.411111999725108,0.8350900034201914,1.929441001266241,12.17564300441154
167,sparse,1,1,1,1,0.885240562697634,0.9789548587677247,0.885311312467968,9.173700999781431,0.9794089983188314,6.796277000830742,9.66365299973404,0.8199030007745023,1.6344420018867822,12.117998002395325
168,dense,1,1,1,0,0.8475361185141137,0.9714011743648818,0.9714011743648818,21.466662999955588,0.7194890022219624,5.775212001026375,0.0,0.0,6.818355998802872,6.818355998802872
169,sparse,1,1,1,0,0.7590857414434969,0.8013484548251423,0.7590857414434969,7.801992000167957,0.24530200062145013,1.6525730006833328,7.7566029995068675,0.2792149980450631,0.0,8.03581799755193
170,sparse,1,1,1,0,0.6625121260991064,0.8807349961041638,0.6625121260991064,7.7782799999113195,0.1820819998101797,1.663791998907982,7.723564999650989,0.20589599898812594,0.0,7.929460998639115
171,sparse,1,1,1,0,0.7409874615267592,0.73004262012217,0.7409874615267592,7.790869000018574,0.25251700299122604,1.4200210007402347,7.896388000517618,0.29174899918871233,0.0,8.18813699970633
172,very_dense,1,1,1,0,0.811123419148231,0.8427167826762682,0.8427167826762682,28.436673999749473,0.2680670013432973,2.230742998108326,0.0,0.0,2.6652909991753404,2.6652909991753404
173,very_dense,1,1,1,0,0.6022944421321066,0.8722294885462185,0.8722294885462185,28.626061000068148,0.16497800152137643,2.0820179997826926,0.0,0.0,2.204808996793872,2.204808996793872
174,very_dense,1,0,0,0,0.673512334214539,2.2735878534320615,2.2735878534320615,29.804561000673857,0.2083529989249655,17.520954001156497,0.0,0.0,16.77604700307711,16.77604700307711
175,dense,1,1,1,0,,,,20.89465500012011,0.2693390033527976,2.4358080017918837,0.0,0.0,2.5816150018727058,2.5816150018727058
176,very_dense,1,1,1,0,0.880187047525572,1.0205812889899877,1.0205812889899877,29.91006699994614,0.8743440002945135,6.985410998822772,0.0,0.0,7.493965003959602,7.493965003959602
177,sparse,1,1,1,1,0.8934141637735901,0.9398574145120407,0.9012822409957151,10.187740000219492,0.9060570037036086,5.685892998371855,9.936446000210708,0.900013001228217,1.1465599991424824,11.983019000581407
178,very_dense,1,0,0,0,0.7850067597701257,1.2331896712613615,1.2331896712613615,28.61406900046859,0.3762739997910103,16.57258699833619,0.0,0.0,17.935427989868913,17.935427989868913
179,dense,1,1,1,0,0.7943180780415146,0.9231907533031132,0.9231907533031132,21.702867999920272,0.36233600076229777,2.7573180004765163,0.0,0.0,3.163649997986795,3.163649997986795
180,very_dense,1,1,1,0,0.8780409007294055,1.0069991151688968,1.0069991151688968,30.28121999977884,1.0075139998662053,7.450942996001686,0.0,0.0,7.785441002852167,7.785441002852167
181,sparse,1,1,1,1,0.8915970604128198,0.8887986732694666,0.9006223768086434,9.208608999870194,0.7598660022267723,4.558140995868598,9.125353999479557,0.7177659963417682,1.1934089989154018,11.036528994736727
182,dense,1,0,0,0,0.8397497438389528,1.1940588045614364,1.1940588045614364,21.675343999959296,0.6375749971994082,16.321971998877416,0.0,0.0,16.77260399719671,16.77260399719671
183,very_dense,1,1,1,0,0.7622336129704566,1.005311485540084,1.005311485540084,28.59775799970521,0.27922199842578266,7.1746690018699155,0.0,0.0,3.8355009974111454,3.8355009974111454
184,dense,1,1,1,0,0.7272693276556669,0.7211885174850657,0.7211885174850657,21.411418000752747,0.2625999995871098,1.895532999697025,0.0,0.0,2.057866998256941,2.057866998256941
185,dense,1,1,1,0,0.731602751748757,0.7776105528026509,0.7776105528026509,22.099488000094425,0.2930920027210959,2.266788999804703,0.0,0.0,2.3897739993117284,2.3897739993117284
186,sparse,1,1,1,1,0.9077368150347075,0.9657867455456725,0.9784647859659035,9.248184000171022,0.7567260017822264,5.463835998853028,8.7293740007226,0.5399660003604367,2.820286005771777,12.089626006854814
187,dense,1,1,1,0,0.8988567186106966,1.2343508805566494,1.2343508805566494,23.527287999968394,0.9473830014030682,16.24603299660521,0.0,0.0,14.296313006525452,14.296313006525452
188,sparse,1,1,1,1,0.8341497928914852,0.8597286345788389,0.8228206284794378,8.723722000468115,0.5274089999147691,3.5159390017724945,8.810622999590123,0.5324830017343629,0.732874001187156,10.075980002511642
189,sparse,1,1,1,1,0.8322731211502586,0.8227408254242281,0.8150041803529363,9.144076999291428,0.6602120001844014,3.295971998340974,8.453292999547557,0.5633519976981916,0.480465999316948,9.497110996562697
190,very_dense,1,0,0,0,0.8112187385865045,1.2738188718860028,1.2738188718860028,28.37107699997432,0.3930650000256719,15.864612009863777,0.0,0.0,17.82754200303316,17.82754200303316
191,dense,1,1,1,0,0.7039790720893202,0.732713316682651,0.732713316682651,21.03835500020068,0.3232870012652711,2.4412629991275026,0.0,0.0,2.399019998847507,2.399019998847507
192,dense,1,1,1,0,0.8729262315913541,0.8470222627372148,0.8470222627372148,22.748166999917885,0.7456559951606323,4.372308998426888,0.0,0.0,4.476498999792966,4.476498999792966
193,dense,1,1,1,0,0.6566163881170438,0.6158691947939894,0.6158691947939894,21.057533000202966,0.20714400034194114,1.402196000526601,0.0,0.0,1.319022001553094,1.319022001553094
194,very_dense,1,1,1,0,0.7939611613810851,1.0228698353385448,1.0228698353385448,29.016104000220366,0.5247789986242424,5.22317100330838,0.0,0.0,5.311490008352848,5.311490008352848
195,sparse,1,1,1,1,0.8864648159797484,0.870224270700951,0.8636578874789498,9.481522999521985,0.7762029954392347,4.530130001512589,8.675752999806718,0.6480330011982005,1.610810998499801,10.93459699950472
196,dense,1,1,1,0,0.8632037583002676,0.9030087795294408,0.9030087795294408,22.43491700028244,0.7292539985428448,5.2648649989350815,0.0,0.0,5.239802005235106,5.239802005235106
197,sparse,1,1,1,1,0.8622545478511677,0.9097540298822656,0.923766381131864,9.312956999565358,0.8921690005081473,5.589567998868006,9.717709999677027,0.9081769958356745,1.8298190025234362,12.455705998036137
198,dense,1,1,1,0,0.7874606999745464,0.8358709315041842,0.8358709315041842,21.464452000145684,0.3480669993223273,2.5378570026077796,0.0,0.0,2.5680609987830394,2.5680609987830394
199,very_dense,1,1,1,0,0.8999276888411366,1.0208972478195537,1.0208972478195537,29.04996500001289,0.6096450006225496,4.789078002431779,0.0,0.0,5.3437430015037535,5.3437430015037535
200,dense,1,1,1,0,0.8960589653742091,1.017193763256996,1.017193763256996,23.318638999626273,0.9511889993518707,8.476293999592599,0.0,0.0,9.010914001919446,9.010914001919446
201,very_dense,1,1,1,0,0.5799860543658227,0.7978449807350441,0.7978449807350441,28.596914999980072,0.13341099929675693,1.5785129999130731,0.0,0.0,1.8146849979530089,1.8146849979530089
202,dense,0,1,1,0,0.612878308212241,1.0446464294622566,1.0446464294622566,24.68588500050828,0.7317720046557952,8.781564996752422,0.0,0.0,9.685913001703739,9.685913001703739
203,very_dense,1,1,1,0,0.8227081820827753,0.864949333684714,0.864949333684714,29.289144000358647,0.5327999988367083,3.856716998598131,0.0,0.0,4.133871000703948,4.133871000703948
204,dense,1,1,1,0,0.8675449057317058,0.8562155753410489,0.8562155753410489,21.74196599935385,0.6265920010264381,3.9597740014869487,0.0,0.0,4.602169000463618,4.602169000463618
205,sparse,1,1,1,1,0.9140062332177665,0.9155449211744924,0.9043475043627337,8.663237999826379,0.8582320006098598,5.469370998071099,8.165082999767037,0.7201179987532669,1.6072700018412434,10.492471000361547
206,very_dense,1,0,0,0,0.8551954047891205,0.5494946327177345,0.5494946327177345,30.068300000493764,0.9555309998177108,17.349433991512342,0.0,0.0,19.257568997090857,19.257568997090857
207,very_dense,1,1,1,0,0.8670243906223815,1.3588812234903627,1.3588812234903627,28.88048600016191,0.5513699998118682,6.656597995970515,0.0,0.0,9.207735001837136,9.207735001837136
208,sparse,1,1,1,1,0.9205354387635881,1.2600967671258818,1.254149604893351,9.508013999948162,1.3270569970700308,5.838603001393494,8.854923999933817,0.3901689997292124,4.362337000202388,13.607429999865417
209,very_dense,1,1,1,0,0.6549533346244146,0.644106060357382,0.644106060357382,29.584827000689984,0.20891899839625694,1.4321159987957799,0.0,0.0,1.5480170004593674,1.5480170004593674
210,sparse,1,1,1,1,0.8572679667064068,1.3634485416184436,1.3361694150672996,8.309826000186149,0.472849998914171,5.784851001408242,8.205527999962214,0.2531730024202261,4.089248996024253,12.547949998406693
211,very_dense,1,1,1,0,0.7882907664495336,1.3539972091550139,1.3539972091550139,30.198707999261387,0.4301779981688014,11.387477003154345,0.0,0.0,12.065410004652222,12.065410004652222
212,very_dense,1,1,1,0,0.8387730652110212,0.9169234870032186,0.9169234870032186,29.170331000386795,0.5379519998314208,5.109090000587457,0.0,0.0,7.596919000206981,7.596919000206981
213,dense,1,1,1,0,0.848682469987453,0.967964772958596,0.967964772958596,24.66415499930008,0.7324619991777581,5.737734000831551,0.0,0.0,6.233932002032816,6.233932002032816
214,very_dense,1,1,1,0,0.6695552340735234,0.7161646400629355,0.7161646400629355,29.97728599984839,0.22700199951941613,1.7909470006998163,0.0,0.0,1.7660799994700938,1.7660799994700938
215,sparse,1,1,1,0,0.5758149327007289,0.5972392449272378,0.5758149327007289,8.137109000017517,0.13709500126424246,0.8933800027079997,8.155569999871659,0.15378800253529334,0.0,8.309358002406952
216,sparse,1,1,1,0,0.8182456231810734,0.9134619398714998,0.9134619398714998,9.123208999881172,0.6888530069772969,4.723895997813088,0.0,0.0,4.816024003048369,4.816024003048369
217,sparse,1,1,1,1,0.8643607437024499,1.0623225384236732,0.9048123520170966,8.329577000040445,0.918982002986013,4.79814299796999,8.444186000815534,0.29186300253059017,3.1227230001604767,11.858772003506601
218,dense,1,1,1,0,0.8380411026305365,0.7670551781441558,0.7670551781441558,22.011183999893547,0.472581999929389,3.1423859973074286,0.0,0.0,3.129285999420972,3.129285999420972
219,very_dense,1,1,1,0,0.9008773389437543,1.1364229566008617,1.1364229566008617,29.29949999997916,0.6974980005907128,6.2985459953779355,0.0,0.0,7.059917001242866,7.059917001242866
220,sparse,1,1,1,1,0.924830313782121,0.911604858699488,0.9181298973293024,10.184469999330759,0.8997230024760938,5.4757040034019155,9.542790000523382,0.8038360010687029,1.336906997494225,11.68353299908631
221,dense,1,1,1,0,0.7844178767999017,0.7982552641630176,0.7982552641630176,21.072732999527943,0.3159099987897207,2.2419170009015943,0.0,0.0,2.349184999729914,2.349184999729914
222,very_dense,1,1,1,0,0.8742764575909838,1.08252846782913,1.08252846782913,29.704694999963976,0.9567699999024626,8.58105799943587,0.0,0.0,9.237192002728989,9.237192002728989
223,sparse,1,1,1,0,0.6973562097585466,0.7119392361423827,0.7119392361423827,8.293606999359326,0.24205299814639147,1.8244120028612087,0.0,0.0,1.6743170008339803,1.6743170008339803
224,very_dense,1,1,1,0,0.8545015615396117,1.0087126768288643,1.0087126768288643,31.306124000366253,0.8258860025307513,6.188592999933462,0.0,0.0,6.8228460067985,6.8228460067985
225,sparse,1,1,1,1,0.8709447140911284,0.8682287608185889,0.8580717660713195,9.301839999352524,0.7419979983751546,6.55054199796723,18.38888800011773,0.73954900381068,0.7052729997667484,19.83371000369516
226,very_dense,1,1,1,0,0.8249966986756171,0.9573793915097728,0.9573793915097728,29.029025000454567,0.560505002795253,4.516588999649684,0.0,0.0,5.108806998578075,5.108806998578075
227,dense,1,1,1,0,0.843100492393195,0.8981384092549566,0.8981384092549566,23.743978000311472,0.7921359929241589,5.095685998639965,0.0,0.0,5.487757998707821,5.487757998707821
228,dense,1,1,1,0,0.8250899839725028,1.1288787054201062,1.1288787054201062,22.399159999622498,0.6807740028307308,6.088955997256562,0.0,0.0,7.344189000832557,7.344189000832557
229,sparse,1,1,1,0,0.6980824411174937,0.6534665479061593,0.6980824411174937,8.16274200042244,0.216356001146778,1.3038270008109976,8.131386999593815,0.2543909977248404,0.0,8.385777997318655
230,dense,1,1,1,0,0.8506827913899533,0.8839692597152567,0.8839692597152567,24.235288000454602,0.6087520032451721,4.089406998900813,0.0,0.0,4.324965005253034,4.324965005253034
231,very_dense,1,1,1,0,0.766798683996098,0.9590183107817336,0.9590183107817336,29.1583210000681,0.35473999923851807,3.7280340020515723,0.0,0.0,3.433400001085829,3.433400001085829
232,sparse,1,1,1,0,0.7381112787996803,0.7641871837353919,0.7381112787996803,7.987756000147783,0.2940239983217907,1.9633059982879786,8.036360999540193,0.36190600258123595,0.0,8.398267002121429
233,very_dense,1,1,1,0,0.871822515138601,1.0062528877655457,1.0062528877655457,29.88063799966767,0.5393390001700027,4.5209470017653075,0.0,0.0,5.5129250013123965,5.5129250013123965
234,dense,1,1,1,0,0.8150467788746615,1.0603491627305448,1.0603491627305448,40.4728180001257,0.5425830013336963,5.233123004472873,0.0,0.0,5.452569995213707,5.452569995213707
235,very_dense,1,1,1,0,0.8593634071008482,1.011352546787339,1.011352546787339,28.67012699971383,0.8579359973737155,8.935953001127928,0.0,0.0,9.400639996783866,9.400639996783866
236,dense,1,1,1,0,0.832025118045905,0.84323478600013,0.84323478600013,21.628778999911447,0.39377499888360035,2.588004999779514,0.0,0.0,2.676009999049711,2.676009999049711
237,dense,1,0,0,0,0.8814859636264613,1.08588412742819,1.08588412742819,22.181024000019534,0.914290997570788,16.11974099159852,0.0,0.0,18.583349008622463,18.583349008622463
238,sparse,1,1,1,1,0.9103694998707416,0.874149809110828,0.9076859591875084,9.873795000203245,0.815614995190117,4.486094995627354,9.936116999597289,0.8102980018520611,0.8149050008796621,11.561320002329012
239,dense,1,1,1,0,0.8767493700608684,0.8669736707511538,0.8669736707511538,22.823509999398084,0.9902640022119158,6.007627003782545,0.0,0.0,6.778127002689871,6.778127002689871
240,sparse,1,0,0,0,0.893994572435453,0.3663205123745984,0.3663205123745984,8.812416000182566,0.6863429998702486,2.4385509987041587,0.0,0.0,2.4654639992149896,2.4654639992149896
241,dense,1,1,1,0,0.8594969161308582,0.8660020055660621,0.8660020055660621,21.728190000430914,0.667642005282687,4.375467001409561,0.0,0.0,5.306264995851961,5.306264995851961
242,sparse,1,1,1,0,0.7915486799124207,0.8686949451359764,0.8686949451359764,13.389482000093267,0.8999020010378445,6.475010001850023,0.0,0.0,3.4014350012512296,3.4014350012512296
243,dense,1,1,1,0,0.7443177440869652,0.7226736679186746,0.7226736679186746,23.910721999527595,0.7039859992801212,2.097024997965491,0.0,0.0,2.040914997451182,2.040914997451182
244,dense,1,1,1,0,0.877856956785234,0.9670774011908644,0.9670774011908644,22.516629000165267,0.8517569967807503,5.745138996644528,0.0,0.0,5.984532997899805,5.984532997899805
245,sparse,1,1,1,1,0.8415381795395701,0.8156687413285052,0.8415473485146951,8.244954000474536,0.46816200028843014,2.8284630016059964,13.915167000050133,0.5814059995827847,0.2721520004342892,14.768725000067207
246,very_dense,1,1,1,0,0.8071506915664274,0.9904094070140085,0.9904094070140085,28.03968599982909,0.3939629978049197,3.7493239951800206,0.0,0.0,3.942092002944264,3.942092002944264
247,dense,1,1,1,0,0.913927375217556,1.009478467904847,1.009478467904847,21.703589000026113,0.5659019998347503,4.411816996253037,0.0,0.0,6.349376993057376,6.349376993057376
248,very_dense,1,1,1,0,0.8767399489487356,1.0990491119904415,1.0990491119904415,30.879331000505772,1.107255000533769,14.496285992208868,0.0,0.0,10.599210005239001,10.599210005239001
249,sparse,1,1,1,1,0.8890569995641443,0.9010042798325326,0.8759458406157379,9.549603999403189,0.8094070035440382,4.809260003639793,8.737525000469759,0.6892770006743376,1.4782799989916384,10.905082000135735
250,sparse,1,1,1,4,0.933261495942844,1.0751622016051057,1.003037164353534,8.05048500023986,0.642818997221184,4.890159998467425,15.75368700105173,0.21622099939122563,4.248723002092447,20.218631002535403
251,dense,1,1,1,0,0.7422529750645359,0.759105087809167,0.759105087809167,21.531573999709508,0.2825279989338014,1.817298999412742,0.0,0.0,1.9419270029175095,1.9419270029175095
252,sparse,1,1,1,1,0.87637184939125,0.9271347344171005,0.9218391662820795,9.022006999657606,0.8120490010696813,5.097171999295824,7.765412000480865,0.024645999474159908,5.391677003899531,13.181735003854556
253,sparse,1,1,1,1,0.8573934580575481,0.8514020188959005,0.8606107717609518,8.998610000162444,0.7155239973144489,4.000788997473137,8.332608000273467,0.4759520006700768,1.7734880011630594,10.582048002106603
254,dense,1,1,1,0,,,,20.80008499979158,0.5165370002941927,4.6212729985199985,0.0,0.0,4.738090000500961,4.738090000500961
255,sparse,1,1,1,1,0.8789076285184583,0.9465393182169832,0.8923302548679368,9.440426999390183,0.849787001243385,5.00477000605315,9.466181999414403,0.9048450010595843,0.8115999999063206,11.182627000380307
256,very_dense,1,1,1,0,0.7438143872790973,1.9463412700774991,1.9463412700774991,28.32390099956683,0.3043549995709327,5.773283003691176,0.0,0.0,6.177839001793473,6.177839001793473
257,sparse,1,1,1,1,0.7903945530473824,0.7866666603977897,0.794611561010255,8.10233500033064,0.3666950033220928,2.1326799969756394,8.105699999759963,0.3536990006978158,0.6290359997365158,9.088435000194295
258,sparse,1,1,1,0,0.8318587802193723,0.8605477859093212,0.8318587802193723,8.056827000473277,0.4407240003274637,2.62753600236465,8.013237999875855,0.49812799989013,0.0,8.511365999765985
259,dense,1,1,1,0,0.8986831906454759,1.0245572021963252,1.0245572021963252,22.240156999941973,0.9124320022237953,7.062238997605164,0.0,0.0,9.770422001565748,9.770422001565748
260,very_dense,1,0,0,0,0.8754596231673074,0.8315619813333536,0.8315619813333536,32.882118999623344,1.128686995798489,18.800323005052633,0.0,0.0,19.44993899178371,19.44993899178371
261,sparse,1,1,1,1,0.7818726974774698,0.7797986247199572,0.7838159379136868,8.201292000194371,0.35803599712380674,2.176645000872668,8.171307000338857,0.33777299995563226,0.6768630009901244,9.185943001284613
262,sparse,1,1,1,1,0.848884497585383,1.0578705176346526,0.9184144877293409,9.303954000642989,0.7013600043137558,5.121613006849657,9.28230700083077,0.5583369957093964,1.8316810001124395,11.672324996652605
263,very_dense,0,0,0,0,0.19239892351379997,0.21769006969660726,0.21769006969660726,33.77350400023715,0.5316869983289507,16.00352999048482,0.0,0.0,17.808952998166205,17.808952998166205
264,very_dense,1,1,1,0,,,,26.881671999944956,0.33027999870682834,3.7638240009982837,0.0,0.0,4.002501998002117,4.002501998002117
265,dense,1,1,1,0,0.7024342585427974,0.8015040443394464,0.8015040443394464,21.155078000447247,0.2091389997076476,1.5142700030992273,0.0,0.0,1.5550370007986203,1.5550370007986203
266,dense,0,1,1,0,,,,20.628964000025007,0.08407299992541084,8.199822001188295,0.0,0.0,8.768027004407486,8.768027004407486
267,dense,1,0,0,0,0.8950449091567549,1.163516641984116,1.163516641984116,21.29778200014698,0.6528459934997954,7.213576000140165,0.0,0.0,7.933628994578612,7.933628994578612
268,dense,1,1,1,0,0.6898308667235387,0.7446939720088837,0.7446939720088837,21.207416999459383,0.26018999778898433,1.8081120006172569,0.0,0.0,1.8491729988454608,1.8491729988454608
269,dense,1,1,1,0,0.9253740375822876,0.9799400927823149,0.9799400927823149,21.74620200003119,0.9042980027516023,7.023615997240995,0.0,0.0,10.668193997844355,10.668193997844355
270,sparse,1,1,1,0,0.8325448462877847,0.8786518797254738,0.8325448462877847,8.2681899993986,0.5223069993007812,3.327484998408181,7.929821000288939,0.5224369997449685,0.0,8.452258000033908
271,sparse,1,1,1,1,0.9065412674034202,0.9372944903034761,0.9019342811368201,9.741774000758596,0.8740240009501576,5.287851002321986,9.465377999731572,0.8095049988696701,1.1799859994425788,11.454868998043821
272,sparse,1,1,1,0,,,,7.455105999724765,0.4851519988733344,3.9375079995807027,11.00940900050773,0.8653820004838053,0.0,11.874791000991536
273,very_dense,0,1,1,0,,,,29.093407999425835,0.1599890001671156,5.697380001947749,0.0,0.0,6.846708003649837,6.846708003649837
274,dense,1,1,1,0,0.8406557726008553,0.8438041026038785,0.8438041026038785,22.076758999901358,0.4698880011346773,2.4448230024063378,0.0,0.0,2.451815999847895,2.451815999847895
275,dense,1,1,1,0,0.8610913065217862,0.8814021455580642,0.8814021455580642,22.033805000319262,0.6652870006291778,4.458391010302876,0.0,0.0,5.0731099991025985,5.0731099991025985
276,dense,1,1,1,0,,,,26.14759799962485,0.7368840006165556,3.9524049980173004,0.0,0.0,4.430569999385625,4.430569999385625
277,very_dense,0,0,0,0,0.22124863504547213,0.5271475995548561,0.5271475995548561,35.48029600005975,0.559028000679973,18.03395999377244,0.0,0.0,23.08697500575363,23.08697500575363
278,sparse,1,1,1,0,0.7738235304395544,0.7693900492249693,0.7738235304395544,8.762125999965065,0.30628899821749656,2.2881859986227937,8.576330999858328,0.3568109978004941,0.0,8.933141997658822
279,sparse,1,1,1,1,0.9051503879514887,1.1553932630417596,0.9572669359551805,18.282046999956947,0.7799919985700399,8.151798998369486,9.659620000093128,0.5721249981434084,2.087930998641241,12.319675996877777
280,sparse,1,1,1,1,0.8536801016755813,0.813172131495697,0.8176030532598898,8.856637999997474,0.5398390039772494,2.771582003333606,8.618923999165418,0.32014300177252153,1.324714000475069,10.263781001413008
281,dense,1,1,1,0,0.7077158965093354,0.7515594403345643,0.7515594403345643,21.770172999822535,0.2849430002243025,2.2174129999257275,0.0,0.0,2.1414549983092,2.1414549983092
282,very_dense,1,1,1,0,0.8944975153422,0.9195860556315288,0.9195860556315288,28.803654000512324,0.7236650035338243,4.980866997357225,0.0,0.0,5.284915004267532,5.284915004267532
283,dense,1,1,1,0,0.6172777290000256,1.001225358340327,1.001225358340327,20.81257099962386,0.19652799983305158,2.173562998905254,0.0,0.0,2.1539040017160005,2.1539040017160005
284,dense,1,1,1,0,0.6849784188512491,0.7422649716659487,0.7422649716659487,20.34866299982241,0.24043299981713062,1.7755980024958262,0.0,0.0,2.4184239982787403,2.4184239982787403
285,very_dense,1,1,1,0,0.8634514289287887,1.270381715808101,1.270381715808101,27.887096999620553,0.8123970019369153,10.967100000925711,0.0,0.0,10.304190002898395,10.304190002898395
286,sparse,1,1,1,1,0.7164061856743691,0.719840410412436,0.7355699290222947,7.998252999641409,0.3263990020059282,1.8574629984868807,8.00582299962116,0.29775500024697976,0.4153399995630025,8.718917999431142
287,dense,1,1,1,0,0.9051888922640197,1.0654636856808073,1.0654636856808073,21.53198500036524,0.9427120030522929,7.619973997861962,0.0,0.0,8.029970999814395,8.029970999814395
288,dense,1,1,1,0,0.7549242357296979,0.7902061150737935,0.7902061150737935,21.137349999662547,0.39635000121052144,2.6818049991561566,0.0,0.0,2.710465002564888,2.710465002564888
289,dense,1,1,1,0,0.763124585925445,0.8456297825665,0.8456297825665,21.305422999830625,0.40473400167684304,3.1029809988467605,0.0,0.0,3.1427960038854508,3.1427960038854508
290,very_dense,1,1,1,0,0.8485555688874139,0.9918041186229236,0.9918041186229236,28.839040999628196,0.6698130018776283,5.0976170005014865,0.0,0.0,5.27049199808971,5.27049199808971
291,sparse,1,1,1,1,0.7920281157149887,0.7899297180330498,0.8055608262189068,8.378415999686695,0.3362340012245113,1.9918220014005783,7.712134000030346,0.09997699908126378,1.5674060005039792,9.37951699961559
292,very_dense,0,1,1,0,0.1284136602158413,0.4913771125586249,0.4913771125586249,32.57091199975548,0.30859499656799017,8.146571995894192,0.0,0.0,8.720109000933007,8.720109000933007
293,sparse,1,1,1,2,0.9123263362324686,1.0239443207258858,0.950652077303067,7.957628000440309,0.7951259985929937,5.507155005034292,8.082675999503408,1.0738339997260482,2.80525000198395,11.961760001213406
294,dense,1,1,1,0,0.8441545955026158,0.8709162495965943,0.8709162495965943,22.80654100013635,0.703999000506883,4.522792999523517,0.0,0.0,5.142592997799511,5.142592997799511
295,dense,1,1,1,0,0.7411722175322922,0.737165970639807,0.737165970639807,20.925826999700803,0.24046199996519135,1.5312089990402455,0.0,0.0,1.7750420001902967,1.7750420001902967
296,very_dense,0,0,0,0,0.06075115107383506,0.2434239704610839,0.2434239704610839,32.98751800048194,0.22713000180374365,16.899153996746463,0.0,0.0,17.42528899831086,17.42528899831086
297,dense,1,1,1,0,0.8756110762007762,0.9746096977451836,0.9746096977451836,22.88343799955328,0.8997100003398373,7.66791299884062,0.0,0.0,8.829639002215117,8.829639002215117
298,sparse,1,1,1,0,0.7852854778457815,1.1562316482565467,0.7852854778457815,9.077716999854601,0.49455300177214667,5.0137199996243,9.41854400025477,0.5380109978432301,0.0,9.956554998098
299,sparse,1,1,1,0,0.8889397745558354,0.8496562515725374,0.8889397745558354,10.005667999394063,0.8152729997163988,4.9215059998459765,9.841131000030146,0.9448800037716865,0.0,10.786011003801832
300,dense,1,1,1,0,0.8977087833682414,0.883329104870868,0.883329104870868,23.75105099963548,0.7953299982546014,5.080981995888578,0.0,0.0,4.347524000877456,4.347524000877456
301,very_dense,0,1,1,0,,,,28.84955199988326,0.1995899992834893,4.26964099824545,0.0,0.0,4.656855998291576,4.656855998291576
302,sparse,1,1,1,0,0.8046946574148139,0.9326400763303463,0.9326400763303463,7.82749599966337,0.35887499689124525,2.555663001658104,0.0,0.0,2.591333000054874,2.591333000054874
303,very_dense,1,1,1,0,0.8329843663482631,0.8958087109445949,0.8958087109445949,28.566154999680293,0.4915189956591348,3.513304000989592,0.0,0.0,3.7642769975718693,3.7642769975718693
304,dense,1,1,1,0,0.7224791455580832,0.6755753617653506,0.6755753617653506,20.889849000013783,0.22914599867362995,1.5777509997860761,0.0,0.0,1.4804079992245534,1.4804079992245534
305,sparse,1,1,1,0,0.8196276868272528,0.8424102877003122,0.8424102877003122,8.191421999981685,0.4134499995416263,2.4606629986010375,0.0,0.0,2.57787600003212,2.57787600003212
306,sparse,0,1,1,3,,,,7.5188910004726495,0.12193600014143158,2.407382997262175,14.477932999398035,0.22540199915965786,1.66819499918347,16.371529997741163
307,dense,0,1,1,0,,,,21.578629999567056,0.13517000024876324,3.931784999622323,0.0,0.0,4.085844000655925,4.085844000655925
308,sparse,1,1,1,0,0.8873632642217206,0.8771350844587746,0.8873632642217206,8.274753000478086,0.6425379970096401,4.012476001662435,8.26570899971557,0.710781998350285,0.0,8.976490998065856
309,sparse,1,1,1,1,0.9229422748965338,0.9598441503802011,0.9426830547116825,8.61481499941874,0.8849460064084269,5.743884000366961,8.478586999444815,0.7971109935169807,1.6493669982082793,10.925064991170075
310,dense,1,1,1,0,0.9095586112222872,1.0556283706644465,1.0556283706644465,21.598995000204013,0.7586280016766977,5.776597999101796,0.0,0.0,6.053396994502691,6.053396994502691
311,very_dense,1,1,1,0,0.7774549036256044,0.8746005646211261,0.8746005646211261,29.259016000651172,0.46102599935693434,3.6802819986405666,0.0,0.0,5.26830200033146,5.26830200033146
312,sparse,1,1,1,0,0.9149659336261127,0.8952932139939589,0.8952932139939589,7.832285000404227,0.574806999793509,3.4526070030551637,0.0,0.0,7.571417002509406,7.571417002509406
313,sparse,1,1,1,1,0.9090614913283293,0.9057680390849526,0.9238710238624407,10.380058999544417,0.9465669963901746,5.539170001611637,9.981969000364188,0.8812850010144757,1.4308759973573615,12.294129998736025
314,sparse,1,1,1,0,0.5453807466794955,0.546422660831057,0.546422660831057,7.695844999943802,0.10993700016115326,0.8214850004151231,0.0,0.0,0.6501749994640704,0.6501749994640704
315,dense,1,1,1,0,0.8203000861518579,0.8653595182338281,0.8653595182338281,21.268450999741617,0.3312050002932665,2.388178998444346,0.0,0.0,2.210312001807324,2.210312001807324
316,very_dense,0,0,0,0,0.18876235426756488,0.5859430996377798,0.5859430996377798,30.02884499983338,0.3666200000225217,19.53550800044468,0.0,0.0,21.195669000917405,21.195669000917405
317,very_dense,1,0,0,0,0.684810282578648,1.5701989013618662,1.5701989013618662,28.158484999948996,0.2829099976224825,16.889420008737943,0.0,0.0,19.16526500008331,19.16526500008331
318,very_dense,1,1,1,0,0.8194097574623125,0.8854858566689343,0.8854858566689343,29.92170899960911,0.7267449973369366,5.280008000227099,0.0,0.0,6.074122995414655,6.074122995414655
319,very_dense,1,1,1,0,,,,28.308465000009164,0.261329996646964,3.167662002852012,0.0,0.0,3.8804300002084346,3.8804300002084346
320,sparse,1,1,1,1,0.8335048103161291,0.8408285795799842,0.8281928942233867,8.84876300005999,0.5048120001447387,3.0629540015070233,8.731221000743972,0.3770159983105259,1.1308870007269434,10.239123999781441
321,sparse,1,1,1,0,0.8600463436961243,0.8844051367228678,0.8600463436961243,8.741068999370327,0.5964900010440033,3.6663359996964573,8.58817900007125,0.6392739987859386,0.0,9.227452998857189
322,dense,1,1,1,0,0.6274884820041047,0.6624764479006257,0.6624764479006257,21.816807000504923,0.16083900027297204,1.405650998094643,0.0,0.0,1.3716170005864115,1.3716170005864115
323,very_dense,0,0,0,0,0.6869239978303178,0.40108077975340695,0.40108077975340695,38.7896610000098,1.4166829960231553,16.755967994868115,0.0,0.0,17.51554100155772,17.51554100155772
324,very_dense,0,0,0,0,,,,28.265251999982866,0.1486430010118056,6.160916997941968,0.0,0.0,6.756116004908108,6.756116004908108
325,sparse,1,1,1,1,0.8907370634468968,0.9175588683709487,0.9097803995704057,8.553181999559456,0.762418999329384,4.971041998032888,8.560383000258298,0.6345640003928565,1.8884939991039573,11.083440999755112
326,sparse,1,1,1,0,0.7047975703413871,0.7750042228800834,0.7750042228800834,8.220743000492803,0.27402500199968927,1.8783820005410234,0.0,0.0,1.69596900104807,1.69596900104807
327,sparse,1,1,1,1,0.9158305302344597,0.9151752643460327,0.9136736945215536,8.439403000011225,0.8799639972494333,5.321197996636329,8.004643000276701,0.8947460019044229,0.7403670015264652,9.63975600370759
328,sparse,1,1,1,2,0.9117263143845832,1.0082212609227224,0.9371285520384203,9.560908000821655,0.997443002233922,6.740404998708982,8.239062000029662,0.4621580010280013,4.160285000580188,12.861505001637852
329,dense,1,1,1,0,0.8845210382237491,0.9607658382567976,0.9607658382567976,22.26876100030495,0.7994379975571064,5.818607000037446,0.0,0.0,6.7748820010820054,6.7748820010820054
330,dense,1,1,1,0,0.9015748911152024,0.9873183020914981,0.9873183020914981,22.826568999334995,0.9776760007298435,8.923166997192311,0.0,0.0,9.39768399894092,9.39768399894092
331,dense,1,1,1,0,0.8547451804281465,0.8937978150022277,0.8937978150022277,23.17422699979943,0.7433120026689721,4.951822002112749,0.0,0.0,5.200006001359725,5.200006001359725
332,sparse,1,1,1,0,0.8451521007070074,0.9278203275169408,0.9278203275169408,8.561062000808306,0.6224020007721265,4.002101995865814,0.0,0.0,4.165703004218813,4.165703004218813
333,very_dense,1,0,0,0,0.9006333636320292,1.519264579502759,1.519264579502759,28.636746000302082,0.5706569945687079,17.021789997670567,0.0,0.0,20.26959499471559,20.26959499471559
334,dense,1,1,1,0,0.8658557587872813,0.9442872190923894,0.9442872190923894,21.746419000010064,0.5995210012770258,4.819834995032579,0.0,0.0,5.086151999421418,5.086151999421418
335,very_dense,1,1,1,0,0.6973735503100055,0.6904527454283841,0.6904527454283841,28.445836000173585,0.19103000067843823,1.4385229997060378,0.0,0.0,1.3258620001579402,1.3258620001579402
336,very_dense,1,1,1,0,0.8530473760020569,1.0721533021078737,1.0721533021078737,28.77463599998009,0.5535079999390291,5.761133998021251,0.0,0.0,6.118728001638374,6.118728001638374
337,sparse,1,1,1,0,0.8083747114503197,0.8002847192760101,0.8083747114503197,8.735974000046554,0.5046180031058611,2.884070999243704,8.687323999765795,0.5969940020804643,0.0,9.284318001846259
338,sparse,1,1,1,0,0.9411776481775064,0.9935322712311153,0.9411776481775064,8.73962500008929,0.7717620001130854,5.135480005264981,8.713600999726623,0.871237999490404,0.0,9.584838999217027
339,very_dense,1,1,1,0,0.8391445394600336,1.1232006148658136,1.1232006148658136,29.073317000438692,0.7385209964922979,6.734403003065381,0.0,0.0,7.238974999381753,7.238974999381753
340,dense,1,1,1,0,0.869406550651647,0.8704498612387014,0.8704498612387014,22.750279999854683,0.6322419994830852,4.289318999326497,0.0,0.0,4.292999999051972,4.292999999051972
341,sparse,1,1,1,0,0.7953213344812275,0.8976524421110293,0.8976524421110293,8.397594000598474,0.4644030004783417,3.2653209991622134,0.0,0.0,3.377962999365991,3.377962999365991
342,dense,1,1,1,0,0.8923765134786338,1.0516294399567518,1.0516294399567518,22.131723000711645,0.748886001019855,9.371231000841362,0.0,0.0,6.10437700379407,6.10437700379407
343,dense,1,1,1,0,0.8300089869995017,0.9137665008094308,0.9137665008094308,20.694714999990538,0.3740899992408231,2.879482996831939,0.0,0.0,3.0235839976739953,3.0235839976739953
344,very_dense,1,1,1,0,,,,42.979233000551176,0.33236500075872755,3.0906099982530577,0.0,0.0,3.2246140035567805,3.2246140035567805
345,sparse,1,1,1,0,0.6815068712676841,0.6856652124376487,0.6856652124376487,7.769244999508373,0.1943869974638801,1.3335760004338226,0.0,0.0,1.2345850018391502,1.2345850018391502
346,very_dense,1,1,1,0,0.8146328628312665,0.9100177459326094,0.9100177459326094,28.221450000273762,0.4277669977454934,2.9571289969680947,0.0,0.0,3.8960439978836803,3.8960439978836803
347,very_dense,1,0,0,0,0.7810692302177749,1.1223772661508407,1.1223772661508407,28.336899999885645,0.4053230004501529,16.77727499827597,0.0,0.0,18.641669988028298,18.641669988028298
348,sparse,1,1,1,2,0.9190109018963492,0.8647980162169102,0.9101405058875683,9.244722999937949,0.8410970003751572,10.571512999376864,9.074967000742618,0.7728110003881739,1.8734540026343893,11.72123200376518
349,sparse,1,1,1,1,0.9117834506118924,0.9256685679554804,0.9332119779970761,8.191749000616255,1.241485998434655,3.930936998585821,8.168186999682803,0.3563109994502156,2.3652139998375787,10.889711998970597
350,dense,1,0,0,0,0.8729809974977998,0.9751458240786522,0.9751458240786522,21.787249999761116,0.910818003831082,25.813759001721337,0.0,0.0,17.315160007456143,17.315160007456143
351,sparse,1,1,1,0,0.7798100210442054,0.7321295994303114,0.7798100210442054,7.948459000544972,0.311539000904304,3.6157730010017985,10.299573999873246,0.44943699867872056,0.0,10.749010998551967
352,sparse,1,1,1,1,0.881923081676056,0.9401058543455149,0.8843099056816642,8.864198000082979,0.7075869998516282,4.421945998728916,8.347272000719386,0.5965799991827225,1.2207219988340512,10.16457399873616
353,dense,1,1,1,0,0.8210817254840497,0.7889717812373455,0.7889717812373455,21.45140100037679,0.4640700017262134,2.7689540020219283,0.0,0.0,2.761399999144487,2.761399999144487
354,very_dense,1,1,1,0,0.8762601407377352,0.973027337154792,0.973027337154792,28.573380999660003,0.5275570010780939,7.72774699726142,0.0,0.0,5.1098950007144595,5.1098950007144595
355,very_dense,1,0,0,0,0.8523229562778091,0.6072054342687326,0.6072054342687326,31.731988000501588,0.9294729961766279,16.604203004135343,0.0,0.0,15.849699999307632,15.849699999307632
356,sparse,1,1,1,1,0.8062305356589985,0.7520165624602081,0.7718629712278318,7.4077050003324985,0.24247800138255116,1.6215320010815049,7.660053000108746,0.1160909996542614,1.0642159986673505,8.840359998430358
357,very_dense,0,0,0,0,0.6367242614943487,0.3411456246965809,0.3411456246965809,45.90966700015997,1.587298003869364,15.211716000521847,0.0,0.0,16.908124991459772,16.908124991459772
358,sparse,1,1,1,1,0.8326139585186321,0.8224312113370451,0.8231952224187767,8.243889000368654,0.5427110027085291,2.9990389975864673,8.215668000048026,0.43202800043218303,0.9516969994365354,9.599392999916745
359,very_dense,1,1,1,0,0.8548560340753241,1.1034082397798506,1.1034082397798506,30.30566799952794,0.7075779967635754,7.100365005499043,0.0,0.0,6.735076005497831,6.735076005497831
360,very_dense,1,0,0,0,0.8728437754428016,1.489361342620532,1.489361342620532,28.313843000432826,0.9783969990166952,16.35933799389022,0.0,0.0,17.343037011414708,17.343037011414708
361,very_dense,0,0,0,0,,,,26.74072799982241,0.12216699997225078,15.373927002656274,0.0,0.0,18.16700099971058,18.16700099971058
362,sparse,1,1,1,1,0.8476252841613677,1.1403497184810203,1.144739691943222,8.291162000205077,0.7018959995548357,6.004221994771797,7.966893000229902,0.2666389991645701,4.574909998154908,12.80844199754938
363,very_dense,1,1,1,0,0.8704528614012744,0.9651059631421625,0.9651059631421625,36.72612999980629,1.1082820010415162,5.35994899837533,0.0,0.0,10.381061998486985,10.381061998486985
364,sparse,1,1,1,1,0.8838249150283896,0.8767492991243607,0.8442613454071485,9.15061500018055,0.6427520011129673,3.870320999340038,7.908231999863347,0.3179079985784483,2.149148000171408,10.375287998613203
365,dense,1,1,1,0,0.7074556661976712,0.7142923514048265,0.7142923514048265,21.147472999473393,0.16675400001986418,2.9626019995703246,0.0,0.0,1.4618189989050734,1.4618189989050734
366,dense,1,1,1,0,,,,21.69958000013139,0.3358469984959811,2.8875750012957724,0.0,0.0,2.931460996478563,2.931460996478563
367,sparse,1,1,1,1,0.9217868192592307,0.9684181631373718,0.9500548468980231,8.382506000089052,0.9815010025704396,5.426361997706408,8.522262000042247,0.793047002844105,1.3681199998245575,10.68342900271091
368,sparse,1,1,1,0,0.6937852598726746,0.7374497028067706,0.7374497028067706,7.589274000565638,0.18615499902807642,1.2491630004660692,0.0,0.0,1.1275320011918666,1.1275320011918666
369,very_dense,1,1,1,0,0.814209252698677,1.2647563476042412,1.2647563476042412,28.116150000641937,0.35203899733460275,4.132492002099752,0.0,0.0,4.579299000397441,4.579299000397441
370,dense,1,1,1,0,0.863430087116522,0.8984906709063413,0.8984906709063413,21.602654999696824,0.5553869968935032,3.795096999965608,0.0,0.0,4.024626005048049,4.024626005048049
371,dense,1,1,1,0,0.8771452221453964,0.9953959314020273,0.9953959314020273,21.988043999954243,0.6126010021034745,4.910470998765959,0.0,0.0,5.0538930045149755,5.0538930045149755
372,dense,1,1,1,0,0.8681762156787813,0.8645187090537787,0.8645187090537787,21.24014399942098,0.5552670036195195,3.3497249969514087,0.0,0.0,3.3206680009243428,3.3206680009243428
373,dense,1,1,1,0,0.879724868103933,1.3144199633746545,1.3144199633746545,25.77767699949618,0.9623560054023983,18.59509099904244,0.0,0.0,19.243528001425148,19.243528001425148
374,very_dense,1,1,1,0,0.9169254342258674,1.0224810573111667,1.0224810573111667,27.851435000229685,0.7984349995240336,7.073952004247985,0.0,0.0,6.694922002679959,6.694922002679959
375,sparse,1,0,0,0,0.8912690665839023,0.9236195959205642,0.9236195959205642,8.574835999752395,0.762487998144934,6.493528001556115,0.0,0.0,6.679758002974268,6.679758002974268
376,very_dense,0,0,0,0,0.6992450159081823,0.4887330140378376,0.4887330140378376,32.08341499976086,0.9696240022094571,15.996067010746629,0.0,0.0,18.38463600324758,18.38463600324758
377,very_dense,0,1,1,0,,,,27.981987000202935,0.1784350006346358,6.9591339997714385,0.0,0.0,7.353149997470609,7.353149997470609
378,dense,1,1,1,0,,,,20.61904099991807,0.3150059992549359,2.9438349965857924,0.0,0.0,3.0273939973994857,3.0273939973994857
379,sparse,1,1,1,2,0.8710181241542527,1.0018241981752143,0.8825321294719094,11.564864999854763,0.8347089960807352,5.87505799921928,8.088272999884794,0.3220789994884399,4.125567998016777,12.53591999739001
380,sparse,1,1,1,2,0.9287129561165314,1.00515122432956,0.9343860094332025,8.44482800039259,0.8314690012412029,8.116568999867013,8.337039000252844,0.7041739954729564,1.9646039991130237,11.005816994838824
381,very_dense,1,1,1,0,0.6902643846248546,0.6782981659704449,0.6782981659704449,28.346207000140566,0.21451499833347043,1.5508800006500678,0.0,0.0,1.6649079998387606,1.6649079998387606
382,very_dense,1,1,1,0,0.8335725905211366,0.9438342668317468,0.9438342668317468,29.099872000188043,0.5524490006791893,4.5187160021669115,0.0,0.0,4.30228700133739,4.30228700133739
383,sparse,1,1,1,0,0.7368640290583282,0.7230339167295395,0.7368640290583282,8.237372999246872,0.32725499931984814,2.023973996983841,8.154168999681133,0.3774150000026566,0.0,8.53158399968379
384,sparse,1,1,1,0,0.7433291094743653,0.727293109493226,0.7433291094743653,7.948155999656592,0.2727760002017021,1.689320999503252,7.873806000134209,0.3060279987039394,0.0,8.179833998838149
385,sparse,1,1,1,1,0.886555018285405,0.9516870146189822,0.8784956484088278,9.338279000076,0.7767439992676373,5.051791003097605,9.29960299981758,0.7841950045985868,0.9154770013992675,10.999275005815434
386,sparse,1,1,1,0,0.8612707250163557,1.1515049061618607,0.8612707250163557,8.439685999292124,0.5976579950583982,4.993276005734515,8.38409199968737,0.6935999990673736,0.0,9.077691998754744
387,very_dense,1,1,1,0,0.7975973829564733,1.0449660859099443,1.0449660859099443,30.09748899967235,0.5122730008224607,5.259704998024972,0.0,0.0,5.614413000330387,5.614413000330387
388,very_dense,1,1,1,0,0.819679279128611,0.847427822460698,0.847427822460698,28.510146999906283,0.5238080029812409,3.4521349998613005,0.0,0.0,4.181050997431157,4.181050997431157
389,sparse,1,1,1,0,0.623616354804113,0.6474360828989567,0.623616354804113,7.938111999465036,0.17993200071941828,1.2184370016257162,7.624752999618067,0.19002700082637602,0.0,7.814780000444443
390,very_dense,1,0,0,0,0.8375702737732821,1.0811518579628145,1.0811518579628145,29.728539999268833,0.6845169991720468,16.358557996682066,0.0,0.0,17.588134001016442,17.588134001016442
391,sparse,1,1,1,1,0.8744733722667666,1.0197179139081005,0.8757482350055281,8.726533000299241,0.6693469986203127,4.97377499959839,8.08663199950388,0.532278996615787,1.4370069984579459,10.055917994577612
392,dense,1,1,1,0,0.8207049867119756,0.8270926471545861,0.8270926471545861,21.20911400015757,0.4630820003512781,3.2496509975317167,0.0,0.0,3.2641120023981784,3.2641120023981784
393,dense,1,1,1,0,0.8206223668595234,1.102421125941708,1.102421125941708,21.05295000001206,0.49355000101058977,8.828947003166832,0.0,0.0,10.225272000752739,10.225272000752739
394,very_dense,0,0,0,0,0.5958079853748603,0.32175271148722506,0.32175271148722506,42.076260999238,1.973489003830764,23.834808999708912,0.0,0.0,17.34099100031017,17.34099100031017
395,very_dense,1,1,1,0,0.8078241034771727,0.9583331375865162,0.9583331375865162,28.792152000278293,0.574673000301118,4.68352800271532,0.0,0.0,5.044348998126225,5.044348998126225
396,sparse,1,1,1,1,0.8676133323717296,1.1003479397499591,0.9444703754560984,9.742114000800939,0.876645997777814,6.5242070086242165,9.316493999904196,0.4309979967729305,4.032457002722367,13.779948999399494
397,sparse,1,1,1,1,0.8503637549023674,0.9350112551492246,0.8555258765230193,7.711438999649545,0.41951900038839085,2.9285409964359133,7.827386999451846,0.4088519999640994,0.6388089996107738,8.87504799902672
398,sparse,1,1,1,0,0.8725415665847442,0.9779642133300686,0.9779642133300686,8.565689999159076,0.7660419996682322,4.845454999667709,0.0,0.0,4.896984000879456,4.896984000879456
399,sparse,1,1,1,1,0.7789111953155977,0.7859343639230465,0.8321795126502542,7.883303000198794,0.31489999855693895,1.7439240000385325,7.696151999880385,0.22926700057723792,1.1427510016801534,9.068170002137776
400,very_dense,0,1,1,0,,,,28.499990999989677,0.17210299938597018,11.847927989947493,0.0,0.0,16.11527399472834,16.11527399472834
401,very_dense,0,1,1,0,,,,29.37222800028394,0.17922200277098455,4.926077001982776,0.0,0.0,4.817912994440121,4.817912994440121
402,sparse,1,1,1,1,0.9005051697231202,0.8498842640664243,0.8935062319636461,9.807341999476193,0.7461400000465801,4.384984001262637,9.200182999848039,0.6443170004786225,1.6450610000902088,11.48956100041687
403,very_dense,0,1,1,0,,,,29.162349999751314,0.13249299991002772,8.750226004849537,0.0,0.0,9.41515399972559,9.41515399972559
404,dense,1,1,1,0,0.6455552173695251,0.6567428983920146,0.6567428983920146,21.690314999432303,0.17033800031640567,1.2463390003176755,0.0,0.0,1.2342500003796886,1.2342500003796886
405,dense,1,1,1,0,0.7460433926571629,0.8940512531305259,0.8940512531305259,22.456486999544722,0.3447139970376156,5.987462001030508,0.0,0.0,3.8293699981295504,3.8293699981295504
406,dense,1,1,1,0,0.8881209612720544,0.9083504847354361,0.9083504847354361,24.14937999947142,0.5091240009278408,3.530743998453545,0.0,0.0,4.0305859974978375,4.0305859974978375
407,sparse,1,1,1,1,0.8736843913617488,0.8494570720187584,0.8635826227028134,10.40551799997047,0.8655359952172148,8.38752899744577,10.57896900056221,0.9308550015703076,1.4254939997044858,12.935318001837004
408,very_dense,1,1,1,0,0.8766683318353018,1.0615320753096946,1.0615320753096946,31.860394999966957,0.8451799976683105,7.425370998134895,0.0,0.0,8.225327002037375,8.225327002037375
409,sparse,1,1,1,0,0.8455335805303567,0.7839624711207139,0.8455335805303567,8.767571000134922,0.5703279994122568,3.0083360034041107,8.73043800038431,0.6492480033557513,0.0,9.379686003740062
410,sparse,1,1,1,1,0.9072184927546125,0.9730732175030138,0.9070988382610173,8.95624399981898,0.796998999248899,5.089758000394795,8.941846999732661,0.7842530030757189,0.7963389998622006,10.52243900267058
411,sparse,1,1,1,0,0.7077360435414323,0.5882967493723738,0.5882967493723738,7.728401999884227,0.18443400040268898,1.2023130011584726,0.0,0.0,1.0242539983664756,1.0242539983664756
412,sparse,1,1,1,2,0.6965573428191925,0.8603775287300718,0.7589348659265773,7.791820999955235,0.2850029986802838,2.0376389993543853,7.898351000221737,0.1757890004228102,1.2163820001660497,9.290522000810597
413,sparse,1,1,1,0,0.7653088629854884,0.7843914486544044,0.7843914486544044,8.049654999922495,0.3575469972929568,2.1858180025446927,0.0,0.0,2.114520000759512,2.114520000759512
414,sparse,1,1,1,0,0.7763673631174075,0.7472925334175989,0.7763673631174075,8.27274600032979,0.3909939960067277,2.2282539985098992,8.27759900039382,0.4631849988072645,0.0,8.740783999201085
415,very_dense,1,1,1,0,0.7445391859074649,0.7589924376125066,0.7589924376125066,28.221835999829636,0.25280900172219845,2.024250999056676,0.0,0.0,2.0594779998646118,2.0594779998646118
416,very_dense,0,0,0,0,0.6865287644892154,0.21648417311678458,0.21648417311678458,36.98625099968922,1.6998100036289543,18.17159699385229,0.0,0.0,18.121953993613715,18.121953993613715
417,sparse,1,1,1,1,0.853076554034691,0.8728582926120636,0.8527296788616503,8.108275000267895,0.5657860010614968,3.542667996043747,8.101503999569104,0.6487159998869174,0.27748899992730003,9.027708999383321
418,sparse,1,1,1,0,0.7658261351066309,0.7443996781863111,0.7443996781863111,7.845904999157938,0.26356599846621975,1.815155997974216,0.0,0.0,1.7183050013045431,1.7183050013045431
419,dense,1,1,1,0,0.7433598588281962,0.6982269164911096,0.6982269164911096,23.606469999322144,0.24572000165790087,1.6927710003074026,0.0,0.0,1.5745249984320253,1.5745249984320253
420,very_dense,1,1,1,0,0.7622110710747566,0.8244559776373747,0.8244559776373747,29.56877499946131,0.7255239997903118,2.5142510021396447,0.0,0.0,2.599215002192068,2.599215002192068
421,very_dense,0,0,0,0,0.14420070417640812,0.3426431122040111,0.3426431122040111,32.207384000685124,0.32825399648572784,16.96372299647919,0.0,0.0,17.704696009786858,17.704696009786858
422,very_dense,1,0,0,0,0.8391213131036043,0.5473230601903487,0.5473230601903487,29.28233900001942,0.8878629987520981,16.34609899156203,0.0,0.0,18.97155900405778,18.97155900405778
423,dense,1,0,0,0,0.8846232566438657,1.155717998262528,1.155717998262528,21.60674500009918,0.7980830014275853,15.865389995269652,0.0,0.0,17.219921009200334,17.219921009200334
424,dense,1,1,1,0,0.9164936593917751,1.0116800254062452,1.0116800254062452,29.469652000443602,1.4618590003010468,7.150371007810463,0.0,0.0,7.770788996822375,7.770788996822375
425,sparse,1,1,1,0,0.9157289402703697,0.9157255355255758,0.9157289402703697,8.552442000109295,0.7072899979903013,4.3504350032890216,8.395928000027197,0.7649509980183211,0.0,9.160878998045519
426,very_dense,1,1,1,0,0.744457316281375,1.2363128375961046,1.2363128375961046,31.370521999633638,0.41003899787028786,7.281036000676977,0.0,0.0,7.771052997668448,7.771052997668448
427,very_dense,0,0,0,0,0.11806788390274309,0.503628895626779,0.503628895626779,30.728732000170567,0.19468100344965933,17.69930900536565,0.0,0.0,20.152117008365167,20.152117008365167
428,sparse,1,1,1,0,0.6612831552736843,0.8362335508678327,0.6612831552736843,8.13608699991164,0.232481997954892,1.9737999991775723,7.9037549994609435,0.26239899943902856,0.0,8.166153998899972
429,very_dense,1,0,0,0,0.8864107037171604,0.3152552652108352,0.3152552652108352,33.889475999785645,1.4941959989300813,16.69634399604547,0.0,0.0,18.585512000754534,18.585512000754534
430,sparse,1,1,1,1,0.8985704442225401,0.9784676014017103,1.0000842015521925,8.511402000294765,0.8582940017731744,5.860885997208243,8.277230000203417,0.431090998063155,4.071681999448629,12.7800029977152
431,very_dense,1,0,0,0,0.7159373615242148,1.6723324342428547,1.6723324342428547,28.21437100010371,0.24904599922592752,16.75423099732143,0.0,0.0,18.32835000095656,18.32835000095656
432,very_dense,1,1,1,0,0.8331894592171948,0.9139511833618024,0.9139511833618024,29.183136000028753,0.6114470024840557,4.546269998172647,0.0,0.0,4.928326998197008,4.928326998197008
433,sparse,1,1,1,1,0.8948129557794673,0.9730590339208024,0.9830346153414451,8.545634999791218,0.664130997392931,4.27986099566624,7.715026999903785,0.10351099990657531,4.1163760024574,11.93491400226776
434,dense,1,1,1,0,0.8197179721761131,0.8689356268596435,0.8689356268596435,21.28181000080076,0.49209499775315635,3.3329269990645116,0.0,0.0,3.372258000126749,3.372258000126749
435,sparse,1,1,1,1,0.9216691102153846,0.9439768745991446,0.9326129775531178,8.760679999795684,0.8948980030254461,5.3275299969755,8.044462000725616,0.7957079988045734,1.3643400006912998,10.20451000022149
436,dense,1,1,1,0,0.8209823437715675,0.8350783924374429,0.8350783924374429,21.411968000393244,0.5641589996230323,3.4817739979189355,0.0,0.0,3.835832004369877,3.835832004369877
437,very_dense,1,1,1,0,0.8325658894501724,1.3120758978992302,1.3120758978992302,28.6177839998345,0.7057790035105427,14.439614006732882,0.0,0.0,20.759370001542266,20.759370001542266
438,sparse,1,1,1,2,0.8870656958927416,0.9113345397411936,0.8994192663878784,9.831694000240532,0.8784769997873809,5.2924239989806665,9.740617000716156,0.8946709958763677,0.9242490014003124,11.559536997992836
439,dense,1,1,1,0,0.8288610946676811,0.9270367634684064,0.9270367634684064,21.256437999909394,0.5179530025998247,3.7744569999631494,0.0,0.0,3.908619000867475,3.908619000867475
440,very_dense,0,0,0,0,0.1901899077845955,0.1991012388365439,0.1991012388365439,33.23399700002483,0.4898190027233795,16.259381000054418,0.0,0.0,18.631550000463903,18.631550000463903
441,sparse,1,1,1,1,0.882003257337372,0.8713179735827727,0.8903331008895071,8.623820000138949,0.6322380004348815,3.728105002664961,8.57603399981599,0.5499840017364477,1.0908969989031903,10.216915000455629
442,sparse,1,1,1,1,0.8895870370086777,1.106471743378257,1.1438341435528772,8.702980000634852,0.8202030030588503,6.44832399666484,8.637951999844518,0.8364159994016518,2.3209609998957603,11.79532899914193
443,dense,0,1,1,0,,,,21.020376999331347,0.05206200057727983,14.53434599625325,0.0,0.0,15.483932998904493,15.483932998904493
444,dense,1,0,0,0,0.8524341446548842,0.4491677327616508,0.4491677327616508,21.68331700067938,0.7068859977152897,3.2646749987179646,0.0,0.0,3.484962999209529,3.484962999209529
445,dense,1,1,1,0,0.8634140727983408,1.4063971511118416,1.4063971511118416,21.3262310007849,0.6817319981564651,8.820939005090622,0.0,0.0,9.51982699916698,9.51982699916698
446,sparse,1,1,1,1,0.9064977730701795,0.8973462770017246,0.9118928563134531,8.611442000074021,0.8257159988716012,4.954010000801645,8.705502000339038,0.8428910014117719,0.7220969991976744,10.270490000948485
447,very_dense,1,1,1,0,0.8485585223975354,0.9614179407889331,0.9614179407889331,28.774956000233942,0.6334909985525883,4.786335000062536,0.0,0.0,5.781476997981372,5.781476997981372
448,dense,1,1,1,0,0.8540305906567414,0.8863055819383481,0.8863055819383481,22.028108000085922,0.5545370004256256,3.49740800447762,0.0,0.0,3.5450650002530892,3.5450650002530892
449,sparse,1,1,1,0,0.7785641657444651,0.7538439053218421,0.7538439053218421,7.989849999830767,0.3458320015852223,2.0729889984067995,0.0,0.0,2.1628299982694443,2.1628299982694443
450,very_dense,1,1,1,0,0.9159103881885106,1.0263060629385912,1.0263060629385912,28.657858999395103,0.7948369975565583,6.3255700006266125,0.0,0.0,6.715396004437935,6.715396004437935
451,very_dense,1,1,1,0,0.8513935208053579,1.0068426710162035,1.0068426710162035,28.412167999704252,0.42944100277964026,4.277781999917352,0.0,0.0,4.562907000035921,4.562907000035921
452,dense,1,1,1,0,0.8091563819232916,0.8404018838067887,0.8404018838067887,20.285270000385935,0.37114300084795104,2.5367429998368607,0.0,0.0,2.8341749994069687,2.8341749994069687
453,sparse,1,1,1,1,0.8664682361805662,1.0259766866129152,0.9293533059919805,8.186094000848243,0.5869450014870381,4.296081001484708,8.120160000544274,0.22576099945581518,2.720962002968008,11.066883002968098
454,dense,1,1,1,0,0.8474483291279715,0.9670435251463235,0.9670435251463235,22.599287000048207,0.8156270032486646,6.020868997438811,0.0,0.0,6.982232998780091,6.982232998780091
455,dense,1,1,1,0,0.9050795568951027,0.9173636392231775,0.9173636392231775,22.332835999804956,0.8156630046869395,5.3410990030897665,0.0,0.0,5.793347005237592,5.793347005237592
456,sparse,1,1,1,2,0.8359364110294306,0.9942742514084536,0.9686008398743303,8.743732000766613,0.6920169998920755,5.549149003854836,9.392349000336253,0.1663839975662995,4.830265999771655,14.388998997674207
457,dense,1,1,1,0,0.7367189351158993,0.7953381819139528,0.7953381819139528,20.895872999972198,0.2757969978119945,2.1406560017567244,0.0,0.0,2.172005998545501,2.172005998545501
458,very_dense,1,1,1,0,0.7696663704565168,0.8527929841356354,0.8527929841356354,28.08445800019399,0.23900900123408064,1.9914629983759369,0.0,0.0,1.9746169991776696,1.9746169991776696
459,sparse,1,1,1,0,0.5587128918758114,0.9341019122781148,0.5587128918758114,7.6286459998300415,0.15160400016611675,1.6147879996424308,7.59001200003695,0.17518399999971734,0.0,7.765196000036667
460,very_dense,1,0,0,0,0.9138221270475095,0.9837595184633118,0.9837595184633118,29.275417999997444,1.0149929985345807,16.199337003854453,0.0,0.0,19.177860996933305,19.177860996933305
461,sparse,1,1,1,0,0.7775021331037815,0.7701915594554465,0.7701915594554465,8.099057999970682,0.3376790009497199,2.0318810011303867,0.0,0.0,2.0192940000924864,2.0192940000924864
462,very_dense,0,0,0,0,0.0994390616084872,0.24004206286113344,0.24004206286113344,48.09368699989136,0.3338530004839413,16.393528001572122,0.0,0.0,22.988433994214574,22.988433994214574
463,dense,1,1,1,0,0.8502869407958167,0.8536001538690708,0.8536001538690708,21.816239999679965,0.3284840049673221,2.558851000685536,0.0,0.0,2.5464889986324124,2.5464889986324124
464,sparse,1,1,1,1,0.899878078692744,0.8717135247413025,0.9008734240356416,10.427340999740409,0.8776990025580744,4.696438998507801,9.591590999662003,0.7641760030310252,1.6206780028369394,11.976445005529968
465,very_dense,1,1,1,0,0.6628708087446026,0.936894641279491,0.936894641279491,29.179780000049504,0.18482500126992818,2.1193290021983557,0.0,0.0,4.019478000373056,4.019478000373056
466,sparse,1,1,1,1,0.846662953039009,0.852303331322537,0.8485189228692839,9.9479339996833,0.6511979991046246,3.640468998128199,8.879938000063703,0.5111120026413118,1.008790998639597,10.399841001344612
467,dense,1,1,1,0,0.8865664337598593,0.9818646205452947,0.9818646205452947,23.22983500016562,0.7410410016746027,5.564853001487791,0.0,0.0,5.545209000956675,5.545209000956675
468,sparse,1,1,1,1,0.8839701246076667,0.8660713728535068,0.870485031865544,9.678657999756979,0.7519569999203668,4.193771998870943,9.067236999726447,0.6887800000185962,1.2743570014208672,11.03037400116591
469,very_dense,0,0,0,0,0.11659360413927075,0.42087140436458487,0.42087140436458487,32.88258299926383,0.22819200148660457,17.704228999718907,0.0,0.0,18.208947997663927,18.208947997663927
470,very_dense,1,1,1,0,0.9011733732006445,0.9931835484544069,0.9931835484544069,29.214451999905577,0.9329119993708446,7.057436007016804,0.0,0.0,7.513926995670772,7.513926995670772
471,very_dense,1,1,1,0,0.7761885344321542,0.9192842340777259,0.9192842340777259,28.21607900023082,0.3920719964298769,3.625716997703421,0.0,0.0,3.8592550008615945,3.8592550008615945
472,dense,1,0,0,0,0.8894708399159026,1.0024353521275788,1.0024353521275788,21.063330999822938,0.7722679983999114,15.868819994466321,0.0,0.0,17.14653199633176,17.14653199633176
473,dense,1,1,1,0,0.7141404848545789,0.7188571445643899,0.7188571445643899,20.933733999299875,0.20646600114559988,1.617015997908311,0.0,0.0,1.667527001700364,1.667527001700364
474,dense,1,1,1,0,0.8531900590540379,0.8882574678404973,0.8882574678404973,21.360667000408284,0.4883719993813429,3.682744997604459,0.0,0.0,4.112938001526345,4.112938001526345
475,very_dense,1,1,1,0,0.7812645955419536,0.9590967224235917,0.9590967224235917,28.55287700003828,0.4946240014760406,3.9958740017027594,0.0,0.0,4.227484998409636,4.227484998409636
476,very_dense,1,1,1,0,0.6378482830964417,0.8303893801590395,0.8303893801590395,28.23625400014862,0.20181399850116577,2.2744810021322337,0.0,0.0,2.4164690003090072,2.4164690003090072
477,sparse,1,1,1,1,0.8993618714141492,0.8985380716202248,0.9104813388876896,9.690592999504588,0.9647509996284498,5.733365998821682,9.550081999805116,1.0460410003361176,0.6403789993782993,11.236501999519533
478,dense,1,0,0,0,0.8806014838092672,0.8080137205412644,0.8080137205412644,22.639382999841473,0.9111770041272393,17.568845998539473,0.0,0.0,17.840433002675127,17.840433002675127
479,sparse,1,1,1,1,0.890258240358048,0.8875095994079921,0.8898910872782776,9.091368999179394,0.6592159970750799,4.009349998341349,8.55563900040579,0.7471920025636791,0.229598999794689,9.532430002764158
480,sparse,1,1,1,0,0.875362853203268,0.9539471138960083,0.875362853203268,9.045677999893087,0.7501739974031807,5.220006001763977,9.391761999722803,0.8510920024491497,0.0,10.242854002171953
481,very_dense,1,1,1,0,0.8496240034983733,0.997649346200861,0.997649346200861,29.264521000186505,0.7601749948662473,6.458873002884502,0.0,0.0,7.84835900321923,7.84835900321923
482,sparse,1,1,1,1,0.9035468916984949,0.981782347616223,0.9457681842357822,8.720984999854409,0.8643279998068465,5.924998998125375,9.399524000400561,0.8890829976735404,1.4162180004859692,11.70482499856007
483,very_dense,1,1,1,0,0.8596708857197982,1.1058948619291857,1.1058948619291857,29.123387999788974,0.6841769954917254,6.827353001426673,0.0,0.0,7.5384489973657764,7.5384489973657764
484,dense,1,1,1,0,0.877322417939002,1.0648147230291227,1.0648147230291227,22.081763999267423,0.7872040014262893,6.673955002042931,0.0,0.0,6.976214997848729,6.976214997848729
485,sparse,1,1,1,1,0.845784990878405,0.765264881791314,0.8353120667042362,8.528591999493074,0.4209949975120253,2.2822070013717166,8.07777200043347,0.32060099965747213,1.0248489998048171,9.423221999895759
486,dense,1,1,1,0,0.8814360925940701,1.1453628213000184,1.1453628213000184,22.404686999834666,0.7846650069041061,6.423688997529098,0.0,0.0,7.593666001412203,7.593666001412203
487,dense,1,1,1,0,0.8178693131129481,0.8281432086948535,0.8281432086948535,27.1194180004386,0.4692190004789154,3.3049019966711057,0.0,0.0,3.26769100047386,3.26769100047386
488,very_dense,1,0,0,0,0.8628427806011472,0.9884334994362162,0.9884334994362162,28.595841000424116,0.5948560037722928,16.776890996879956,0.0,0.0,18.118310999852838,18.118310999852838
489,dense,1,0,0,0,0.891042565931541,0.9690823304826276,0.9690823304826276,21.92360200024268,0.9746769983394188,15.883498002040142,0.0,0.0,18.124048006029625,18.124048006029625
490,very_dense,1,1,1,0,0.8419738198499324,1.0099044404658273,1.0099044404658273,27.602010000009614,0.6409129928215407,5.889350999495946,0.0,0.0,6.558680999660282,6.558680999660282
491,very_dense,1,1,1,0,0.8583471202949997,1.0540733275171157,1.0540733275171157,30.177276000358688,0.8920840064092772,8.041840000259981,0.0,0.0,8.771301993874658,8.771301993874658
492,very_dense,1,1,1,0,0.8798237584791907,1.1021556440335303,1.1021556440335303,29.157990999920003,0.6277940001382376,5.071490001682832,0.0,0.0,5.324233999090211,5.324233999090211
493,dense,1,1,1,0,0.8876730360740341,1.0954064810405357,1.0954064810405357,21.190747000218835,0.5786369983979966,5.9261550049996,0.0,0.0,6.749503996616113,6.749503996616113
494,sparse,1,1,1,1,0.9144587544237845,0.9569370282499813,0.9333260850774555,7.913336000456184,0.582061001296097,3.5949969951616367,8.28269000066939,0.5484099992827396,0.8375720008189091,9.66867200077104
495,dense,1,1,1,0,0.8334409976861558,0.9244051812314971,0.9244051812314971,21.898042999964673,0.7482589981009369,5.454319002637931,0.0,0.0,5.978889003927179,5.978889003927179
496,sparse,1,1,1,1,0.8765983909798908,0.8509778145929762,0.8779468395341293,9.638036000069405,0.9647980041336268,5.377500000577129,9.041135999723338,0.709838002876495,2.237210001112544,11.988184003712377
497,dense,1,1,1,0,0.8891763545433907,0.9157914976885249,0.9157914976885249,21.698561000448535,0.7085160004862701,5.089457001304254,0.0,0.0,5.057408004176978,5.057408004176978
498,very_dense,0,0,0,0,0.5213746064244174,0.3299339559828618,0.3299339559828618,35.940548999860766,1.0827879968928755,17.65239599353663,0.0,0.0,17.59827700607275,17.59827700607275
499,dense,1,1,1,0,0.861892482785103,1.0476561858712097,1.0476561858712097,21.88454999941314,0.8804240032986854,7.363840006291866,0.0,0.0,8.04460700328491,8.04460700328491
500,sparse,1,1,1,1,0.8030667451038952,0.8494762458334147,0.811436889738926,8.354288000191445,0.45900799887022004,2.782714000204578,8.466117999887501,0.5048710017945268,0.7506410011046682,9.721630002786696
501,dense,1,1,1,0,0.8483174608945004,0.913746482575168,0.913746482575168,22.478828999737743,0.7327489956878708,6.408324001313304,0.0,0.0,5.948269003965834,5.948269003965834
502,very_dense,1,1,1,0,0.9050503881722985,1.5384713336089717,1.5384713336089717,31.140598000092723,0.9081840007638675,16.73636700161296,0.0,0.0,21.836508994056203,21.836508994056203
503,very_dense,1,1,1,0,0.7899775803150785,0.8737380228982671,0.8737380228982671,29.482701999768324,0.44992900166107574,3.610168001614511,0.0,0.0,3.8557349962502485,3.8557349962502485
504,sparse,1,1,1,0,0.6338374660507676,0.6413086790818943,0.6338374660507676,8.128403999762668,0.21570800163317472,1.4118519975454547,8.10507599999255,0.24806000237731496,0.0,8.353136002369865
505,dense,1,1,1,0,0.6434195662017683,0.6608980217160395,0.6608980217160395,21.993449000547116,0.177265999809606,1.31168900134071,0.0,0.0,1.3439129998005228,1.3439129998005228
506,dense,1,1,1,0,0.560656222531845,0.5862853669354214,0.5862853669354214,33.44666999964829,0.16466699980810517,1.2254400016900036,0.0,0.0,1.080599999113474,1.080599999113474
507,sparse,1,1,1,0,0.8009142345071739,0.7795198419309153,0.7795198419309153,7.7549790003104135,0.23873400095908437,1.735524000650912,0.0,0.0,1.858880997133383,1.858880997133383
508,sparse,1,1,1,0,0.800553185794693,0.7523722643825297,0.7523722643825297,7.886544999564649,0.32042699876910774,1.9621900019046734,0.0,0.0,2.0188849994156044,2.0188849994156044
509,sparse,1,1,1,1,0.7630697553942586,0.7386495687584975,0.7768104588989891,8.136922000630875,0.2970140012621414,1.894342999548826,7.969140000568586,0.2789979980661883,0.45487099941965425,8.703008998054429
510,very_dense,0,0,0,0,0.115633542400426,0.41914074024606257,0.41914074024606257,33.13918999992893,0.315663001856592,17.066427998543077,0.0,0.0,17.942036002750683,17.942036002750683
511,very_dense,1,1,1,0,0.5662529089501152,0.5246400082268674,0.5246400082268674,28.06573100042442,0.11231099961150903,0.87674699989293,0.0,0.0,1.013285998851643,1.013285998851643
512,very_dense,0,0,0,0,0.7212002233085768,0.5071794936462496,0.5071794936462496,33.407385999453254,1.0194210035479045,19.491844000185665,0.0,0.0,18.098680002367473,18.098680002367473
513,very_dense,1,1,1,0,0.7738230058725044,0.9456159290415841,0.9456159290415841,28.373948000080418,0.3869419979309896,3.3071050047510653,0.0,0.0,3.5034900038226624,3.5034900038226624
514,very_dense,1,0,0,0,0.8306936797576006,0.7011577132426674,0.7011577132426674,28.6531579995426,0.705958997059497,17.980551007894974,0.0,0.0,19.165766998412437,19.165766998412437
515,sparse,1,1,1,0,0.674506706993935,0.7089380556928941,0.7089380556928941,7.851173999370076,0.21114399987709476,1.490965000812139,0.0,0.0,1.4523099989673938,1.4523099989673938
516,very_dense,1,0,0,0,0.9180135573178126,1.052529395660379,1.052529395660379,29.12488400033908,0.9730510000736103,16.82342699405126,0.0,0.0,17.81046698852151,17.81046698852151
517,sparse,1,1,1,0,0.9007908644408723,1.081328840595862,0.9007908644408723,9.209244999510702,0.7173689982664655,5.181603002711199,9.186598999804119,0.8394760034207138,0.0,10.026075003224832
518,dense,1,1,1,0,0.6530755112979113,0.735789276338489,0.735789276338489,20.90653800041764,0.208350999855611,1.6249689997493988,0.0,0.0,1.7164460005005822,1.7164460005005822
519,dense,0,1,1,0,0.10483307567797251,1.0290226493701533,1.0290226493701533,22.91732400044566,0.1795309990484384,7.917276000625861,0.0,0.0,8.869659002812114,8.869659002812114
520,dense,1,0,0,0,0.8724949333537568,1.0900664805079319,1.0900664805079319,22.404485000151908,0.7851989994378528,16.067046999523882,0.0,0.0,17.039651998857153,17.039651998857153
521,sparse,1,1,1,1,0.9171444706528463,1.074750318021161,0.9172617459415427,9.402665999914461,0.9282179989895667,6.752595995749289,9.46398600081011,1.0462509990247781,0.843974000417802,11.35421100025269
522,sparse,1,1,1,2,0.8876128237640072,0.962181103577908,0.9030922623463863,10.698168000089936,0.9812309990593349,6.8482229971778,10.642307000125584,0.9441009988222504,1.5911750015220605,13.177583000469895
523,very_dense,1,1,1,0,,,,28.972451999834448,0.23559899909741944,2.9688030008401256,0.0,0.0,3.114461998848128,3.114461998848128
524,sparse,1,1,1,1,0.8743926323775892,0.8460781450967801,0.8851879209830615,9.388123999997333,0.6435109962694696,3.584490002140228,9.278712999730487,0.5583760012086714,0.9007880016724812,10.73787700261164
525,sparse,1,1,1,0,0.8181977026753543,1.0094907654195122,1.0094907654195122,7.987766000042029,0.3499569975247141,2.4982400027511176,0.0,0.0,2.9903500008003903,2.9903500008003903
526,very_dense,1,1,1,0,0.879527812145363,1.0249318646631496,1.0249318646631496,29.85827300017263,0.806156001999625,6.314903999736998,0.0,0.0,6.1884050046501216,6.1884050046501216
527,sparse,1,1,1,0,0.7860796402956605,1.0151958300773494,1.0151958300773494,8.206030000110331,0.4105040006834315,3.241098999751557,0.0,0.0,3.3215989997188444,3.3215989997188444
528,very_dense,1,0,0,0,0.865685260924997,0.3865298419170418,0.3865298419170418,30.680468999889854,1.3766929987468757,17.420475001927116,0.0,0.0,18.980708996423346,18.980708996423346
529,very_dense,1,1,1,0,0.7789249558934247,1.3330867435948304,1.3330867435948304,28.89027199944394,0.5686409986083163,7.545675002802454,0.0,0.0,7.947813000100723,7.947813000100723
530,dense,1,1,1,0,0.8634161167470745,0.8902454962492173,0.8902454962492173,22.08368799983873,0.8230130024458049,6.131983993327594,0.0,0.0,6.761119999282528,6.761119999282528
531,sparse,1,1,1,2,0.8790087755583329,0.8991003895404501,0.8802905186220645,9.282142000301974,0.8123899942802382,4.850823002016114,8.35511300010694,0.6785510004192474,1.631334999729006,10.664999000255193
532,sparse,1,1,1,0,0.620805482496561,0.6106464907978798,0.6106464907978798,7.859380000809324,0.18157800150220282,1.2394140003380016,0.0,0.0,1.295757000661979,1.295757000661979
533,sparse,1,1,1,0,0.8428699698850944,0.9000539946519148,0.9000539946519148,8.808642000076361,0.5974549958409625,3.8217269957385724,0.0,0.0,3.942612999708217,3.942612999708217
534,dense,1,1,1,0,0.8314519927780575,0.9680236874653705,0.9680236874653705,21.47234899985051,0.6375110015142127,5.425405996902555,0.0,0.0,11.455466999905184,11.455466999905184
535,sparse,1,1,1,0,0.9156504502473347,0.9189556107214442,0.9156504502473347,10.177527000450937,0.8726469986868324,5.310413002916903,10.27097899986984,1.0117670053659822,0.0,11.282746005235822
536,dense,1,1,1,0,0.874234498536601,1.1588688655644195,1.1588688655644195,25.79684600004839,0.9528189975753776,7.502627000576467,0.0,0.0,8.289444001093216,8.289444001093216
537,sparse,1,1,1,0,0.8255637644052412,0.7866383037631657,0.8255637644052412,8.744069999920612,0.46125500375637785,2.7628770021692617,9.052083000824496,0.5440699987957487,0.0,9.596152999620244
538,dense,1,1,1,0,0.7429445218833721,0.6691042209217928,0.6691042209217928,22.155245000249124,0.30393800170713803,1.8705920010688715,0.0,0.0,1.836749001085991,1.836749001085991
539,sparse,1,1,1,1,0.880192578997375,0.8757100214217972,0.8766998900002427,10.376197999903525,0.932754003770242,4.882013000496954,11.111778999293165,1.0041969990197686,1.3259890029075905,13.441965001220524
540,very_dense,1,1,1,0,0.8362054691630264,1.098023534989733,1.098023534989733,32.0240080000076,0.6632600016018841,6.396738998773799,0.0,0.0,7.2039939968817635,7.2039939968817635
541,sparse,1,1,1,0,0.8843501642140308,0.9033033829101568,0.8843501642140308,9.802945000046748,0.7141260011849226,4.502403001424682,9.291667000070447,0.7780760006426135,0.0,10.06974300071306
542,sparse,1,0,0,0,0.9155601805226512,0.05998203963961841,0.05998203963961841,9.700534000330663,0.9921079963532975,1.0163159986404935,0.0,0.0,0.9409070007677656,0.9409070007677656
543,sparse,1,1,1,1,0.8571879913767416,0.8367426696279435,0.8499206787635767,8.62240100013878,0.584199998229451,3.3584550028535887,8.661332999508886,0.6003329999657581,1.088801000150852,10.350466999625496
544,very_dense,1,1,1,0,0.7809834538017988,0.7847436005946102,0.7847436005946102,29.74485699996876,0.3760619993045111,3.4340040019742446,0.0,0.0,2.6042840008813073,2.6042840008813073
545,sparse,1,1,1,1,0.8539919003560726,0.8658598863985031,0.8532886421039874,8.219724000809947,0.5327690041667665,2.9423600008158246,8.300669999698584,0.49976799800788285,0.42579200089676306,9.22622999860323
546,dense,0,1,1,0,,,,20.986579999771493,0.09502399916527793,4.127776995119348,0.0,0.0,3.764902999137121,3.764902999137121
547,dense,1,1,1,0,0.8775191189806266,0.9746110920211203,0.9746110920211203,24.912478000260307,0.7178289988587494,4.88716900235886,0.0,0.0,5.326911000338441,5.326911000338441
548,dense,1,1,1,0,0.8207662273631318,0.8921084690466938,0.8921084690466938,21.714367000640777,0.6479149978986243,4.275308998330729,0.0,0.0,5.02320100167708,5.02320100167708
549,very_dense,1,0,0,0,0.8205413609283234,1.0610863845128429,1.0610863845128429,29.357205999986036,0.5361770054150838,20.101298999179562,0.0,0.0,21.56897598888463,21.56897598888463
550,very_dense,0,0,0,0,0.20655447660557083,0.25336386194908433,0.25336386194908433,35.220449999542325,0.5728799997086753,17.07888499913679,0.0,0.0,18.690867999794136,18.690867999794136
551,dense,1,1,1,0,0.7571997089553969,0.7774657066611506,0.7774657066611506,22.932183999728295,0.2981469997394015,1.8490979991838685,0.0,0.0,2.0152699980826583,2.0152699980826583
552,very_dense,1,1,1,0,0.8764017705216319,1.0704091932585658,1.0704091932585658,32.74797799986118,0.8911389968488947,8.068541003922292,0.0,0.0,9.406997997757571,9.406997997757571
553,sparse,1,1,1,0,0.7990794426459286,0.7802743624334737,0.7990794426459286,8.49086400012311,0.45100300121703185,2.5421879981877282,8.532243999979983,0.5134319999342551,0.0,9.045675999914238
554,very_dense,1,1,1,0,0.8336334419093633,0.9477884930215382,0.9477884930215382,29.372926000178268,0.4796499979420332,4.1279759989265585,0.0,0.0,4.270705998351332,4.270705998351332
555,dense,1,1,1,0,0.876731777822174,0.9873898161813877,0.9873898161813877,23.757320000186155,1.0812829959832015,8.151522000844125,0.0,0.0,8.4742369954256,8.4742369954256
556,very_dense,1,1,1,0,0.7824030682157609,0.8866916141246901,0.8866916141246901,28.699055000288354,0.38896900059626205,3.0103140024948516,0.0,0.0,3.181410002071061,3.181410002071061
557,very_dense,1,1,1,0,0.8546366937290781,1.2059170781254829,1.2059170781254829,29.087953999805904,0.6086810017222888,5.841959004101227,0.0,0.0,6.1296930061871535,6.1296930061871535
558,very_dense,1,1,1,0,0.881168111953291,0.9989005481947802,0.9989005481947802,28.47240499977488,0.5661990007865825,4.489944002671109,0.0,0.0,4.718312003205938,4.718312003205938
559,very_dense,0,0,0,0,0.5768350063877462,0.30248650381041814,0.30248650381041814,35.85553499942762,1.3095949971102527,19.703736001247307,0.0,0.0,20.39722400058963,20.39722400058963
560,dense,1,1,1,0,0.8787204565885065,0.8373581420449266,0.8373581420449266,22.575420999601192,0.7585839985040366,4.5071650010868325,0.0,0.0,4.588951999721758,4.588951999721758
561,sparse,1,1,1,0,0.8654136707168376,0.8727642820391124,0.8727642820391124,9.789317000468145,0.9237419944838621,5.27931700071349,0.0,0.0,5.551919002755312,5.551919002755312
562,dense,1,1,1,0,0.8765511089161615,0.8952142994487124,0.8952142994487124,21.71885600000678,0.5594459998974344,3.5652750011649914,0.0,0.0,3.9802459950806224,3.9802459950806224
563,sparse,1,0,1,3,0.8532206255549634,0.6839045828209596,1.095110921731052,10.063679000268166,0.8339930027432274,4.096620998097933,17.68705399990722,0.46870499954820843,5.354632003218285,23.510391002673714
564,very_dense,1,1,1,0,,,,27.995906999422004,0.37067500034027034,4.617690005943587,0.0,0.0,5.166881001969159,5.166881001969159
565,sparse,1,1,1,1,0.8690739929870681,0.8740040622808075,0.8673319958719159,9.744857999976375,0.9376179932587547,5.459493995658704,8.793916000286117,0.6168879945107619,3.062881000005291,12.47368499480217
566,sparse,1,1,1,1,0.8393349496698063,0.8623554588974723,0.8514266220358677,8.381380999708199,0.5133790027684881,3.221553998628224,7.840487000066787,0.4824170046049403,0.6223809996299678,8.945285004301695
567,sparse,1,1,1,1,0.8877465577492083,0.8662776386714447,0.860787353278018,9.861298000032548,0.8450069990431075,4.846443001952139,9.090513000046485,0.7583360002172412,1.1391650014047627,10.988014001668489
568,dense,1,0,0,0,0.7875616666335693,1.1996758936457201,1.1996758936457201,21.09911400020792,0.40658999932929873,16.457431996968808,0.0,0.0,17.994792004174087,17.994792004174087
569,dense,1,1,1,0,0.8792705425737763,0.9578572851252879,0.9578572851252879,22.582845000215457,0.7351089943767875,5.2946759988117265,0.0,0.0,5.7249539968324825,5.7249539968324825
570,very_dense,1,1,1,0,0.8346667021038116,0.9600072553761171,0.9600072553761171,29.463998999744945,0.4108339999220334,3.8087640032244963,0.0,0.0,3.6134760011918843,3.6134760011918843
571,dense,1,1,1,0,0.6589788767001524,0.6861394213348083,0.6861394213348083,21.74365700011549,0.21730299977207324,1.545848998830479,0.0,0.0,1.5908420027699322,1.5908420027699322
572,sparse,1,1,1,1,0.7288941039026158,1.1813550255513365,0.7271968072815408,8.154700999511988,0.2500279970263364,3.022758998667996,8.172184999239107,0.2611310001157108,0.2459010001985007,8.679216999553319
573,sparse,1,1,1,1,0.847270114188866,0.7988573129903259,0.8376634625491363,8.400767000239284,0.5117649989188067,2.863967001758283,8.273026000097161,0.41585599865356926,0.983808999080793,9.672690997831523
574,sparse,1,1,1,1,0.8901411445608529,0.8817571390165587,0.8954271503491882,8.65219800016348,0.7439260061801178,4.651809004826646,8.873693999703391,0.6798460035497556,1.318424000601226,10.871964003854373
575,dense,1,1,1,0,0.8946468167456666,0.9264736139698091,0.9264736139698091,22.22420799989777,0.8277590040961513,5.473695996442984,0.0,0.0,5.853477002347063,5.853477002347063
576,very_dense,0,0,0,0,0.6293587648760478,0.3075370372091699,0.3075370372091699,36.24872699947446,1.4162660127112758,17.137759012257447,0.0,0.0,18.376285998783715,18.376285998783715
577,dense,1,1,1,0,0.8271237679706657,1.0428765346246942,1.0428765346246942,22.121736999906716,0.590313001339382,5.331202999514062,0.0,0.0,5.621492002319428,5.621492002319428
578,very_dense,1,1,1,0,0.6393815537961764,0.6441752916105304,0.6441752916105304,28.236985999683384,0.2152070010197349,1.6825259999677655,0.0,0.0,1.869810999778565,1.869810999778565
579,sparse,1,1,1,1,0.6185444284272532,0.6280125207193596,0.6659578293720629,7.767705999867758,0.1922170013131108,1.2197869991723564,7.65038099962112,0.171907000549254,0.35298099919600645,8.17526899936638
580,sparse,1,1,1,0,0.7823797872831708,0.8100892718359178,0.7823797872831708,7.9556099999535945,0.3059229993596091,1.84527199871809,7.930259000204387,0.337412999215303,0.0,8.26767199941969
581,very_dense,1,1,1,0,,,,29.128429999218497,0.2736210008151829,3.424657998039038,0.0,0.0,3.797737001150381,3.797737001150381
582,sparse,1,1,1,1,0.7941117864080532,0.7798578013102492,0.7811733088038832,8.79250000070897,0.4120540006624651,2.4166480006897473,8.54821000029915,0.38152700017235475,0.6344960011119838,9.564233001583489
583,sparse,1,1,1,1,0.8779243495734975,0.8684812465887575,0.8666576625250085,8.751031999963743,0.7176609969974379,4.27604000287829,8.520266000232368,0.6168849977257196,1.236957000401162,10.37410799835925
584,dense,1,1,1,0,0.8584357981959365,0.9174185298534522,0.9174185298534522,21.127021000211244,0.4646150055123144,3.3761179975044797,0.0,0.0,3.5150969970345614,3.5150969970345614
585,very_dense,1,1,1,0,0.780878556475843,0.9682078024981731,0.9682078024981731,28.43743999983417,0.2615570001580636,2.3529940026492113,0.0,0.0,2.608270996461215,2.608270996461215
586,very_dense,1,0,0,0,0.8163673246036675,0.09018121656633013,0.09018121656633013,30.20364999974845,0.733056999706605,1.6250389971901313,0.0,0.0,1.6735849994802265,1.6735849994802265
587,sparse,1,1,1,1,0.9205444171394022,0.9575849086096352,0.9301260918087405,8.96129699958692,0.9177140036626952,6.248084001526877,8.164321000549535,0.8254740023403428,1.692891000857344,10.682686003747222
588,very_dense,1,1,1,0,0.8047067761282126,0.9625101085982007,0.9625101085982007,28.95282900044549,0.4010859984191484,3.4258190007676603,0.0,0.0,3.9874239982964355,3.9874239982964355
589,very_dense,1,0,0,0,0.8849409261619425,1.1309858506087052,1.1309858506087052,31.237326000336907,1.1942559940507635,18.64325799397193,0.0,0.0,18.406305003736634,18.406305003736634
590,very_dense,1,0,0,0,,,,28.252529999917897,0.4383909981697798,16.89888900546066,0.0,0.0,18.757808989903424,18.757808989903424
591,very_dense,1,1,1,0,0.8996308238392587,1.111260412002876,1.111260412002876,28.680010000243783,0.7082710017130012,6.718084999192797,0.0,0.0,7.146965001993522,7.146965001993522
592,sparse,1,1,1,1,0.8982141158601581,0.9863154507779842,0.9886719834537511,8.729567999580468,0.7922059940028703,5.236849996435922,8.169767000254069,0.33538800198584795,4.010264001408359,12.515419003648276
593,very_dense,1,1,1,0,0.8054260215594634,0.9442981516679354,0.9442981516679354,28.494504000263987,0.3774760025407886,3.6921600039931946,0.0,0.0,3.6052649966222816,3.6052649966222816
594,sparse,1,1,1,1,0.9138227843713634,1.0142401012837583,0.9129285189705255,9.370454999952926,0.83491000077629,5.695263000234263,9.388593000039691,0.9092770014831331,0.7288359984158888,11.026705999938713
595,very_dense,0,1,1,0,,,,29.082408000249416,0.07662800089747179,16.544726004212862,0.0,0.0,17.07721500315529,17.07721500315529
596,dense,1,1,1,0,0.694589788136857,0.6624271502483895,0.6624271502483895,20.964998000636115,0.183844998900895,1.379870999699051,0.0,0.0,1.367265998851508,1.367265998851508
597,very_dense,1,1,1,0,0.4959594204958263,0.5761175721920246,0.5761175721920246,28.2314870000846,0.14895000003889436,1.531815000817005,0.0,0.0,1.6103719999591704,1.6103719999591704
598,dense,1,1,1,0,0.8501209469116779,0.939355572607158,0.939355572607158,22.30291500018211,0.807435000751866,5.711762997634651,0.0,0.0,6.860651998977119,6.860651998977119
599,dense,1,1,1,0,0.8800944696195411,1.219024095148115,1.219024095148115,21.64590499978658,0.8697490020495025,9.027717002936697,0.0,0.0,9.298975993260683,9.298975993260683
600,dense,1,1,1,0,0.874512833547346,0.9759647083699309,0.9759647083699309,22.61629999975412,0.8449830002064118,10.372847999860824,0.0,0.0,6.79405899336416,6.79405899336416
601,very_dense,1,1,1,0,0.7785161272519798,1.0488740591922807,1.0488740591922807,28.118838999944273,0.2173749990106444,2.162339998903917,0.0,0.0,2.357598001253791,2.357598001253791
602,very_dense,1,1,1,0,0.8602581517890046,0.9445306359093317,0.9445306359093317,28.59267500025453,0.6335819989544689,5.009768001400516,0.0,0.0,5.5266070003199275,5.5266070003199275
603,sparse,1,1,1,1,0.843959202521352,0.8585994527217877,0.8625893416707346,9.105528999498347,0.6189119976625079,3.5917580062232446,8.901655000045139,0.6381359989973134,0.40192000142269535,9.941711000465148
604,very_dense,1,1,1,0,0.8056684871243626,1.0811554353925796,1.0811554353925796,29.215162000582495,0.6052240032659029,7.235998999931326,0.0,0.0,7.469016000868578,7.469016000868578
605,dense,1,1,1,0,0.8053832420658007,0.8004174323617866,0.8004174323617866,22.15120700020634,0.40255400199384894,2.462338001350872,0.0,0.0,2.5727039992489154,2.5727039992489154
606,sparse,1,1,1,1,0.8423963697525226,0.9747811042087637,0.850013115768732,8.518399999957182,0.47179899502225453,3.235966997635842,8.451398999568482,0.3725320002558874,1.3850900004399591,10.209021000264329
607,dense,1,1,1,0,0.8457301831783944,1.1322112669714095,1.1322112669714095,22.02838300036092,0.670919002914161,5.782421001640614,0.0,0.0,6.082202998186403,6.082202998186403
608,very_dense,1,1,1,0,0.8543425702915034,1.0170623392481994,1.0170623392481994,29.363864000515605,0.8606119981777738,8.182335002857144,0.0,0.0,9.11094599723583,9.11094599723583
609,very_dense,1,1,1,0,0.7505907353384881,0.7971731969417559,0.7971731969417559,31.603213000380492,0.25680499948066426,1.9060200011153938,0.0,0.0,2.368282996030757,2.368282996030757
610,very_dense,1,1,1,0,0.854564844215822,1.3069895476111195,1.3069895476111195,29.24680699925375,0.8452590018350747,14.920031992915028,0.0,0.0,17.97656600137998,17.97656600137998
611,dense,1,1,1,0,0.8933951948390323,1.0082063426814876,1.0082063426814876,22.15383499969903,0.9741939984451164,7.435285995597951,0.0,0.0,10.52984400485002,10.52984400485002
612,very_dense,1,1,1,0,0.8428243313199113,0.9688688946605148,0.9688688946605148,29.738389999693027,0.6288089980444056,4.286067999601073,0.0,0.0,4.528435995780455,4.528435995780455
613,dense,1,1,1,0,0.7712115110748732,0.7714294894361049,0.7714294894361049,21.987468000588706,0.5132140022396925,2.9757339998468524,0.0,0.0,3.1152169995039003,3.1152169995039003
614,very_dense,1,1,1,0,0.8419308342228345,0.9043608867702397,0.9043608867702397,28.093639000871917,0.3276229936091113,2.6075149999087444,0.0,0.0,2.8583909988810774,2.8583909988810774
615,dense,1,1,1,0,0.9107203848360992,1.0602798622022265,1.0602798622022265,21.660914000676712,0.8884619983291486,7.746850996227295,0.0,0.0,10.08023500435229,10.08023500435229
616,sparse,1,1,1,0,0.7021245780918333,0.9220084600978427,0.9220084600978427,8.916926000893,0.21613399894704344,1.8503460005376837,0.0,0.0,2.0420990013008122,2.0420990013008122
617,sparse,1,1,1,1,0.8667510296944004,0.9765258504605447,0.8628355501026655,8.580634999816539,0.6156629997349228,4.921512998407707,20.149905999460316,0.5766969998148852,1.4423859993257793,22.16898899860098
618,sparse,1,1,1,0,0.8483046006120705,0.8266784051762077,0.8483046006120705,15.239633999954094,0.5820359992867452,3.324848002193903,8.782959999734885,0.7241760022225208,0.0,9.507136001957406
619,sparse,1,1,1,1,0.9130249475605587,0.8811703725617716,0.9251967828555673,10.042012999292638,0.902989005226118,5.555380999794579,9.904444999847328,0.9326110020992928,1.4034249988981173,12.240481000844738
620,dense,1,1,1,0,0.8730795686413519,1.045592162166457,1.045592162166457,24.583248999988427,0.949238001339836,11.691741994582117,0.0,0.0,11.865996994856687,11.865996994856687
621,dense,1,1,1,0,0.7552524726517691,1.4941782765926757,1.4941782765926757,22.43860799990216,0.4185390016573365,6.0237219968257705,0.0,0.0,6.593837001673819,6.593837001673819
622,sparse,1,0,1,1,0.919972316988443,0.5689781614356252,0.9151221511819937,8.859202000166988,0.853485997140524,3.934732998459367,9.470341999985976,0.846950998493412,1.2318509971009917,11.54914399558038
623,dense,1,1,1,0,0.7001937231421466,0.6807938385568563,0.6807938385568563,21.7977720003546,0.2645440008564037,2.090671000587463,0.0,0.0,1.7349189993183245,1.7349189993183245
624,dense,0,0,0,0,,,,21.556688000600843,0.33806299961725017,17.597975996977766,0.0,0.0,18.516980999265797,18.516980999265797
625,sparse,1,1,1,0,0.8025896805889924,0.8389085260540868,0.8389085260540868,8.13967700014473,0.40532800267101265,2.6520230012465618,0.0,0.0,2.671392000593187,2.671392000593187
626,dense,1,1,1,0,0.8595078847505888,0.9391406826457921,0.9391406826457921,25.558649999766203,0.7770109959892579,5.03358600235515,0.0,0.0,6.488506996902288,6.488506996902288
627,dense,1,1,1,0,0.8782377720293676,0.9635109479448011,0.9635109479448011,22.037089000150445,1.188781999189814,7.371032997980365,0.0,0.0,8.213547997002024,8.213547997002024
628,dense,1,1,1,0,0.8920382412731673,0.9001107958112462,0.9001107958112462,22.80384999994567,0.7441580009981408,4.769113997099339,0.0,0.0,4.892916002972925,4.892916002972925
629,dense,1,1,1,0,0.8073413024760461,0.8183466641396632,0.8183466641396632,21.223995000582363,0.42143600057897856,2.821501999278553,0.0,0.0,2.9258549966471037,2.9258549966471037
630,very_dense,0,1,1,0,,,,27.916629000173998,0.08129400066536618,16.6226280043702,0.0,0.0,16.89405099477881,16.89405099477881
631,sparse,1,1,1,1,0.7893497778067963,0.7905929442327388,0.7852356836739233,8.10261599963269,0.3572629993868759,2.2553029975824757,7.814531999429164,0.3645860024334979,0.3418869991946849,8.521005001057347
632,dense,1,1,1,0,0.8754791143004601,0.9307895837394062,0.9307895837394062,22.670735000247078,0.684573999933491,5.48354000056861,0.0,0.0,4.860528000790509,4.860528000790509
633,dense,1,1,1,0,0.7045288537435345,0.868870337301825,0.868870337301825,21.23418799965293,0.24595999821031,2.059111999187735,0.0,0.0,2.028838997830462,2.028838997830462
634,sparse,1,1,1,1,0.8607689660090441,0.8628322329287288,0.8559999859138985,7.735051999588904,0.40547200114815496,2.535103001719108,7.665009000447753,0.08707500091986731,2.1115160052431747,9.863600006610795
635,very_dense,0,0,0,0,0.30897638330965266,0.5170036382072314,0.5170036382072314,31.25331899991579,0.591112003348826,17.131364994384057,0.0,0.0,19.17046900416608,19.17046900416608
636,sparse,1,1,1,0,0.921509717563818,1.055481959133381,1.055481959133381,8.056083000155922,0.5590310038314783,3.784285004257981,0.0,0.0,4.223394998007279,4.223394998007279
637,sparse,1,1,1,1,0.6610677781325988,0.6531552684662365,0.676136222051008,8.048335000239604,0.21508099871425657,1.3553290000345442,8.252648000052432,0.07133299914130475,0.9810029978325474,9.304983997026284
638,very_dense,1,0,0,0,0.7934416748083332,1.1260869648079082,1.1260869648079082,28.206347999912396,0.3735369991773041,16.522042001270165,0.0,0.0,17.845577000116464,17.845577000116464
639,very_dense,1,1,1,0,0.840465950055683,0.9397322154129635,0.9397322154129635,28.63030400021671,0.5870989998584264,4.498446000070544,0.0,0.0,4.772690000208968,4.772690000208968
640,very_dense,1,1,1,0,0.8150309347132777,1.0170007504684595,1.0170007504684595,28.83441399990261,0.528388996826834,4.820018002646975,0.0,0.0,5.701425996448961,5.701425996448961
641,very_dense,1,1,1,0,0.8363178878269776,0.945900919609833,0.945900919609833,29.901388000325824,0.4513909980232711,3.7310109973986982,0.0,0.0,3.988527996625635,3.988527996625635
642,very_dense,0,1,1,0,0.512626885932003,1.044499510174342,1.044499510174342,30.623566000031133,0.7136599970181123,10.38375000734959,0.0,0.0,11.528774998623703,11.528774998623703
643,dense,1,0,0,0,0.8637859090067798,1.0568990442190462,1.0568990442190462,23.029953999866848,0.8862830036378,16.35372800319601,0.0,0.0,19.506041992826795,19.506041992826795
644,very_dense,1,1,1,0,0.8140870957113648,1.6271722209144686,1.6271722209144686,29.455412999595865,0.469081001028826,14.849825988676457,0.0,0.0,15.158767004322726,15.158767004322726
645,sparse,1,1,1,1,0.8518767061713604,0.9341250421885223,0.9167531457717445,8.929308000006131,0.6897660032336717,5.0078589947588625,8.48478999978397,0.4083780004293658,3.4566739996080287,12.349841999821365
646,dense,1,1,1,0,0.7947079102805669,0.8059780647253848,0.8059780647253848,22.03972799998155,0.4251689997545327,2.9151619974072673,0.0,0.0,3.233850000469829,3.233850000469829
647,dense,1,1,1,0,0.8744944615150951,1.2556784561034187,1.2556784561034187,23.063136999553535,0.8922279967009672,9.95688099101244,0.0,0.0,10.851634998289228,10.851634998289228
648,very_dense,0,0,0,0,0.16210755238346594,0.2518798077236126,0.2518798077236126,34.08160800063342,0.408111000979261,17.251749000024574,0.0,0.0,19.30779900703783,19.30779900703783
649,very_dense,1,1,1,0,0.8038435328530501,1.1861851806982395,1.1861851806982395,28.666494999924907,0.5656490011460846,9.819231002438755,0.0,0.0,11.16018099401117,11.16018099401117
650,dense,1,1,1,0,0.5947667293294955,0.6996818645749856,0.6996818645749856,22.874139999657928,0.17298799957643496,1.5904250021776534,0.0,0.0,1.457821999792941,1.457821999792941
651,dense,0,1,1,0,,,,20.703854999737814,0.318458995934634,7.97734600109834,0.0,0.0,8.608723003817431,8.608723003817431
652,sparse,1,1,1,2,0.8446859014369387,0.9527133831152178,0.8739777322596167,8.754978000069968,0.5246500004432164,3.5762939987762365,7.804758000020229,0.2958530003525084,2.1621669984597247,10.262777998832462
653,very_dense,1,1,1,0,0.8681605651005588,0.9302462210920416,0.9302462210920416,28.476905999923474,0.4985960013073054,4.320247002397082,0.0,0.0,4.699255002378777,4.699255002378777
654,dense,1,0,0,0,0.8614990225935913,1.0295666720442593,1.0295666720442593,21.274024000376812,0.7458570007656817,16.30180799838854,0.0,0.0,20.304593999753706,20.304593999753706
655,dense,1,1,1,0,0.8932990601376383,0.9239335537371165,0.9239335537371165,22.154367999974056,0.6668940013696556,4.4572609976967215,0.0,0.0,4.762521998600278,4.762521998600278
656,very_dense,1,1,1,0,0.8539721335170113,0.90285759548998,0.90285759548998,28.248573999917426,0.4041860020151944,3.01231700086646,0.0,0.0,3.112607002549339,3.112607002549339
657,dense,1,1,1,0,0.8825909697887753,0.8922219593315495,0.8922219593315495,22.059224000258837,0.5481800017150817,3.5759360016527353,0.0,0.0,3.9797389981686138,3.9797389981686138
658,sparse,1,1,1,1,0.7718120842960893,0.8888999395594838,0.7725974567264319,7.939923000776616,0.35948100139648886,2.7965030021732673,8.927946999392589,0.4086699982508435,0.29136600005585933,9.627982997699291
659,sparse,1,1,1,0,0.81601900683086,0.9379716808488039,0.9379716808488039,8.762919000218972,0.546993998796097,4.916230002891098,0.0,0.0,3.8945320011407603,3.8945320011407603
660,sparse,1,1,1,1,0.7288242947919769,0.7139583682246993,0.7103181689753248,8.20526599909499,0.3363820014783414,2.0168520031802473,8.07742100005271,0.2937319995908183,0.6808410007579369,9.051994000401464
661,very_dense,1,0,0,0,0.865084229424543,1.111027730436095,1.111027730436095,30.501211000228068,0.6804709964853828,16.93925500057958,0.0,0.0,17.790779998904327,17.790779998904327
662,sparse,1,1,1,2,0.8745436062177465,1.1126496205292022,1.0376958505028415,8.365838999452535,0.7912060018497868,6.299938997472054,8.902135000425915,0.6927829972482868,2.7447330012364546,12.339650998910656
663,sparse,1,1,1,1,0.6588732836532643,0.7722548102356208,0.6720802989911749,8.307624000735814,0.23925299956317758,1.6729960007069167,8.230251999520988,0.17220199788425816,0.7477269991795765,9.150180996584822
664,dense,0,1,1,0,,,,21.44693999980518,0.23386700286209816,3.9777970068826107,0.0,0.0,4.054387001815485,4.054387001815485
665,very_dense,1,1,1,0,0.8184008844386454,1.005539170502191,1.005539170502191,29.03778100062482,0.6551959968419396,6.865399000162142,0.0,0.0,6.5385850039092475,6.5385850039092475
666,dense,1,1,1,0,0.7169167641251075,0.7224625320291316,0.7224625320291316,21.82450600048469,0.2801490018100594,1.7747010006132768,0.0,0.0,1.8054219981422648,1.8054219981422648
667,very_dense,1,1,1,0,0.7945256099887769,0.855192708836459,0.855192708836459,29.517866999412945,0.3908059998138924,3.2610789976388332,0.0,0.0,3.6379770008352352,3.6379770008352352
668,very_dense,0,0,0,0,0.1011512111258695,0.20058741290458687,0.20058741290458687,31.9308779999119,0.22748799983673962,3.3748050018402864,0.0,0.0,3.227706002689956,3.227706002689956
669,sparse,1,1,1,0,0.8344656501729095,0.8337756464318012,0.8337756464318012,8.327495000230556,0.576637001358904,3.297771000688954,0.0,0.0,3.266144997724041,3.266144997724041
670,very_dense,1,0,0,0,0.7788890401747294,0.8406054912903632,0.8406054912903632,28.5498480006936,0.5218689975663438,16.872487001819536,0.0,0.0,18.498919998819474,18.498919998819474
671,dense,0,1,1,0,,,,20.685213000433578,0.3215179976905347,7.048059996122902,0.0,0.0,7.5026879994766205,7.5026879994766205
672,dense,1,1,1,0,0.8820642235247634,0.886199535603613,0.886199535603613,22.800304000156757,0.7310900000447873,5.152965996785497,0.0,0.0,5.793218002509093,5.793218002509093
673,sparse,1,1,1,2,0.8872855664403099,0.9201932621133821,0.9082517259022618,9.177465999528067,1.2627140004042303,7.894072001363384,8.749731000534666,0.6004120004945435,3.018372999576968,12.368516000606178
674,dense,1,1,1,0,0.9070641117613726,0.9583204928561246,0.9583204928561246,23.258029999851715,0.8979169997473946,7.152414004849561,0.0,0.0,7.602880999002082,7.602880999002082
675,very_dense,0,0,0,0,0.13300516933635023,0.43845604578652314,0.43845604578652314,33.38672400059295,0.30040700130484765,16.21665199763811,0.0,0.0,17.834140002378263,17.834140002378263
676,dense,1,1,1,0,0.8200233571685134,0.8386796526595165,0.8386796526595165,21.544041000197467,0.45616600073117297,3.1826290014578262,0.0,0.0,3.399566996449721,3.399566996449721
677,sparse,1,1,1,0,,,,7.494483000300534,0.33839500065369066,2.5465049975537113,7.49785899915878,0.3802719993473147,0.0,7.878130998506094
678,dense,1,1,1,0,0.8334641648707812,0.9456692416843028,0.9456692416843028,27.63624399995024,0.5858219983565505,4.394572001729102,0.0,0.0,4.432771996107476,4.432771996107476
679,very_dense,1,1,1,0,0.9002604635427801,1.0580614306615623,1.0580614306615623,28.99255899956188,0.690125003529829,5.647824002153357,0.0,0.0,6.176455000968417,6.176455000968417
680,very_dense,1,1,1,0,0.7252855240992871,0.7434267548874299,0.7434267548874299,28.237460000127612,0.26791599884745665,3.7416059994939133,0.0,0.0,2.4748239975451725,2.4748239975451725
681,sparse,1,1,1,1,0.8549672951976159,0.8399676446261625,0.8624134525406459,9.392973000103666,0.6358260006891214,3.546689999893715,8.393790999434714,0.46503800058417255,1.608609000868455,10.467438000887341
682,very_dense,1,0,0,0,0.8902891979774721,0.7786010191509144,0.7786010191509144,52.34637700050371,1.1911659994439106,17.305217002103745,0.0,0.0,21.024072998443444,21.024072998443444
683,very_dense,1,1,1,0,0.8111224282943035,2.0402020479745744,2.0402020479745744,30.775614999583922,0.5504339987965068,7.100814004843414,0.0,0.0,7.6302750003378605,7.6302750003378605
684,sparse,1,1,1,0,0.7467404671544058,0.7444306439790305,0.7467404671544058,9.171407000394538,0.4189709989077528,2.418542997475015,8.689608999702614,0.4727220020868117,0.0,9.162331001789425
685,very_dense,0,1,1,0,,,,28.965436999897065,0.24621399825264234,6.416582997189835,0.0,0.0,6.80103800004872,6.80103800004872
686,dense,1,1,1,0,0.818848634993762,0.8346649686812682,0.8346649686812682,22.242656999878818,0.5591019971689093,3.518774002259306,0.0,0.0,3.8485999939439353,3.8485999939439353
687,dense,1,1,1,0,,,,21.23491499969532,0.5243210007392918,5.173332998310798,0.0,0.0,5.274474002362695,5.274474002362695
688,dense,1,1,1,0,0.7993554760114107,0.8017506904339577,0.8017506904339577,21.120649999829766,0.3570670041881385,2.3622069975317572,0.0,0.0,2.468169999701786,2.468169999701786
689,very_dense,1,1,1,0,0.639307174831425,0.7087081183235793,0.7087081183235793,28.705060999527632,0.22033900040696608,1.6432729989901418,0.0,0.0,1.7174899976453162,1.7174899976453162
690,very_dense,0,0,0,0,0.27970063590361866,0.4087579388320572,0.4087579388320572,31.633876000341843,0.5901200001972029,7.026072999906319,0.0,0.0,6.918733000929933,6.918733000929933
691,very_dense,1,1,1,0,0.8223324071950479,0.8831672234807348,0.8831672234807348,30.52814300008322,0.8034230004341225,6.045627997991687,0.0,0.0,7.6499270035128575,7.6499270035128575
692,very_dense,1,0,0,0,0.8562808357595854,0.6297954792922658,0.6297954792922658,28.730596999594127,0.8255200054918532,17.953733005924732,0.0,0.0,25.334101997941616,25.334101997941616
693,very_dense,0,1,1,0,0.6806039446345031,0.5385009245316309,0.5385009245316309,36.53894400031277,1.317319992267585,12.37474400568317,0.0,0.0,13.481616001627117,13.481616001627117
694,sparse,1,1,1,1,0.9185256620576276,1.15196382599069,0.9441909392303601,9.617575000447687,0.8171000017682672,6.596945001547283,9.58945699949254,0.8508299988534418,0.7990719996087137,11.239358997954696
695,sparse,1,1,1,1,0.8602880278959767,0.8511223867180127,0.8539803410737828,8.942291000494151,0.684034997902927,4.079455997270998,8.449033000033523,0.5611939986920333,1.3724210002692416,10.382647998994798
696,very_dense,1,1,1,0,0.930597795139566,1.0311225960293076,1.0311225960293076,29.214882999440306,0.9113629976127413,7.228974997815385,0.0,0.0,8.35239599837223,8.35239599837223
697,dense,0,1,1,0,0.37183448243376827,0.9441938485113727,0.9441938485113727,22.27898500041192,0.4104859954168205,5.612738000309037,0.0,0.0,6.521025999973062,6.521025999973062
698,sparse,1,1,1,1,0.9147072122827851,0.9183087909495969,0.909974941329004,9.450967999327986,0.8619999980510329,5.132400001457427,8.908918000088306,0.7364910015894566,1.4596940000046743,11.105103001682437
699,sparse,1,1,1,0,0.7462041448594643,0.7572077829266092,0.7462041448594643,7.9031279992705095,0.30796699684287887,1.9490380018396536,8.453030999589828,0.35808300071948906,0.0,8.811114000309317
700,dense,1,1,1,0,0.9138354810950137,0.9336419575753604,0.9336419575753604,23.781197000062093,0.9110379987760098,6.692608003504574,0.0,0.0,7.15056400076719,7.15056400076719
701,dense,1,1,1,0,0.8830100331787838,1.243402416317808,1.243402416317808,22.995131999778096,0.8246189991041319,11.875272997713182,0.0,0.0,12.30158100497647,12.30158100497647
702,sparse,1,1,1,1,0.8148730277442547,0.8701358694723254,0.8179010484479828,7.821952999620407,0.35667300016939407,2.2012870003891294,7.820073000402772,0.33330099904560484,0.587712000196916,8.741085999645293
703,sparse,1,1,1,0,0.847236002827388,0.8362261229932297,0.847236002827388,8.600195999861171,0.5580199931500829,3.2170020012927125,8.780719000242243,0.68679899777635,0.0,9.467517998018593
704,sparse,1,1,1,0,0.9197455809168195,0.9429922077966773,0.9429922077966773,8.461842000542674,0.6196189970069099,3.9242149996425724,0.0,0.0,3.88841300355125,3.88841300355125
705,dense,1,0,0,0,0.8700355910194625,1.110532595089117,1.110532595089117,22.150382000290847,0.9151720005320385,16.887004988348053,0.0,0.0,17.694593996566255,17.694593996566255
706,sparse,1,1,0,2,0.8550200395206927,0.9550210099221819,0.5733028802251041,9.497467999608489,0.8794790019237553,5.831240001498372,7.933001999845146,0.48362599954998586,0.8628050009065191,9.279433000301651
707,dense,1,1,1,0,0.8350733940273762,0.9485700015903965,0.9485700015903965,21.710688999519334,0.6850920017313911,5.637684997964243,0.0,0.0,6.524015999275434,6.524015999275434
708,dense,1,1,1,0,0.8605965979599741,0.8698327961254964,0.8698327961254964,23.09348200014938,0.5220929979259381,3.176788001837849,0.0,0.0,3.3740389972081175,3.3740389972081175
709,dense,1,1,1,0,0.9064632063092499,1.15950103179344,1.15950103179344,23.03642500010028,0.9494330015513697,9.482765995926457,0.0,0.0,10.076457994728116,10.076457994728116
710,very_dense,0,0,0,0,0.5743286635045523,0.4787123893303348,0.4787123893303348,35.628528999950504,1.0992170036843163,16.584401998443354,0.0,0.0,24.61424400098622,24.61424400098622
711,dense,1,1,1,0,,,,21.014712000578584,0.22855800125398673,2.338432000215107,0.0,0.0,2.31291399904876,2.31291399904876
712,very_dense,1,1,1,0,0.8407372510366702,0.841240142022743,0.841240142022743,28.42665299976943,0.40190200161305256,2.9763889933747123,0.0,0.0,3.5976810004285653,3.5976810004285653
713,very_dense,1,1,1,0,0.8536520572648484,0.9119960885369468,0.9119960885369468,30.095502999756718,0.9801280011743074,9.663289997661195,0.0,0.0,8.59552700239874,8.59552700239874
714,very_dense,1,1,1,0,0.7829989827154932,0.8724808253754646,0.8724808253754646,29.288882999935595,0.4618619996108464,3.587164997952641,0.0,0.0,4.349153999100963,4.349153999100963
715,very_dense,1,1,1,0,,,,36.83466399979807,0.4344830040281522,2.997701000822417,0.0,0.0,8.180007000191836,8.180007000191836
716,dense,0,1,1,0,,,,21.193343000049936,0.13480800043907948,8.590313997046906,0.0,0.0,14.72132799881365,14.72132799881365
717,dense,1,1,1,0,0.8133990572827831,0.8540102124179386,0.8540102124179386,22.648502999800257,0.5098600013297983,3.3794310002122074,0.0,0.0,3.873458001180552,3.873458001180552
718,sparse,1,1,1,0,0.6472732019201803,0.6169913713893965,0.6472732019201803,8.288355999866326,0.19146800150338095,1.4509729990095366,8.330243999807863,0.21130799814272905,0.0,8.541551997950592
719,dense,1,1,1,0,0.8813174026610433,1.210664143525458,1.210664143525458,23.07728399955522,1.084143995285558,11.666437992062129,0.0,0.0,12.821888002690685,12.821888002690685
720,sparse,1,1,1,1,0.8546243829679525,0.8375876266438558,0.8514102442329577,9.328135999567166,0.7446399986292818,6.711093002195412,8.802358000139066,0.5789869974250905,1.5983880020939978,10.979732999658154
721,very_dense,1,1,1,0,0.8705097112610368,0.9575594122834892,0.9575594122834892,29.4951800005947,0.4959619955116068,6.0984010005995515,0.0,0.0,4.2507210027906694,4.2507210027906694
722,very_dense,1,1,1,0,,,,27.87170600004174,0.27537200003280304,2.97053699978278,0.0,0.0,2.6664909983082907,2.6664909983082907
723,sparse,1,1,1,1,0.9053604535020392,0.9416489516576386,0.9135587086781856,8.670755999446556,0.8011789996089647,5.065922004177992,8.215956999265472,0.7904190024419222,1.0196630018981523,10.026039003605547
724,very_dense,1,1,1,0,0.843347112236521,0.9894383172734662,0.9894383172734662,28.92836799946963,0.5475739972098381,4.730659000415471,0.0,0.0,5.393739999817626,5.393739999817626
725,sparse,1,1,1,1,0.8764587308461087,1.1184190260571967,0.8869286428465831,9.554069999467174,0.7798750002621091,6.014628003867983,9.485917999882076,0.4381670005386695,2.6743210037238896,12.598406004144636
726,very_dense,1,1,1,0,0.886768166668243,1.195325804249193,1.195325804249193,32.11277899936249,1.1617249947448727,10.623279999890656,0.0,0.0,12.136674996327201,12.136674996327201
727,sparse,1,1,1,1,0.9037462483616047,0.9822897282898232,0.9746067841670826,9.661971999776142,0.9181059995171381,6.193714997607458,9.586590999788314,0.4775500019604806,4.621495998435421,14.685637000184215
728,dense,1,1,1,0,0.8803369520779518,0.8407880932239351,0.8407880932239351,24.606955000308517,0.7738090025668498,5.169542999283294,0.0,0.0,5.245430997092626,5.245430997092626
729,dense,1,1,1,0,0.9309862239631693,1.031071201138149,1.031071201138149,23.004728000159957,0.9489580024819588,6.586027996490884,0.0,0.0,8.898575999410241,8.898575999410241
730,very_dense,1,1,1,0,0.6913917383200358,0.715277478272751,0.715277478272751,30.93274900038523,0.2618280004753615,2.539884002544568,0.0,0.0,1.8124480002370547,1.8124480002370547
731,dense,1,1,1,0,0.8577492163081175,0.9526937013009494,0.9526937013009494,21.76833599969541,0.8348710025529726,5.890929000088363,0.0,0.0,6.41362600526918,6.41362600526918
732,very_dense,1,1,1,0,0.8290452044828209,0.9494989534620508,0.9494989534620508,28.478199999881326,0.5917220005358104,5.228920997979003,0.0,0.0,5.424594000032812,5.424594000032812
733,very_dense,1,1,1,0,0.7332465821492159,0.7410238120350052,0.7410238120350052,31.07030999944982,0.29980900126247434,2.2429139989981195,0.0,0.0,2.7063429997724597,2.7063429997724597
734,sparse,1,1,1,2,0.8892009853223771,0.9339659599600406,0.8833765167183905,8.922306999920693,0.7949719993121107,5.077291005363804,10.088237000672962,0.8289839979624958,0.9349910023956909,11.852212001031148
735,very_dense,1,1,1,0,0.8654186842321686,1.0007989825238548,1.0007989825238548,29.43740200043976,0.8466380013487651,7.158907991652086,0.0,0.0,9.304979997068585,9.304979997068585
736,very_dense,1,0,0,0,0.7927823555376385,1.2700843890796756,1.2700843890796756,31.382511000629165,0.594788998569129,20.401367001795734,0.0,0.0,19.752636998418893,19.752636998418893
737,dense,1,1,1,0,0.8808657962166572,0.8981276394286661,0.8981276394286661,23.620682999535347,0.8722559978195932,5.465614001877839,0.0,0.0,5.683154000507784,5.683154000507784
738,very_dense,1,1,1,0,0.7444052450309783,0.9053293327615523,0.9053293327615523,28.761089999534306,0.34011899879260454,3.105010001490882,0.0,0.0,3.3138670014523086,3.3138670014523086
739,very_dense,1,0,0,0,0.8799217356662546,0.21111233935186186,0.21111233935186186,30.573765000553976,1.1738499961211346,3.9722279989291565,0.0,0.0,4.494249001254502,4.494249001254502
740,very_dense,1,1,1,0,0.7453284046611381,0.7631620519485698,0.7631620519485698,28.268364000723523,0.250657999458781,2.43237600352586,0.0,0.0,2.045689999249589,2.045689999249589
741,very_dense,1,1,1,0,,,,28.238066000085382,0.24399200083280448,2.7313990012771683,0.0,0.0,2.685953997570323,2.685953997570323
742,dense,1,1,1,0,0.8665456294074696,0.8930679192896671,0.8930679192896671,22.010709000824136,0.7777129994792631,5.045811997661076,0.0,0.0,5.221370000072056,5.221370000072056
743,sparse,1,1,1,0,0.8920580714119296,1.217925929702943,0.8920580714119296,8.890032999261166,0.718482999218395,5.838603005031473,8.8541980003356,0.8294730014313245,0.0,9.683671001766925
744,very_dense,1,1,1,0,0.9086267046618671,1.0020558143211085,1.0020558143211085,29.14681699985522,0.7296339954336872,5.6081209995682,0.0,0.0,5.960812995908782,5.960812995908782
745,dense,1,1,1,0,0.7455598541923958,0.8955999986249966,0.8955999986249966,21.18978300040908,0.27460400087875314,2.401126003860554,0.0,0.0,2.631530998769449,2.631530998769449
746,dense,1,1,1,0,0.7279627397155307,0.7120578408126886,0.7120578408126886,21.06353399994987,0.2254229993923218,1.5158350006458932,0.0,0.0,1.6160490022230078,1.6160490022230078
747,sparse,1,1,1,2,0.8896014501400368,1.0407786470125249,1.053417371533852,8.932855000239215,0.9364980032842141,6.980808993830578,8.952475999649323,0.5883939975319663,4.708278993348358,14.249148990529648
748,sparse,1,1,1,1,0.8316970900679479,0.8547684185174281,0.8249879634236401,8.132556999953522,0.4846779984291061,2.955226001176925,8.304828999825986,0.44482500106823863,0.775972000155889,9.525626001050114
749,sparse,1,1,1,1,0.690690972998656,0.688424503960128,0.691323495675251,7.928161000563705,0.2844040000127279,2.020842000092671,7.7663600004598266,0.19860399788740324,1.0065339993161615,8.971497997663391
750,very_dense,0,0,0,0,,,,28.214441999807605,0.19375800184207037,17.157109997242515,0.0,0.0,21.644685998580826,21.644685998580826
751,sparse,1,0,0,0,0.9196141996641464,0.2047084592916379,0.2047084592916379,8.461874999738939,1.0868029958146508,2.236884000012651,0.0,0.0,2.098741001645976,2.098741001645976
752,sparse,1,1,1,0,0.7569362751056923,0.7496437885291788,0.7569362751056923,7.880717000261939,0.28086699785490055,1.788361995750165,7.9473069999949075,0.33743000221875263,0.0,8.28473700221366
753,very_dense,1,1,1,0,0.8992434323292852,1.1762502521679628,1.1762502521679628,30.082062000474252,0.8865800009516533,8.792753006673593,0.0,0.0,9.637771004236129,9.637771004236129
754,dense,1,1,1,0,0.9017328732608691,1.0942163760375723,1.0942163760375723,23.724325000330282,0.9373529946969938,8.488893004141573,0.0,0.0,8.654402001411654,8.654402001411654
755,dense,1,0,0,0,0.8845476042481897,1.0595333443010473,1.0595333443010473,22.037430999262142,0.8064399971772218,18.338621992370463,0.0,0.0,18.527610996898147,18.527610996898147
756,very_dense,1,1,1,0,0.8625869946351724,0.9251591117761069,0.9251591117761069,29.655473999810056,0.5306140001266613,4.013966999082186,0.0,0.0,4.2191630045635975,4.2191630045635975
757,dense,1,1,1,0,0.869953320539615,0.9434054833015353,0.9434054833015353,22.741898000276706,0.8136860005834023,5.6283379990418325,0.0,0.0,5.828942000334791,5.828942000334791
758,sparse,1,1,1,0,0.858236114071379,0.8999443998201527,0.858236114071379,8.751103000577132,0.6296139981714077,3.8502789984704577,8.699646999957622,0.7287840016942937,0.0,9.428431001651916
759,very_dense,1,1,1,0,0.7629127186918762,0.8860729990366648,0.8860729990366648,28.100249999624793,0.30053899899940006,2.8998020015933434,0.0,0.0,3.0889719982951647,3.0889719982951647
760,sparse,1,1,1,1,0.8885641294685053,1.196293726556598,0.9629070665652688,8.48227999995288,0.637297001958359,5.426564996923844,8.333994999702554,0.3574519987523672,2.628047999678529,11.31949499813345
761,dense,1,1,1,0,0.8619322526954226,0.8544349113206999,0.8544349113206999,21.804418999636255,0.5803970007036696,3.810155001701787,0.0,0.0,4.379007997158624,4.379007997158624
762,very_dense,1,1,1,0,0.772147074211913,0.933591758303403,0.933591758303403,29.779851000057533,0.34090299777744804,2.9508840016205795,0.0,0.0,2.979548997245729,2.979548997245729
763,very_dense,1,0,0,0,0.8988499277172706,0.7042849881485433,0.7042849881485433,29.86941899962403,0.8070860003499547,16.595965002125013,0.0,0.0,18.25258100507199,18.25258100507199
764,dense,1,0,0,0,0.8762718763979437,0.986151687931365,0.986151687931365,22.37349700044433,0.8515370009263279,16.62788799512782,0.0,0.0,19.193006000932655,19.193006000932655
765,very_dense,1,1,1,0,0.5647759311126832,0.5973291393764133,0.5973291393764133,28.27834100025939,0.18400600038148696,1.491936001002614,0.0,0.0,1.5994860004866496,1.5994860004866496
766,dense,1,1,1,0,0.824950050530931,0.9483717288151257,0.9483717288151257,21.914283999649342,0.6095310018281452,4.47870199514,0.0,0.0,4.680831004407082,4.680831004407082
767,dense,1,1,1,0,0.7969472018583095,0.7925659713377474,0.7925659713377474,21.39690799958771,0.42589299937390024,2.9558490041381447,0.0,0.0,3.3077950010920176,3.3077950010920176
768,sparse,1,1,1,1,0.7966899377702066,1.0638929636553924,0.8079978258037568,8.773679999649175,0.5159960010132636,4.364517004432855,8.762767000007443,0.5309650032359059,0.6103899995650863,9.904122002808435
769,dense,1,1,1,0,0.8115909902813989,1.077364447607991,1.077364447607991,22.33412299938209,0.5280529958326952,5.266202001621423,0.0,0.0,5.650254999636672,5.650254999636672
770,dense,1,1,1,0,,,,21.596900000076857,0.22024699956091354,1.7861649976111948,0.0,0.0,1.968933001080586,1.968933001080586
771,very_dense,0,0,0,0,0.18457374376199692,0.6326085246649599,0.6326085246649599,30.631804000222473,0.2145849994121818,17.548697996971896,0.0,0.0,19.040952999603178,19.040952999603178
772,sparse,1,1,1,1,0.8712507251859141,0.9418759163975624,0.8940052480288777,9.15124699986336,0.8162019985320512,5.288251001729805,8.883567000339099,0.731833001736959,2.371988000049896,11.987388002125954
773,very_dense,0,0,0,0,0.5617691956728965,0.29958918226787284,0.29958918226787284,39.37738700005866,1.468184997975186,17.429546999665035,0.0,0.0,19.68657100405835,19.68657100405835
774,very_dense,1,0,0,0,0.8761546129949723,0.19620677975679943,0.19620677975679943,29.546528999162547,0.9435400043003028,2.3266439993676613,0.0,0.0,2.4218299995482084,2.4218299995482084
775,very_dense,1,1,1,0,0.7624675489050906,0.9094244454707637,0.9094244454707637,28.403412999978173,0.366354003745073,3.726477002601314,0.0,0.0,4.106988997591543,4.106988997591543
776,dense,1,1,1,0,0.8394316229901165,0.8412541409860701,0.8412541409860701,21.745811000073445,0.6253970041143475,4.1370230001120945,0.0,0.0,4.480790002162394,4.480790002162394
777,sparse,1,1,1,1,0.8976697026855959,0.8661104114657106,0.898687151977553,10.518070999751217,0.983711995104386,5.67466200391209,10.219280999990588,0.8684820013513672,1.9478029989841161,13.035566000326071
778,sparse,1,1,1,0,0.7267831327048196,0.7010594754219558,0.7267831327048196,8.50078300027235,0.3574479969756794,2.0238659999449737,9.016347000397218,0.4362319987194496,0.0,9.452578999116668
779,very_dense,1,1,1,0,0.8034803838336618,0.9402186476192815,0.9402186476192815,31.321120000029623,0.48340699868276715,4.742895001982106,0.0,0.0,4.642056002012396,4.642056002012396
780,very_dense,1,1,1,0,0.7779768014093718,1.432279823885442,1.432279823885442,29.272263999700954,0.2709199989112676,3.7398640015453566,0.0,0.0,4.0141150020645,4.0141150020645
781,dense,1,1,1,0,0.8636133377605005,0.8920921611083622,0.8920921611083622,23.329331999775604,0.5356500014386256,3.8933769974391907,0.0,0.0,4.244734000167227,4.244734000167227
782,sparse,1,1,1,0,0.826613255575819,0.836762200169736,0.826613255575819,9.157821999906446,0.627823001195793,3.789383000366797,9.147560999736015,0.6997130012678099,0.0,9.847274001003825
783,sparse,1,1,1,2,0.8544568165533216,1.1796304702497777,1.1221911560978932,9.171337000225321,0.810124991403427,7.035202002043661,8.77755400051683,0.6513689995699679,4.242754002916627,13.671677003003424
784,dense,1,1,1,0,0.9263639684991295,1.1057390154145519,1.1057390154145519,22.11383099984232,0.9091789997910382,7.909190003374533,0.0,0.0,7.471745001566887,7.471745001566887
785,dense,1,1,1,0,0.8665977586851067,0.9458089141952285,0.9458089141952285,21.711348999815527,0.5568249998759711,3.889917001288268,0.0,0.0,4.151688995989389,4.151688995989389
786,sparse,1,1,1,1,,,,7.482154999706836,0.266089000433567,2.1063399990453036,7.786781000504561,0.22384200201486237,1.0832990001290455,9.093922002648469
787,very_dense,1,0,0,0,0.8222796120993348,0.5123395639110183,0.5123395639110183,29.983751000145276,0.927794999370235,16.634827000416408,0.0,0.0,19.47562900113553,19.47562900113553
788,dense,1,1,1,0,0.6770848540256349,0.6859003836396178,0.6859003836396178,21.30015600050683,0.26835200060304487,1.7476559996794094,0.0,0.0,1.7741919982654508,1.7741919982654508
789,sparse,1,1,1,0,0.9068291162473129,0.9255485793539725,0.9255485793539725,8.6910429999989,0.7834529969841242,4.9785769942900515,0.0,0.0,5.133777997798461,5.133777997798461
790,sparse,1,1,1,1,0.8913977566529332,0.897242402696075,0.903026677063176,10.245630000099482,0.8859790023052483,5.605584994555102,10.169930000301974,0.9129439958996954,0.989357999060303,12.072231995261973
791,dense,0,0,0,0,0.15000561381333094,0.8374934312679028,0.8374934312679028,22.967932999563345,0.2250200013804715,19.195851000404218,0.0,0.0,20.69459899666981,20.69459899666981
792,very_dense,0,0,0,0,0.09702136825273386,0.199882310536686,0.199882310536686,34.70150199973432,0.397662001887511,18.344093997257005,0.0,0.0,20.89301799514942,20.89301799514942
793,very_dense,1,0,0,0,0.8956515191236795,0.3473572326865361,0.3473572326865361,33.740376999958244,1.6174420015886426,17.87428299394378,0.0,0.0,19.955437996031833,19.955437996031833
794,dense,1,1,1,0,0.8842345141799696,0.9691037410846017,0.9691037410846017,22.330499000418058,0.7058789979055291,3.9713410023978213,0.0,0.0,4.649610999877041,4.649610999877041
795,sparse,1,1,1,1,0.859827726791309,0.8858886000229984,0.8730234341227098,7.9213770004571415,0.4776359992320067,3.6102970016145264,7.7621319996978855,0.41677599620015826,1.3499329979822505,9.528840993880294
796,very_dense,1,1,1,0,0.8608858462084726,1.1690038266065725,1.1690038266065725,28.932693000569998,0.5333139997674152,5.018919998292404,0.0,0.0,5.8341249996374245,5.8341249996374245
797,dense,1,1,1,0,0.808073894164164,0.786336027079213,0.786336027079213,21.620460999656643,0.49635200230113696,2.824303003762907,0.0,0.0,2.973359001771314,2.973359001771314
798,sparse,1,1,1,2,0.8104600885472663,0.8342345789301405,0.810667048439351,8.145587999933923,0.3592199991544476,2.201030996729969,7.722339999418182,0.12538999999378575,1.7151769998235977,9.562906999235565
799,dense,1,1,1,0,0.9017797462158168,0.9013231851693998,0.9013231851693998,23.3201459996053,0.9135810041698278,5.481769996549701,0.0,0.0,6.269228000746807,6.269228000746807
800,sparse,1,1,1,0,0.776070634795395,0.7672089906958105,0.776070634795395,7.832070999938878,0.27619900083664106,1.6243680020124884,7.873094999922614,0.3078860036112019,0.0,8.180981003533816
801,sparse,1,1,1,1,0.8844509923815048,0.8559368915381304,0.8983823753851737,10.337978999814368,0.9782389988686191,5.382614001064212,10.148045999812894,0.9494560026723775,1.1667670005408581,12.26426900302613
802,dense,1,1,1,0,0.8738138714932676,0.9662378783192532,0.9662378783192532,22.28952799941908,0.9310100012953626,6.322727000224404,0.0,0.0,6.564595994859701,6.564595994859701
803,very_dense,0,0,0,0,,,,27.869872999872314,0.07612099852849497,4.1955380020226585,0.0,0.0,4.476422003790503,4.476422003790503
804,very_dense,1,1,1,0,0.822983442945944,0.8761395085706382,0.8761395085706382,28.73418200033484,0.4539819992714911,3.4227100004500244,0.0,0.0,4.130289002205245,4.130289002205245
805,very_dense,1,1,1,0,0.8135610396058687,0.787137732064452,0.787137732064452,29.748678999567346,0.3718669995578239,2.649007000400161,0.0,0.0,2.6588880018607597,2.6588880018607597
806,dense,0,1,1,0,0.5581479290469249,1.036657296654574,1.036657296654574,23.756624999805354,0.6172250004965463,7.833173994185927,0.0,0.0,8.442301001196029,8.442301001196029
807,sparse,1,1,1,1,0.8691205255847706,0.9401927855592833,0.930770404273475,8.161869999639748,0.5028230034440639,3.740064001249266,8.574813000450376,0.49201600177184446,1.2785649978468427,10.345394000069064
808,dense,1,1,1,0,0.8427730823143634,1.6956462712822524,1.6956462712822524,22.22800600065966,0.6451800018112408,16.353139995771926,0.0,0.0,19.526448008946318,19.526448008946318
809,very_dense,1,1,1,0,0.8545733078329593,0.976056043872925,0.976056043872925,28.979216999687196,0.6895149981573923,5.803439004921529,0.0,0.0,6.061322003915848,6.061322003915848
810,sparse,1,1,1,2,0.8984036034601924,0.8894117460739349,0.9014121971770175,7.885648999945261,0.6901120023030671,3.8240820013015764,8.578262999435537,0.3935610002372414,2.3452219993487233,11.317045999021502
811,very_dense,1,1,1,0,0.7812433892993547,0.8729284964865537,0.8729284964865537,29.52061700034392,0.3389610019439715,2.778041000965459,0.0,0.0,2.870932001314941,2.870932001314941
812,very_dense,0,0,0,0,0.6733972691129912,0.4394423135972382,0.4394423135972382,34.22068600048078,1.1682649983413285,17.171069999676547,0.0,0.0,19.34195099511271,19.34195099511271
813,sparse,1,1,1,1,0.8045746496447013,1.0314228690533935,0.9680658936780215,9.37086899921269,0.6094649997976376,5.048184998486249,8.547012000235554,0.5636790001517511,1.7373279997627833,10.848019000150089
814,very_dense,0,1,1,0,,,,29.293566999513132,0.3653640005722991,12.125617002311628,0.0,0.0,13.278039999931934,13.278039999931934
815,very_dense,1,1,1,0,0.8674331553449418,1.0229591708527466,1.0229591708527466,33.5712539999804,0.9872510026980308,8.215456999096205,0.0,0.0,8.806695002022025,8.806695002022025
816,sparse,1,1,1,1,0.7756229660375121,0.9970857933859021,0.8474901551510746,8.36049300050945,0.4978499973731232,3.852119999464776,8.481766999466345,0.5271640020509949,0.8522950001861318,9.861226001703471
817,sparse,1,1,1,1,0.8339238494134346,0.8413225789818345,0.8106800893064495,8.966546000010567,0.5805570026495843,3.541403994859138,8.489062999615271,0.43317700237821555,1.265559000785288,10.187799002778775
818,dense,1,1,1,0,0.9037232867207565,1.0403652930155765,1.0403652930155765,24.190706999434042,1.0658379997039447,10.077470999931393,0.0,0.0,10.78247200075566,10.78247200075566
819,very_dense,1,0,0,0,0.8941633127599068,1.0386610253823363,1.0386610253823363,28.95135500057222,0.9300199990320834,16.5521160033677,0.0,0.0,18.01612800500152,18.01612800500152
820,sparse,1,1,1,1,0.8845272711036065,0.9366504637081754,0.8810981749574618,9.414393000042764,0.7946460009407019,5.211609994148603,9.748059999765246,0.7769750027364353,1.130402997659985,11.655438000161666
821,dense,1,1,1,0,0.8764935487568832,1.0843575719668637,1.0843575719668637,22.03982300034113,0.7686160042794654,6.678466003904759,0.0,0.0,7.65111800046725,7.65111800046725
822,sparse,1,1,1,1,0.8369844632885486,0.8482179582181022,0.8487476236455335,7.9418289997192915,0.36131899742031237,2.244391999738582,7.693253999605076,0.05961799979559146,1.9935939999413677,9.746465999342036
823,dense,1,1,1,0,0.8050309149612224,0.843972374332575,0.843972374332575,21.53993400042964,0.5505669969352311,3.622504003942595,0.0,0.0,5.091940000966133,5.091940000966133
824,dense,0,1,1,0,,,,20.674633999988146,0.1996749979298329,4.3531600040296325,0.0,0.0,4.651501997614105,4.651501997614105
825,sparse,1,1,1,0,0.8043449255478619,0.7780213480332266,0.8043449255478619,9.146444000180054,0.46276300145109417,2.419668000584352,8.410989999902085,0.6837009996161214,0.0,9.094690999518207
826,very_dense,0,0,0,0,0.10825382019186279,0.5125863042533672,0.5125863042533672,41.17397600020922,0.17514699902676512,17.0084869960192,0.0,0.0,20.402381005624193,20.402381005624193
827,very_dense,0,1,1,0,0.11163130163725522,0.5021166953341947,0.5021166953341947,32.04975399967225,0.26373999935458414,11.135887000818911,0.0,0.0,9.85465999929147,9.85465999929147
828,very_dense,0,1,1,0,0.08113105669112966,0.5526179811879275,0.5526179811879275,32.44890399946598,0.1959470009751385,8.541872999558109,0.0,0.0,10.212195999883988,10.212195999883988
829,sparse,1,1,1,1,0.8729676451148366,0.9186034631271718,0.8819371002766512,8.591208000325423,0.7223129960038932,4.382846002044971,8.502618999955303,0.7600389999424806,0.5238729991106084,9.786530999008392
830,sparse,1,1,1,1,0.9187242725973094,1.0469215722741447,0.9900306711985037,8.76450899977499,0.6757459987056791,5.020734999561682,8.476596999571484,0.5473699975482305,2.2839860030217096,11.307953000141424
831,sparse,1,1,1,1,0.826833750390569,0.8619026517880112,0.8838239642650094,8.354315000360657,0.548420000995975,3.4529010008554906,8.82320599976083,0.528094996298023,1.0985039998558932,10.449804995914747
832,dense,1,1,1,0,,,,21.287184999891906,0.588678999520198,5.562612001085654,0.0,0.0,5.812363003315113,5.812363003315113
833,sparse,1,1,1,1,0.8253860392831152,1.0023306661903935,0.8257346760981812,8.183756999642355,0.557832999220409,4.016723002678191,8.493497000017669,0.522756997270335,0.8855139985826099,9.901767995870614
834,very_dense,1,1,1,0,0.718882291278505,0.8261422547670163,0.8261422547670163,29.855308999685803,0.39669700163358357,2.972919000967522,0.0,0.0,3.284279995568795,3.284279995568795
835,very_dense,1,0,0,0,0.9069204714757984,1.2943656043836598,1.2943656043836598,30.098178000116604,0.5979350016787066,17.281556008128973,0.0,0.0,20.382798008540703,20.382798008540703
836,very_dense,0,0,0,0,0.3305408809667082,0.7451937867617532,0.7451937867617532,29.623172000356135,0.3438950006966479,22.7410340012284,0.0,0.0,23.847008998018282,23.847008998018282
837,sparse,1,1,1,1,0.8978354320185794,0.8895387123174444,0.8907494999217911,9.251147000213678,0.8368759936274728,4.826860001230671,9.771158999683394,0.6602160019610892,2.100525996866054,12.531900998510537
838,sparse,1,1,1,0,0.8247783883650176,0.8349106140447973,0.8247783883650176,8.390623000195774,0.5088180014354293,3.1360860002678237,8.185208000213606,0.5622849967039656,0.0,8.747492996917572
839,very_dense,1,1,1,0,0.8769031818766555,1.1217337811760004,1.1217337811760004,30.90708000036102,0.9538450021864264,8.129926995934511,0.0,0.0,8.919992000301136,8.919992000301136
840,sparse,1,1,1,2,0.8838075182386587,0.943960064187275,0.9714629437896221,9.303627000008419,0.9175279992632568,5.758529998274753,9.243291000530007,0.11419999918871326,6.006327002978651,15.363818002697371
841,dense,1,1,1,0,0.8312860355054604,1.0544682583057463,1.0544682583057463,22.010794000379974,0.4444580008566845,3.8127699999677134,0.0,0.0,4.0132510011972045,4.0132510011972045
842,very_dense,1,0,0,0,0.8431808007060874,0.6326464920117729,0.6326464920117729,30.334336999658262,0.7670249942748342,16.60878500297258,0.0,0.0,20.41072299653024,20.41072299653024
843,sparse,1,0,0,0,0.9006537615073439,0.1286022400917953,0.1286022400917953,8.142432000568078,0.6513620037367218,1.3908799992350396,0.0,0.0,1.4186840007823776,1.4186840007823776
844,sparse,1,1,1,1,0.8618639775215073,0.844780920728191,0.8667495368970959,10.56668500041269,0.9253169992007315,4.9317899993184255,9.573125999850163,0.8449349979855469,1.6076779993454693,12.025738997181179
845,sparse,1,1,1,2,0.8848607255081334,0.9599450119773624,0.880704600812283,8.483240999339614,0.6801220015404397,4.509010004767333,7.877302000451891,0.390783000511874,2.8537710022646934,11.121856003228459
846,sparse,1,1,1,0,0.7346199952235555,0.7566997015341261,0.7346199952235555,8.290849999866623,0.34986700211447896,2.098593999107834,7.9680119997647125,0.3910929999619839,0.0,8.359104999726696
847,sparse,1,1,1,1,0.8721845441793368,0.8970408431898159,0.8825945940358024,8.169717999408022,0.6412259990611346,4.300079998756701,9.289732000070217,0.3842800006168545,2.718543997616507,12.392555998303578
848,very_dense,0,0,0,0,0.6886047675934953,0.3960704684831708,0.3960704684831708,39.06884200023342,1.4396629958355334,17.01954100462899,0.0,0.0,18.880668003475876,18.880668003475876
849,dense,1,1,1,0,0.882210736859728,1.1299595309828996,1.1299595309828996,23.057732999404834,1.0726610025812988,8.576820997404866,0.0,0.0,9.631473001718405,9.631473001718405
850,very_dense,1,1,1,0,0.8232371531332154,0.9793333787235701,0.9793333787235701,29.74049099975673,0.8598979975431575,5.222743996455392,0.0,0.0,5.9080260016344255,5.9080260016344255
851,very_dense,1,1,1,0,0.8542562133858648,1.1657683847791318,1.1657683847791318,28.58166500027437,0.4344970011516125,4.210203002912749,0.0,0.0,4.640130997358938,4.640130997358938
852,very_dense,0,0,0,0,0.24657430021023724,0.2500290721022295,0.2500290721022295,32.47803700014629,0.661151001622784,17.191284998261835,0.0,0.0,23.46438400036277,23.46438400036277
853,sparse,1,1,1,0,0.877520417566723,0.8452425888717837,0.877520417566723,10.004929999922751,0.867893000759068,3.9012870029182523,9.959711000192328,0.8370840005227365,0.0,10.796795000715065
854,sparse,1,1,1,1,0.9390485591304154,0.9488873643329442,0.9496978333311138,9.201105999636638,0.8982610006569303,5.662179996761552,8.354841999789642,0.7820850023563253,1.6638880033497117,10.800815005495679
855,very_dense,1,1,1,0,0.8802937981560592,1.0251084136299973,1.0251084136299973,30.32045100007963,0.8883000009518582,7.525746001192601,0.0,0.0,12.020205996122968,12.020205996122968
856,sparse,1,1,1,1,0.8494482589445923,0.9431377700242092,0.8494921424599903,8.283533999929205,0.5952800001978176,3.9439980000679498,8.27448300060496,0.48213699847110547,1.1246739986745524,9.881293997750618
857,sparse,1,1,1,1,0.8552466193566755,0.8519061698360004,0.8302814770202254,9.771914999873843,0.6947410029169987,3.9667409964749822,8.83762499961449,0.5694139981642365,1.3152790006643045,10.722317998443032
858,very_dense,1,0,0,0,0.8067687725197034,0.8354404765409462,0.8354404765409462,29.929352999715775,0.5484619987328188,17.71104399995238,0.0,0.0,18.023407999862684,18.023407999862684
859,very_dense,1,1,1,0,0.8073463030922706,0.840569007160569,0.840569007160569,30.981848999545036,0.6670500024483772,4.881312000179605,0.0,0.0,5.53265200687747,5.53265200687747
860,very_dense,1,1,1,0,0.87592807504539,1.1275604102294587,1.1275604102294587,32.45029200024874,1.2459539975679945,11.49427300424577,0.0,0.0,13.510072000826767,13.510072000826767
861,very_dense,1,1,1,0,0.9144515793284479,1.0369052004563744,1.0369052004563744,38.32096000041929,0.7327260009333258,4.700302993114747,0.0,0.0,10.460704003889987,10.460704003889987
862,sparse,1,1,1,0,0.5863175095721661,0.6320324849412551,0.5863175095721661,7.418428999699245,0.15505499868595507,1.0360950000176672,7.683435000217287,0.17522000143799232,0.0,7.858655001655279
863,very_dense,1,1,1,0,0.7090008292580058,0.700478856290927,0.700478856290927,28.221294999639213,0.18614099917613203,1.481125999816868,0.0,0.0,1.6699859988875687,1.6699859988875687
864,very_dense,1,1,1,0,0.7243486229322991,1.4407047711136631,1.4407047711136631,28.48937599992496,0.423002999923483,5.738823999308806,0.0,0.0,6.389366001712915,6.389366001712915
865,very_dense,1,1,1,0,0.834263107880817,1.0317149122908456,1.0317149122908456,29.634315999828686,0.5409220011642901,4.928951004330884,0.0,0.0,5.530968000130088,5.530968000130088
866,very_dense,0,1,1,0,,,,28.280480999455904,0.23165000220615184,13.702062013180694,0.0,0.0,17.575490992385312,17.575490992385312
867,very_dense,0,1,1,0,,,,28.228948000105447,0.12254699959157733,9.423829000297701,0.0,0.0,10.521639995204168,10.521639995204168
868,dense,1,1,1,0,0.8588328640425439,0.9003393927647632,0.9003393927647632,21.974657999635383,0.7186709972302197,4.556952001621539,0.0,0.0,5.053327996392909,5.053327996392909
869,sparse,1,1,1,1,0.7879047623267992,0.8008998444943234,0.7983270853788536,7.709493000220391,0.2913839989560074,2.0754509978360147,7.654230000298412,0.22784099928685464,0.7758620004096883,8.657932999994955
870,dense,1,1,1,0,,,,20.678150999628997,0.3091039989158162,4.328035000071395,0.0,0.0,5.281478997858358,5.281478997858358
871,sparse,1,1,1,1,0.8686648610954129,0.9480947144486696,0.9630562088560617,8.274177000203053,0.6318030027614441,4.410559998177632,7.763737999994191,0.1420439984940458,3.7265830069372896,11.632365005425527
872,sparse,1,1,1,1,0.8759196637701709,0.9404739032725716,0.8939954333717267,10.715100999732385,1.0024019984484767,6.214591995558294,9.660267000072054,1.0147059983864892,1.1579310012166388,11.832903999675182
873,sparse,1,1,1,1,0.9198929228456859,0.9012003820859334,0.8920071291996994,10.098474999722384,0.9079689998543472,5.353314998501446,8.272467000097095,0.3202190018782858,3.992994997133792,12.585680999109172
874,very_dense,0,1,1,0,,,,28.211959999680403,0.14551000094797928,4.708450999714842,0.0,0.0,5.274400998132478,5.274400998132478
875,dense,1,1,1,0,0.7304500613937785,0.7673060903565483,0.7673060903565483,22.84190399950603,0.2447120004944736,2.082083002278523,0.0,0.0,2.015168000070844,2.015168000070844
876,dense,1,1,1,0,0.7507128173311975,2.000538807275349,2.000538807275349,22.898349000570306,0.4318330020396388,7.638059003511444,0.0,0.0,8.146720000695495,8.146720000695495
877,very_dense,1,0,0,0,0.7819642109702799,1.8433128113926724,1.8433128113926724,30.008146000000124,0.4337390018918086,17.66045999738708,0.0,0.0,22.558985000614484,22.558985000614484
878,dense,1,1,1,0,0.8074835216313431,0.8889140899010305,0.8889140899010305,21.28885000001901,0.2930629998445511,2.200904004894255,0.0,0.0,2.3130849986046087,2.3130849986046087
879,dense,0,1,1,0,,,,21.693049000532483,0.09091100037039723,2.5789039991650498,0.0,0.0,2.7484809970701463,2.7484809970701463
880,sparse,1,1,1,1,0.8886691410274716,0.9554977442601701,0.950072899287312,9.9262940002518,0.9430249956494663,5.825334998917242,9.49662399943918,0.618448999375687,3.271104998930241,13.386177997745108
881,very_dense,1,1,1,0,0.8192196121182245,0.8128701431472226,0.8128701431472226,29.71636199981731,0.4955850008627749,3.2315959952029516,0.0,0.0,4.673356999774114,4.673356999774114
882,dense,1,1,1,0,0.7765374381502688,0.8154295478847956,0.8154295478847956,22.702088999722037,0.23403700106428005,1.818937999814807,0.0,0.0,1.9876939995810972,1.9876939995810972
883,sparse,1,1,1,1,0.9039763864135961,0.8814207057663767,0.8722917599473532,10.692766999454761,0.9917680044964072,5.487194007400831,8.351884000148857,0.525840999216598,3.0778470008954173,11.955572000260872
884,very_dense,0,1,1,0,0.7537076560464575,0.6247122155144523,0.6247122155144523,35.432548000244424,1.4471979966401705,14.970152997193509,0.0,0.0,15.271040005245595,15.271040005245595
885,very_dense,1,1,1,0,0.8954905022207758,1.0272251747459222,1.0272251747459222,29.781092000121134,0.8984110008896096,7.3271810015285155,0.0,0.0,7.913766002275224,7.913766002275224
886,sparse,1,1,1,1,0.784306540576302,0.8299286750462094,0.7507648812495724,7.900783999502892,0.2970549994643079,2.0377540022309404,8.24658300007286,0.30585100012103794,0.4113280010642484,8.963762001258146
887,sparse,1,1,1,1,0.8812648336150942,1.017886194615036,0.9687104969294499,8.831719000227167,0.6939400000192109,5.1169839962312835,8.174286999746982,0.47393899785674876,2.6997089980795863,11.347934995683318
888,sparse,1,1,1,0,0.6888723402702323,0.6760870603278619,0.6888723402702323,7.807578000210924,0.1409899996360764,0.9597249973012367,7.836875000066357,0.1616990011825692,0.0,7.998574001248926
889,sparse,1,1,1,0,0.8134076001526352,0.8596521222800598,0.8134076001526352,8.10754500071198,0.42062099782924633,4.495098000006692,8.283690000098431,0.519151998560119,0.0,8.80284199865855
890,sparse,1,1,1,1,0.816048180746915,0.827451535641381,0.7828184581240003,17.785600000024715,0.5633670016322867,2.3651299979974283,7.881362999796693,0.17174799904751126,1.6675489987392211,9.720659997583425
891,very_dense,1,1,1,0,0.8672191972553491,0.9972503375591908,0.9972503375591908,29.35742600038793,0.8523430042259861,6.350429002850433,0.0,0.0,7.035536998046155,7.035536998046155
892,dense,1,1,1,0,0.8027373398319888,1.0202578482484883,1.0202578482484883,21.074729000247316,0.5101310034660855,4.33232000341377,0.0,0.0,4.975920001015766,4.975920001015766
893,very_dense,1,1,1,0,0.8641968784998144,0.9530050349120877,0.9530050349120877,30.025064000255952,0.5268699978842051,4.278736008927808,0.0,0.0,4.584627999975055,4.584627999975055
894,very_dense,0,0,0,0,,,,27.94625500064285,0.10895800187427085,18.148772006497893,0.0,0.0,19.039598001654667,19.039598001654667
895,dense,1,1,1,0,0.9079713284023495,0.932675668809858,0.932675668809858,21.553834999394894,0.6431349984268309,4.482362998714962,0.0,0.0,5.297286999848438,5.297286999848438
896,dense,1,1,1,0,0.8568377365584093,0.9948091504104574,0.9948091504104574,21.81586500046251,0.6476019962065038,5.23836000047595,0.0,0.0,7.02003999685985,7.02003999685985
897,sparse,1,1,1,1,0.9146784110558553,0.8646510818643312,0.869837635194734,9.440988000278594,0.7654160044694436,4.305964000195672,9.271380000427598,0.7213530006993096,1.1441610013207537,11.136894002447661
898,sparse,1,1,1,1,0.9080518672911834,1.0074229343600718,0.907169817689749,8.233193999330979,0.6485530011559604,4.4131720014775055,8.415900999352743,0.5997350008328795,0.9644629990361864,9.98009899922181
899,dense,1,1,1,0,0.8799473379907529,0.904929066374744,0.904929066374744,22.978517999945325,0.8292429984066985,8.227343998441938,0.0,0.0,5.9503309976207674,5.9503309976207674
900,sparse,1,1,1,2,0.8433536245941078,1.076489618087631,0.8534508184078434,8.923946999857435,0.5725380015064729,4.558035999252752,8.467038000162574,0.5279460001474945,1.596810000592086,10.591794000902155
901,sparse,1,1,1,1,0.8477521936595646,0.8281223024871954,0.8507913356184172,9.384898999996949,0.6070199988243985,3.4750279992294963,9.050498000760854,0.5964359970676014,0.7816320012352662,10.428565999063721
902,sparse,1,1,1,3,0.9048606414494315,0.886795338467766,0.8776481539377379,9.560024999700545,0.7573770026283455,4.303469998376386,15.492373999222764,0.2905709970946191,3.4274830013600877,19.21042799767747
903,very_dense,0,0,0,0,0.6819013301824461,0.22775056041417852,0.22775056041417852,37.43097100050363,1.857962000030966,17.025483999532298,0.0,0.0,20.54643198789563,20.54643198789563
904,dense,0,0,0,0,,,,21.285867000187864,0.10009200104832416,16.668424003000837,0.0,0.0,21.42755299792043,21.42755299792043
905,very_dense,1,1,1,0,0.9008134838933856,1.0704051387424947,1.0704051387424947,28.452948999984073,0.5544590003410121,4.730231999928947,0.0,0.0,5.2353819964992,5.2353819964992
906,dense,1,1,1,0,0.8871645974768313,1.290828768262533,1.290828768262533,22.91256999978941,0.9093060007216991,15.438141002960037,0.0,0.0,15.289885995116492,15.289885995116492
907,sparse,1,1,1,1,0.5365259528732639,0.5617193180659737,0.5441146611613609,8.058419000008143,0.15823499961697962,1.1579910024011042,8.015104000151041,0.030263000553532038,1.1379790021237568,9.18334600282833
908,dense,1,1,1,0,0.8519535328099953,0.9112882692535917,0.9112882692535917,22.18892600012623,0.569468000321649,3.9054689959812094,0.0,0.0,4.562410002108663,4.562410002108663
909,sparse,1,1,1,1,0.8566833888433432,0.8585162564040542,0.8652285177956577,9.493001000009826,0.7040910013529356,4.866728002525633,8.930785999837099,0.5792279971501557,1.46046500049124,10.970478997478494
910,very_dense,0,1,1,0,,,,31.144993000452814,0.11883199931617128,3.0011589979039854,0.0,0.0,3.1986019985197345,3.1986019985197345
911,sparse,1,1,1,2,0.8840938961681738,0.915923796653473,0.8746123171308855,9.731412999826716,0.9958180035027908,6.056181003259553,10.417539999252767,0.9510679974482628,1.4834649991826154,12.852072995883645
912,dense,0,1,1,0,,,,29.816948999723536,0.1712989987936453,6.995400002779206,0.0,0.0,7.355156996709411,7.355156996709411
913,very_dense,1,1,1,0,0.8283559453655859,1.0731835795254407,1.0731835795254407,30.28148900011729,0.6747979987267172,6.673797003713844,0.0,0.0,7.383812000625767,7.383812000625767
914,dense,1,1,1,0,0.8522904083413457,0.8438070134144403,0.8438070134144403,22.000588000082644,0.5167229974176735,3.2107740034916787,0.0,0.0,3.460154000094917,3.460154000094917
915,dense,1,1,1,0,0.8791468959519831,0.9652976269909962,0.9652976269909962,21.864534999622265,0.7320000040635932,5.387055998653523,0.0,0.0,5.713948997254192,5.713948997254192
916,dense,1,1,1,0,0.8681203358544959,0.98005689289125,0.98005689289125,22.56720300010784,0.9354069979963242,7.925981999505893,0.0,0.0,8.367421999537328,8.367421999537328
917,very_dense,1,1,1,0,0.8687307405031369,1.1907659532246408,1.1907659532246408,28.629789999286004,0.7370929997705389,9.121342001890298,0.0,0.0,10.320715000489145,10.320715000489145
918,sparse,1,1,1,1,0.8990081046797547,0.9041461210074464,0.8955148294461479,9.306519999881857,0.8912370030884631,5.220995997660793,8.642261000204599,0.7213730004878016,1.5770449990668567,10.940678999759257
919,dense,1,1,1,0,0.8747081728179164,1.019091454221362,1.019091454221362,23.133198999857996,0.8406799970543943,7.018900999355537,0.0,0.0,6.972686000153772,6.972686000153772
920,very_dense,0,1,1,0,,,,29.65554599995812,0.35940399811806856,6.837300996267004,0.0,0.0,6.902652995449898,6.902652995449898
921,dense,1,1,1,0,0.8979686864769012,0.9807402222274108,0.9807402222274108,23.03407799990964,0.8698790006747004,6.057791004423052,0.0,0.0,6.489269997473457,6.489269997473457
922,dense,1,1,1,0,0.7594268189818759,0.8523732292571914,0.8523732292571914,21.649188000083086,0.26179100041190395,2.2041490037736367,0.0,0.0,2.379067996116646,2.379067996116646
923,sparse,1,1,1,1,0.8675294117511414,0.8760769853364466,0.872117439765959,8.609913999862329,0.6807239969930379,4.088466995199269,8.44474200039258,0.6879389993628138,0.6253150004340569,9.75799600018945
924,sparse,1,1,1,1,0.8097265759124154,0.8948871159520091,0.8331245906183853,8.06014000045252,0.37500700091186445,2.6300400013496983,8.057528999415808,0.23718900047242641,1.3334289978956804,9.628146997783915
925,very_dense,1,1,1,0,0.8645449491654872,1.0288720885429294,1.0288720885429294,29.588194000098156,0.6780090034226305,5.397709997851052,0.0,0.0,6.038548996002646,6.038548996002646
926,dense,1,1,1,0,0.8278351230984338,1.0310562498858953,1.0310562498858953,22.305468000013207,0.5142109976077336,4.660679999688,0.0,0.0,4.333577993747895,4.333577993747895
927,sparse,1,1,1,1,0.8461799649885418,0.8356122213808513,0.8584776218915853,8.96062899937533,0.746391000575386,3.9575759992658277,8.439707000434282,0.619042001744674,1.2714480017166352,10.330197003895591
928,dense,1,1,1,0,0.9026597234476887,1.2353368233355233,1.2353368233355233,21.484738000253856,0.852503002533922,10.026418993220432,0.0,0.0,9.966741002244817,9.966741002244817
929,dense,1,1,1,0,0.8770392718927246,0.9817538633794748,0.9817538633794748,20.91381399986858,0.6585119981536991,4.918210998766881,0.0,0.0,5.545603999053128,5.545603999053128
930,dense,1,1,1,0,0.9246275077333947,0.9915690217849392,0.9915690217849392,21.634742000060214,0.9144629993897979,6.757554001524113,0.0,0.0,7.954513998811308,7.954513998811308
931,very_dense,1,0,0,0,0.8740988072204168,0.7072647917029229,0.7072647917029229,30.065244999605056,0.8641479980724398,15.991437011507514,0.0,0.0,17.71456899587065,17.71456899587065
932,sparse,1,1,1,1,0.4901455441840596,0.5100277721418861,0.48654414338390783,7.663368999601516,0.11831299889308866,0.8307499983857269,7.595353999931831,0.04367199926491594,0.5741429995396174,8.213168998736364
933,dense,1,1,1,0,0.7391886661753416,0.6260852046542787,0.6260852046542787,20.939980999173713,0.21461099913722137,1.2664230007430888,0.0,0.0,1.2748469998768996,1.2748469998768996
934,dense,1,1,1,0,0.9012620699623662,0.921180616887476,0.921180616887476,23.42896699974517,0.98992899802397,6.0673539992421865,0.0,0.0,6.56950099983078,6.56950099983078
935,very_dense,1,1,1,0,0.8456252961919534,0.9768226791227892,0.9768226791227892,28.68707400011772,0.5287059975671582,4.535755001597863,0.0,0.0,5.0037550026900135,5.0037550026900135
936,sparse,1,1,1,1,0.8467450451225156,0.8557543049244322,0.8305235245318802,8.38021699928504,0.5121019994476228,3.021008998985053,8.210619999772462,0.288338000245858,1.6333450012098183,10.132303001228138
937,sparse,1,1,1,0,0.8528194337598185,1.0319871333218043,1.0319871333218043,8.86104500023066,0.7826320033927914,5.762623000009626,0.0,0.0,5.6399569966743,5.6399569966743
938,dense,0,1,1,0,0.5656526640776599,1.0748880604615405,1.0748880604615405,22.999109999545908,0.7626649994563195,8.084995994067867,0.0,0.0,8.54830200660217,8.54830200660217
939,dense,1,1,1,0,0.7823269329254502,0.7630995343820471,0.7630995343820471,20.92853500016645,0.31120600124268094,1.952494001670857,0.0,0.0,1.947152000866481,1.947152000866481
940,very_dense,1,1,1,0,0.9048644126213216,1.0120514509268526,1.0120514509268526,28.871047000393446,0.7894360014688573,6.258053001147346,0.0,0.0,6.627847000345355,6.627847000345355
941,dense,1,0,0,0,0.8599942424869816,1.1751259883632308,1.1751259883632308,21.394504000454617,0.6229619993973756,16.45271300276363,0.0,0.0,17.367174996252288,17.367174996252288
942,very_dense,0,1,1,0,,,,27.811676999590418,0.378204998014553,7.96895499661332,0.0,0.0,8.707969005627092,8.707969005627092
943,dense,1,1,1,0,0.549541332253388,0.6061874909060341,0.6061874909060341,20.927554000081727,0.1373270015392336,1.0517789987716242,0.0,0.0,1.1017130009349785,1.1017130009349785
944,sparse,0,1,1,1,,,,7.959062999361777,0.12199799948575674,3.536156001246127,7.939610999528668,0.24050200136116473,2.1332739988793037,10.313386999769136
945,sparse,1,1,1,1,0.789999023882193,0.8074970130254867,0.7999625172363279,8.411354000600113,0.43266699776722817,2.538176003326953,8.144827999785775,0.2542059974075528,1.3658549996762304,9.764888996869558
946,very_dense,1,1,1,0,0.8906870773694648,1.0114186234803095,1.0114186234803095,29.172414000640856,0.8450699970126152,8.243885000410955,0.0,0.0,8.781464995081478,8.781464995081478
947,sparse,1,1,1,0,0.7336893196461121,0.8473000211515264,0.7336893196461121,8.496897999975772,0.3928380019715405,2.4965829998109257,8.465109000098892,0.429889997576538,0.0,8.89499899767543
948,very_dense,1,0,0,0,0.8946508321591804,1.042833108874986,1.042833108874986,29.549150000093505,0.7936919946587295,16.15077999758796,0.0,0.0,18.568319007499667,18.568319007499667
949,sparse,1,1,1,1,0.8951094533770924,0.8822637667674147,0.893189821563064,9.087807000469184,0.7154960003390443,4.263378002178797,8.68042499951116,0.5149970038473839,2.0012820004922105,11.196704003850755
950,sparse,1,1,1,0,0.6103022368140585,1.3626769821297993,1.3626769821297993,7.626096999956644,0.16901700018934207,2.2327880024022306,0.0,0.0,2.2162460036270204,2.2162460036270204
951,sparse,1,1,1,0,0.5254214931156933,0.576422555848866,0.5254214931156933,7.716130999142479,0.13450500046019442,0.9813290016609244,7.725118000053044,0.14705099783896003,0.0,7.872168997892004
952,dense,1,1,1,0,0.8661787777421476,0.9567220029609603,0.9567220029609603,21.313860000191198,0.6297839945546002,4.988702003174694,0.0,0.0,5.704180994143826,5.704180994143826
953,dense,1,1,1,0,0.8991473150411536,0.9256991233531512,0.9256991233531512,21.461534000081883,0.8428250039287377,5.869391998203355,0.0,0.0,6.64001799577818,6.64001799577818
954,very_dense,0,0,0,0,0.4158891665801164,0.8609667736252788,0.8609667736252788,29.20251300020027,0.3757359963856288,16.14703600444045,0.0,0.0,17.50219401128561,17.50219401128561
955,dense,1,1,1,0,0.8533082006028853,1.2034550634167884,1.2034550634167884,21.206986999459332,0.6919689976712107,8.497363998685614,0.0,0.0,12.428854000972933,12.428854000972933
956,dense,1,1,1,0,0.7342935943670313,0.7073761722433483,0.7073761722433483,22.232652999264246,0.2703560003283201,1.7211229978784104,0.0,0.0,1.7021920011757175,1.7021920011757175
957,dense,1,0,0,0,0.896724014287436,1.1024091381826844,1.1024091381826844,22.974366000198643,0.9070789956240333,17.577797996636946,0.0,0.0,18.563139003163087,18.563139003163087
958,very_dense,1,0,0,0,0.8721014806336203,0.7571436080434129,0.7571436080434129,30.24369500053581,1.0311480036762077,15.870599005211261,0.0,0.0,18.154210999455245,18.154210999455245
959,dense,1,1,1,0,0.7420652120224014,0.7360749680129232,0.7360749680129232,21.146239000700007,0.33645000257820357,1.9497280027280794,0.0,0.0,2.0395970013851183,2.0395970013851183
960,sparse,1,1,1,1,0.8944925152872398,0.9365434938196342,0.8937184359305265,8.278027000415022,0.7566730046164594,4.326701997342752,8.192498999960662,0.7266849961524713,0.6977820003157831,9.616965996428917
961,dense,1,0,0,0,0.8466940570188966,0.40807694845126086,0.40807694845126086,22.476856000139378,0.662395002109406,3.2172739993256982,0.0,0.0,3.3036179993359838,3.3036179993359838
962,very_dense,1,0,0,0,0.8607335161777965,1.270602509948048,1.270602509948048,29.395708000265586,0.5794870021418319,17.800242000703292,0.0,0.0,19.75455200044962,19.75455200044962
963,sparse,1,1,1,0,0.8116984152590138,0.7771406171031617,0.7771406171031617,8.69378900006268,0.44837699806521414,2.569366000898299,0.0,0.0,2.662943000359519,2.662943000359519
964,very_dense,0,0,0,0,0.6468367692466963,0.1902720296737184,0.1902720296737184,40.43892200024857,2.0286089938963414,17.839121002907632,0.0,0.0,20.389801998135226,20.389801998135226
965,dense,1,0,0,0,0.8683452790108951,1.097434004138582,1.097434004138582,22.93164799993974,0.8368230028281687,17.73674399464653,0.0,0.0,17.703745005746896,17.703745005746896
966,dense,1,1,1,0,0.8028377369482842,0.8862723380155955,0.8862723380155955,22.032064000086393,0.5664890031766845,4.78318999921612,0.0,0.0,4.711577003945422,4.711577003945422
967,sparse,1,1,1,1,0.8039280506117004,0.9026521237833163,0.8034825708184926,8.004938999874867,0.32531199849472614,2.7209779982513282,8.501012999658997,0.3758509992621839,0.285154999801307,9.162018998722488
968,very_dense,0,1,1,0,,,,29.24901000005775,0.11967899990850128,8.399845998610544,0.0,0.0,8.62729200434842,8.62729200434842
969,sparse,1,1,1,0,0.7359842067178411,0.722485859711672,0.7359842067178411,8.099317999949562,0.3688420001708437,2.066095998088713,8.07738299954508,0.41009799861058127,0.0,8.487480998155661
970,sparse,1,1,1,0,0.5952460389842533,0.6540558851208815,0.6540558851208815,7.678295999539841,0.20140800097578904,1.4189780004016939,0.0,0.0,1.2902880016554263,1.2902880016554263
971,dense,1,1,1,0,0.8521102635766206,0.9310426217389265,0.9310426217389265,22.839373999886448,0.6796719990234124,5.540161996577808,0.0,0.0,5.0620619986148085,5.0620619986148085
972,dense,0,1,1,0,,,,21.35899499990046,0.49366300117981154,4.89645999550703,0.0,0.0,5.262098998173315,5.262098998173315
973,dense,1,1,1,0,0.891452019612867,0.9612913524180486,0.9612913524180486,22.153615000206628,0.9462870002607815,7.83954400321818,0.0,0.0,10.574510996775643,10.574510996775643
974,sparse,1,1,1,2,0.7875663365738215,0.8070762419619482,0.8092027793904203,7.884788000410481,0.35049500274908496,2.942333998362301,7.8477520000888035,0.10843299969565123,1.809225999750197,9.765410999534652
975,sparse,1,1,1,0,0.8447354510470111,0.9615184158566307,0.9615184158566307,8.618913999271172,0.6564940022144583,4.3074139994132565,0.0,0.0,4.417959000420524,4.417959000420524
976,sparse,1,1,1,1,0.8926863284322429,0.9280705028476651,0.8893517428235752,7.96371900014492,0.5756840027970611,3.5241320038039703,7.987222000338079,0.5608489991573151,0.8630720012661186,9.411143000761513
977,dense,1,1,1,0,0.8699059458293482,1.1771978502308738,1.1771978502308738,21.698926999306423,0.8532250003554509,8.125781995659054,0.0,0.0,8.510542995281867,8.510542995281867
978,dense,1,1,1,0,0.7705201279737769,0.7805543251260687,0.7805543251260687,21.142201999282406,0.33799799894040916,2.1330619993022992,0.0,0.0,2.223163001872308,2.223163001872308
979,dense,1,1,1,0,0.7560079314776647,0.8855256432021749,0.8855256432021749,20.869846000096004,0.351378998857399,2.870132998396002,0.0,0.0,3.3147730009659426,3.3147730009659426
980,dense,1,1,1,0,0.8603613669816681,0.9722111396802923,0.9722111396802923,21.391477000179293,0.5756949976785108,4.33526099914161,0.0,0.0,4.521584996837191,4.521584996837191
981,very_dense,0,0,0,0,0.07007783219397075,0.2773717534601271,0.2773717534601271,32.87637299945345,0.2001410011871485,15.821708004295942,0.0,0.0,20.123224008784746,20.123224008784746
982,dense,1,1,1,0,0.836461973282609,0.8479534661760262,0.8479534661760262,22.03534600084822,0.7200459967862116,6.022439998560003,0.0,0.0,4.690374000347219,4.690374000347219
983,dense,1,1,1,0,0.8795436151034711,0.8697716376370035,0.8697716376370035,22.039722000045003,0.727275001736416,4.595035001329961,0.0,0.0,7.922749000499607,7.922749000499607
984,dense,1,1,1,0,0.8445396281529691,1.036568236369365,1.036568236369365,22.52404899991234,0.9052980049091275,8.056932000727102,0.0,0.0,8.317529996929807,8.317529996929807
985,dense,1,1,1,0,0.6860942459163023,0.6840804161392714,0.6840804161392714,20.91585100060911,0.25140299840131775,1.5732839983684244,0.0,0.0,2.0355529995867983,2.0355529995867983
986,dense,1,1,1,0,0.8857246539878146,0.9189622352379514,0.9189622352379514,21.97329000046011,0.6853339982626494,4.782075000548502,0.0,0.0,5.144623999512987,5.144623999512987
987,sparse,1,1,1,2,0.8911984676215425,0.914421472888307,0.8847207657187388,9.942460999809555,0.9763339958226425,6.062605004444777,9.617757000341953,0.9436059999643476,1.6717089984013,12.2330719987076
988,sparse,1,1,1,0,0.7107948375087662,0.6998631596786112,0.6998631596786112,7.878064000578888,0.2023329989242484,1.2969389999852865,0.0,0.0,1.4749199990546913,1.4749199990546913
989,very_dense,1,1,1,0,0.8577649407141458,1.0625603607649943,1.0625603607649943,29.357145999711065,0.5156310016900534,4.649396995773714,0.0,0.0,5.521535994375881,5.521535994375881
990,dense,1,1,1,0,0.8985611091501964,1.0943428126886512,1.0943428126886512,22.564686999430705,0.8720250016267528,6.990138999753981,0.0,0.0,7.297758992535819,7.297758992535819
991,dense,1,1,1,0,0.8358205492862749,0.8790485779572916,0.8790485779572916,22.721770999851287,0.4802649982593721,3.2513700007257285,0.0,0.0,3.165525000440539,3.165525000440539
992,sparse,1,1,1,1,0.776420463241486,0.784515888525309,0.802854121418792,7.893350999438553,0.37753199558210326,2.352171003622061,7.936883000184025,0.318860000334098,0.876985999639146,9.13272900015727
993,dense,1,1,1,0,0.7907609804372007,1.0832957785165298,1.0832957785165298,21.518178999940574,0.4436820008777431,3.844533001029049,0.0,0.0,4.15246499778732,4.15246499778732
994,dense,1,1,1,0,0.9322162228351174,1.0474544339135043,1.0474544339135043,22.285101999841572,0.9428149978703004,6.220003995622392,0.0,0.0,6.612316002247098,6.612316002247098
995,dense,1,1,1,0,0.8887928923456875,1.083093834126608,1.083093834126608,21.672107000085816,0.9256720004486851,9.229860000232293,0.0,0.0,8.609370003796357,8.609370003796357
996,dense,1,1,1,0,0.8590478421826525,0.9238861531572569,0.9238861531572569,22.421607000069343,0.7293420067071565,5.468254994411836,0.0,0.0,5.691189999197377,5.691189999197377
997,dense,1,1,1,0,0.8896312423677808,0.9628993226546676,0.9628993226546676,22.590164000575896,0.906857001609751,6.304323002041201,0.0,0.0,6.832787000348617,6.832787000348617
998,very_dense,0,0,0,0,0.4811098218015819,0.5116957267711818,0.5116957267711818,29.875545999857422,0.6479410021711374,16.404513999077608,0.0,0.0,17.209909003213397,17.209909003213397
999,dense,1,1,1,0,0.621676273497662,0.5610738414321527,0.5610738414321527,21.067667999886908,0.21012400065956172,1.6138690007210243,0.0,0.0,1.6263499983324436,1.6263499983324436
1000,very_dense,0,0,0,0,0.07432191993349674,0.6303087123073587,0.6303087123073587,32.5654560001567,0.2081420007016277,10.321079991626902,0.0,0.0,11.230729998715105,11.230729998715105
1001,very_dense,0,0,0,0,0.6470451764560881,0.19488818147301953,0.19488818147301953,39.78576100053033,1.8749949958873913,16.388580994316726,0.0,0.0,17.19961601156683,17.19961601156683
1002,dense,1,1,1,0,0.7724564442341727,0.7907311630308889,0.7907311630308889,20.924397999806388,0.2689790007934789,1.6717480011720909,0.0,0.0,1.6528950000065379,1.6528950000065379
1003,very_dense,1,1,1,0,0.9023093637612094,1.1716008842089403,1.1716008842089403,30.387523000172223,0.9735290013850317,10.21226099874184,0.0,0.0,11.043639007766615,11.043639007766615
1004,sparse,1,1,1,0,0.71317103736283,0.7322026242212453,0.71317103736283,7.972921999680693,0.21023600311309565,1.4778269978705794,7.958960999530973,0.23454699930880452,0.0,8.193507998839777
1005,very_dense,1,1,1,0,0.8857207007137541,1.1067367105955226,1.1067367105955226,31.21444199950929,1.0802389988384675,10.286132992405328,0.0,0.0,10.887864998039731,10.887864998039731
1006,very_dense,0,1,1,0,0.053734804633633566,0.2539614617136653,0.2539614617136653,34.25476200027333,0.1700630000414094,5.5731209977238905,0.0,0.0,6.4799410038176575,6.4799410038176575
1007,dense,1,0,0,0,0.8727478891773722,1.2539066037138706,1.2539066037138706,22.67830400069215,0.7838740002625855,15.9950819952428,0.0,0.0,18.789310993270192,18.789310993270192
1008,very_dense,0,1,1,0,,,,28.063034000297193,0.15655599963793065,5.986362002659007,0.0,0.0,6.761490003555082,6.761490003555082
1009,dense,1,1,1,0,0.909075980014209,0.9530837086716456,0.9530837086716456,23.981619999176473,1.0464200013302616,8.355822997145879,0.0,0.0,9.08358699962264,9.08358699962264
1010,sparse,1,1,1,1,0.8706998037440438,0.8838522282739482,0.8770113942523797,8.230397000261291,0.5420799998319126,3.6635520000345423,8.575068000027386,0.5186749995118589,0.6972870005483855,9.79103000008763
1011,very_dense,1,1,1,0,0.8754399505839354,1.1643466847424284,1.1643466847424284,29.109485999470053,1.0145800015379791,9.226858997863019,0.0,0.0,10.097147998749278,10.097147998749278
1012,sparse,1,1,1,1,0.8822699527893669,1.011947765953558,0.8869718391032483,9.406438999576494,0.8796959946266725,5.9871029980058665,9.532709000268369,0.7331859997066204,1.7246990009880392,11.990594000963029
1013,sparse,1,1,1,1,0.8925048663170608,0.880058466880489,0.8963125634291164,9.871332999864535,0.8879489969331189,4.757849997986341,9.570899000209465,0.8741079973333399,0.9560650005369098,11.401071998079715
1014,dense,1,1,1,0,0.8477913141796268,0.9853408049155721,0.9853408049155721,21.206306999374647,0.5575379973379313,4.350858007455827,0.0,0.0,4.211363002468715,4.211363002468715
1015,very_dense,1,0,0,0,0.8160248283257658,1.0199238068834369,1.0199238068834369,34.39833999982511,0.5747190052716178,18.622170001435734,0.0,0.0,18.862317003367934,18.862317003367934
1016,dense,1,1,1,0,0.8962164784347731,0.9341528195056714,0.9341528195056714,23.236934000124165,0.9433450031792745,6.865126003503974,0.0,0.0,6.4684790013416205,6.4684790013416205
1017,dense,1,1,1,0,0.8174844279247242,0.9250166097758703,0.9250166097758703,22.210006000022986,0.5553859991778154,4.168141003901837,0.0,0.0,4.970626998328953,4.970626998328953
1018,sparse,1,1,1,0,0.6043941354251152,0.5754993757699879,0.5754993757699879,7.707865000156744,0.15776700092828833,0.9775539992915583,0.0,0.0,0.9232229995177477,0.9232229995177477
1019,sparse,1,1,1,0,0.8431070976010797,0.8280738308899438,0.8431070976010797,8.73962500008929,0.620483996499388,3.4751469993352657,9.251055999811797,0.734493001800729,0.0,9.985549001612526
1020,sparse,1,1,1,0,0.8151190457034975,0.8532500100588322,0.8151190457034975,8.241000999987591,0.4087110000909888,2.6282820017513586,8.069359999353765,0.46564400145143736,0.0,8.535004000805202
1021,sparse,1,1,1,0,0.8054124547652936,0.8319936957512908,0.8054124547652936,8.404526000049373,0.4718649988717516,2.7977609997833497,8.365602000594663,0.5341389969544252,0.0,8.899740997549088
1022,very_dense,0,0,0,0,0.18647192772993182,0.36909190005531445,0.36909190005531445,32.85272699940833,0.47534699569951044,16.327117999026086,0.0,0.0,16.894749003768084,16.894749003768084
1023,very_dense,1,1,1,0,0.8073932772674232,0.9075657615483904,0.9075657615483904,28.266178999729163,0.46482100151479244,3.2827000013639918,0.0,0.0,3.4233129999847733,3.4233129999847733
1024,very_dense,0,0,0,0,0.19459065407444698,0.38990423025590504,0.38990423025590504,33.82504099954531,0.5195370022192947,16.101382007946086,0.0,0.0,17.56377600122505,17.56377600122505
1025,sparse,1,1,1,1,0.8775247086424908,0.9309260363022205,0.8901799286396329,8.357976999832317,0.8315219993164646,5.192106996219081,8.098637999864877,0.6805959983466892,1.8612599988045986,10.640493997016165
1026,sparse,1,1,1,1,0.6899816074142712,1.823910628439547,0.882218515263034,7.675959000152943,0.15211800200631842,2.9059090020382428,7.555991000117501,0.03908900089300005,1.2517159993876703,8.846796000398172
1027,sparse,1,1,1,0,0.8791450641909848,0.8824183391587298,0.8791450641909848,8.254065000073751,0.5796670029667439,3.3393179992344812,8.204058000046643,0.6628730025113327,0.0,8.866931002557976
1028,dense,1,1,1,0,0.8907998616478109,1.055384793323899,1.055384793323899,22.587688000385242,0.8649920027892222,8.008767998944677,0.0,0.0,8.893597996575409,8.893597996575409
1029,dense,1,1,1,0,0.623074846500879,0.58813346351481,0.58813346351481,21.315908999895328,0.1715849994070595,1.0606999994706712,0.0,0.0,1.0231500000372762,1.0231500000372762
1030,dense,1,1,1,0,0.7710709578903323,0.7914455212075752,0.7914455212075752,21.13566399930278,0.3304679976281477,2.2059009979784605,0.0,0.0,2.299129000675748,2.299129000675748
1031,sparse,1,1,1,1,0.8522888568149084,0.9484091583762128,0.9531504667107001,8.173089000592881,0.652869998702954,4.447305001122004,8.078429999841319,0.1085010017050081,4.000880002422491,12.187811003968818
1032,very_dense,1,1,1,0,0.884651418716651,1.458915346721492,1.458915346721492,29.46821500063379,0.4307149984015268,5.872475003343425,0.0,0.0,6.3192820070980815,6.3192820070980815
1033,sparse,1,1,1,0,0.905444737660108,1.1991516804282314,1.1991516804282314,8.138284000779095,0.6315949995041592,5.020931003855367,0.0,0.0,5.462323995743645,5.462323995743645
1034,sparse,1,1,1,0,0.7625866139867201,0.7767993627032115,0.7625866139867201,8.02536700030032,0.37176700243435334,2.4349190025532153,8.057325999288878,0.43042999823228456,0.0,8.487755997521162
1035,very_dense,1,1,1,0,0.7423814660966114,0.863561705329922,0.863561705329922,28.839837000305124,0.30174000039551174,2.5947320018531173,0.0,0.0,2.7934859999732,2.7934859999732
1036,very_dense,1,0,0,0,0.9205775880209167,0.5935704978484995,0.5935704978484995,31.045489000462112,1.1673330000121496,17.39359999737644,0.0,0.0,17.712458995447378,17.712458995447378
1037,sparse,1,1,1,1,0.8973404489937231,0.9555304136844042,0.9133014869838146,8.670176999657997,0.7743470014247578,4.923967000650009,8.668866999869351,0.7936040028653224,0.8204579989978811,10.282929001732555
1038,dense,1,1,1,0,0.8178220536356482,0.9020590555420602,0.9020590555420602,21.703419000004942,0.5008339994674316,4.128234002564568,0.0,0.0,4.356739997092518,4.356739997092518
1039,very_dense,1,1,1,0,0.7504942488434831,0.8917514432420083,0.8917514432420083,28.143227999862575,0.30525900274369633,2.4915749972933554,0.0,0.0,2.632342000651988,2.632342000651988
1040,very_dense,1,1,1,0,0.8891875959330132,0.959536201843258,0.959536201843258,29.20977200028574,1.0013899982368457,7.508414997573709,0.0,0.0,9.138854999946489,9.138854999946489
1041,very_dense,1,1,1,0,0.8641963874550922,0.9953069753399105,0.9953069753399105,29.7357870003907,0.8230629973695613,6.375712001499778,0.0,0.0,6.695833995763678,6.695833995763678
1042,dense,1,1,1,0,0.914974027207314,0.9722798297166391,0.9722798297166391,21.310714999344782,0.7698759973209235,5.676123000739608,0.0,0.0,5.698654998013808,5.698654998013808
1043,dense,1,1,1,0,0.7629789586707012,0.8122888841520052,0.8122888841520052,21.12421799938602,0.3747550008483813,2.8610129993467126,0.0,0.0,3.3187770004587946,3.3187770004587946
1044,very_dense,1,1,1,0,0.796516016310173,1.1016355139776535,1.1016355139776535,30.674780000481405,0.5714409971915302,4.987004992472066,0.0,0.0,5.818407000333536,5.818407000333536
1045,sparse,1,1,1,1,0.8919756563550295,0.9187284291980509,0.9087784392910098,10.768717999781074,1.0474849996171542,6.0566860001927125,9.135358999628806,0.8886719988367986,1.8682599966268754,11.89229099509248
1046,sparse,1,1,1,0,0.8163886323815548,0.9214757558342858,0.9214757558342858,8.242527999755112,0.48405299639853183,3.569786000298336,0.0,0.0,3.4749849928630283,3.4749849928630283
1047,dense,1,1,1,0,0.833957159989278,0.9533032427737071,0.9533032427737071,21.224632000667043,0.5610630023511476,4.975312002898136,0.0,0.0,5.330680996848969,5.330680996848969
1048,very_dense,1,1,1,0,0.8298847420429766,1.1149199378936558,1.1149199378936558,31.141370000113966,0.6534200001624413,5.814209999698505,0.0,0.0,6.7080129992973525,6.7080129992973525
1049,sparse,1,1,1,2,0.8810857593736767,0.9193011725719205,0.8874092119358145,9.511800000836956,0.9804099972825497,5.9107610022692825,9.924601999955485,0.8992579951154767,1.325182000073255,12.149041995144216
1050,dense,1,1,1,0,0.8260238578018964,0.9531055664812329,0.9531055664812329,21.949370000584167,0.6499190039903624,6.021866999617487,0.0,0.0,6.901137996464968,6.901137996464968
1051,dense,1,1,1,0,0.7858533968620052,0.9235609833176115,0.9235609833176115,21.792866999930993,0.4807050017916481,3.8900429999557673,0.0,0.0,3.8764059981986065,3.8764059981986065
1052,dense,1,0,0,0,0.9059930706837841,0.9248303769657624,0.9248303769657624,23.473027999898477,1.0501440019652364,15.865947989368578,0.0,0.0,17.957069997464714,17.957069997464714
1053,very_dense,1,1,1,0,0.8300349811959207,0.8030506098949367,0.8030506098949367,29.665910999938205,0.47928199910529656,2.8885880010420806,0.0,0.0,3.0513069996231934,3.0513069996231934
1054,sparse,1,1,1,1,0.7418558217915241,0.7314318365386552,0.7337162013394549,8.070267999755742,0.23295700066228164,1.6705059997548233,8.191891000024043,0.176644000930537,0.7332190007218742,9.101754001676454
1055,very_dense,1,1,1,0,0.6620765484521929,0.8888529256590664,0.8888529256590664,29.38265900047554,0.2104359982695314,2.0465770012378925,0.0,0.0,2.054384995972214,2.054384995972214
1056,dense,1,1,1,0,0.8145464358432498,0.8729733693486587,0.8729733693486587,21.88918800038664,0.5311739996614051,3.578817997549777,0.0,0.0,3.6913919993821764,3.6913919993821764
1057,very_dense,1,1,1,0,0.8764311549601971,0.9362388135019999,0.9362388135019999,29.846368999642436,0.7371579995378852,5.318861000887409,0.0,0.0,5.64789199961524,5.64789199961524
1058,dense,1,0,0,0,0.8505724837256103,0.9020259809541159,0.9020259809541159,22.7178940003796,0.7692160043006879,15.979032001268934,0.0,0.0,18.094513998221373,18.094513998221373
1059,sparse,1,1,1,0,0.8183910455433534,0.826595802056508,0.8183910455433534,8.601808999628702,0.5136609997862251,2.9177239994169213,8.616025000264926,0.5666920023941202,0.0,9.182717002659047
1060,very_dense,1,1,1,0,0.8278450237315043,1.1900089038135806,1.1900089038135806,29.244391999782238,0.4670289990826859,6.03256900467386,0.0,0.0,6.825480004408746,6.825480004408746
1061,very_dense,0,0,0,0,0.6741180565894763,0.2770791967628327,0.2770791967628327,35.865351000211376,1.4450830030909856,17.854565002380696,0.0,0.0,17.766505010513356,17.766505010513356
1062,sparse,1,1,1,1,0.8688130091891089,1.0029275913772289,0.8779464868874077,9.604428000784537,0.72791099864844,5.4619460006506415,9.504426999228599,0.562670001272636,2.0085379965166794,12.075634997017914
1063,very_dense,1,1,1,0,0.7572958135405685,0.9900398382847669,0.9900398382847669,28.650872000071104,0.32097199800773524,3.3023540026988485,0.0,0.0,3.649300003417011,3.649300003417011
1064,very_dense,0,0,0,0,0.764985049221149,0.345141012295001,0.345141012295001,37.105443999280396,1.9953420051024295,18.706482996094564,0.0,0.0,20.79366900215973,20.79366900215973
1065,dense,1,1,1,0,0.8437389921689521,0.9202528549682779,0.9202528549682779,22.171474999595375,0.641069997982413,4.776475995640794,0.0,0.0,4.558269999506592,4.558269999506592
1066,very_dense,1,0,0,0,0.8845725676989439,0.4421644645842069,0.4421644645842069,33.092285999373416,1.6986129967335728,16.086404001725896,0.0,0.0,17.88033000593714,17.88033000593714
1067,dense,1,1,1,0,0.7481143750680258,0.870791019125641,0.870791019125641,21.788044999993872,0.39469499643018935,2.8759350016116514,0.0,0.0,2.768577000097139,2.768577000097139
1068,dense,1,1,1,0,0.855518530066189,0.8488688829491529,0.8488688829491529,21.084758999677433,0.3740500005733338,2.452233999974851,0.0,0.0,2.58812699939881,2.58812699939881
1069,sparse,1,1,1,1,0.8205911439571631,0.8047929474253803,0.805236727724364,8.445562999440881,0.5239420006546425,3.3094070004153764,7.940489999782585,0.3340310022394988,1.9919869992008898,10.266508001222974
1070,very_dense,1,1,1,0,0.9065410253648335,0.9334770348273955,0.9334770348273955,28.670355000031122,0.6179850042826729,4.077263998624403,0.0,0.0,4.646865999347938,4.646865999347938
1071,sparse,1,1,1,1,0.8848836587345369,0.8605626829913947,0.8704514427018978,9.103231999688433,0.7179559961514315,3.919740000128513,8.584147999499692,0.6090720034990227,1.1772369989557774,10.370457001954492
1072,very_dense,0,1,1,0,,,,27.949444000114454,0.10851600018213503,2.9305219986781594,0.0,0.0,3.145839999888267,3.145839999888267
1073,dense,0,0,0,0,0.21018905164355814,1.0689192229476805,1.0689192229476805,21.146661999409844,0.14954299967939733,17.145194005024678,0.0,0.0,19.807010987278773,19.807010987278773
1074,dense,1,1,1,0,0.6647092158354809,0.6148586955975063,0.6148586955975063,22.03008000014961,0.2570709993960918,3.402589999495831,0.0,0.0,1.76938500135293,1.76938500135293
1075,sparse,1,1,1,1,0.8875423860005295,0.9048266096221709,0.8764663022139358,8.625065999694925,0.7504130035158596,4.774495999299688,8.007987000382855,0.6294700042417389,1.5286310008377768,10.16608800546237
1076,very_dense,1,1,1,0,0.8544493788087947,0.8584849833256486,0.8584849833256486,28.581662000760844,0.5830279960719054,4.046980000566691,0.0,0.0,4.27953899725253,4.27953899725253
1077,sparse,1,1,1,0,0.8375802950181163,0.8649894540323214,0.8375802950181163,8.541867000531056,0.5166119963178062,2.956878999611945,8.723872000700794,0.612418001765036,0.0,9.33629000246583
1078,dense,1,1,1,0,0.8705359648705591,0.9463986368674661,0.9463986368674661,22.20348699938768,0.6246689990803134,4.424943000230996,0.0,0.0,5.3780079979333095,5.3780079979333095
1079,very_dense,0,0,0,0,,,,29.838095000741305,0.21363200085033895,18.40199599882908,0.0,0.0,19.91985999939061,19.91985999939061
1080,very_dense,0,0,0,0,0.6923316687012575,0.5577993703731257,0.5577993703731257,40.67674500038265,1.6929299963521771,16.931774996010063,0.0,0.0,18.093696992764308,18.093696992764308
1081,very_dense,1,1,1,0,0.809650982983875,0.9692953998881548,0.9692953998881548,31.254608999915945,0.6434979995901813,6.246799999644281,0.0,0.0,6.642615998316614,6.642615998316614
1082,very_dense,0,1,1,0,,,,29.917092000687262,0.18175699824496405,8.168600994395092,0.0,0.0,8.402491002925672,8.402491002925672
1083,dense,1,1,1,0,0.8442876754074952,1.1324023731574557,1.1324023731574557,22.093818000030296,0.6110060039645759,5.423836001682503,0.0,0.0,5.883405001441133,5.883405001441133
1084,sparse,1,1,1,1,0.9110313245419202,0.9486773622948094,0.9179091667810377,8.776484000009077,0.977103996774531,6.591144996491494,8.96370600003138,1.072342000043136,0.794560000031197,10.830608000105713
1085,very_dense,0,0,0,0,0.21821937428408808,0.18431102344704606,0.18431102344704606,34.416253000017605,0.7572380009150947,16.949452995504544,0.0,0.0,19.75926001523476,19.75926001523476
1086,very_dense,1,1,1,0,0.8107407772156341,0.9751747786006645,0.9751747786006645,29.77802000077645,0.5374169968490605,5.845549001605832,0.0,0.0,5.327764998583007,5.327764998583007
1087,very_dense,0,0,0,0,0.05253888075661018,0.35791698046236337,0.35791698046236337,29.81968699987192,0.11882200033141999,17.995661998611467,0.0,0.0,19.725603993720142,19.725603993720142
1088,dense,1,1,1,0,0.8754828443766557,0.8893331652238132,0.8893331652238132,21.76555999994889,0.7436520054397988,4.506980002588534,0.0,0.0,4.720910000287404,4.720910000287404
1089,sparse,1,1,1,0,0.7748692691497262,0.7656228815799034,0.7748692691497262,8.176014000127907,0.388761000976956,2.2031890002836008,8.182812999621092,0.45663399941986427,0.0,8.639446999040956
1090,dense,1,1,1,0,0.7988481049456013,0.8006071736772373,0.8006071736772373,22.016398000232584,0.42396799926791573,2.679184996850381,0.0,0.0,2.798258998154779,2.798258998154779
1091,dense,1,1,1,0,0.8433297799440806,0.8495288031557852,0.8495288031557852,22.46038699922792,0.6612579963984899,4.464040001039393,0.0,0.0,4.375217003143916,4.375217003143916
1092,very_dense,1,1,1,0,0.8859311161138683,1.0374511205421464,1.0374511205421464,30.645931999970344,0.6927739987077075,5.712876000870892,0.0,0.0,7.110850999197282,7.110850999197282
1093,dense,1,1,1,0,0.8657438911761811,0.9549667039169272,0.9549667039169272,23.465419999411097,0.9730169995236793,7.540365999375354,0.0,0.0,7.386633996247838,7.386633996247838
1094,sparse,1,1,1,0,0.5228687784501487,0.505358332821301,0.505358332821301,7.966907999616524,0.12797800081898458,0.9231169988197507,0.0,0.0,0.8241370005634963,0.8241370005634963
1095,sparse,1,1,1,0,0.8341239961055931,0.818541665910967,0.8341239961055931,8.487027000228409,0.6103739997342927,3.371838001839933,8.49870300044131,0.7198329985840246,0.0,9.218535999025335
1096,very_dense,1,1,1,0,0.7517018750583974,0.8510371110185825,0.8510371110185825,29.168213999582804,0.34729999606497586,2.6949110033456236,0.0,0.0,2.905711005041667,2.905711005041667
1097,very_dense,1,0,0,0,0.8311609079080501,1.073947736243871,1.073947736243871,29.645655999956944,0.5794219987365068,18.712435993620602,0.0,0.0,19.175207997250254,19.175207997250254
1098,sparse,1,1,1,1,0.9135350180590098,0.9462552770850483,0.9390243405990355,8.618044999820995,0.9351609960503993,6.202753998877597,8.909899999707704,0.8621389961263048,2.248282999971707,12.020321995805716
1099,dense,1,1,1,0,0.759075403800146,0.903219263946011,0.903219263946011,23.093548999895575,0.5261480009721708,4.319404990383191,0.0,0.0,3.996886999630078,3.996886999630078
1100,dense,1,1,1,0,0.8832413612911975,1.0331845301817932,1.0331845301817932,21.80093599963584,0.9131439983320888,7.733490005193744,0.0,0.0,7.72441399658419,7.72441399658419
1101,dense,1,1,1,0,0.7635173137780108,0.8920622138151558,0.8920622138151558,21.673645000191755,0.36669200017058756,3.114530997663678,0.0,0.0,3.370583998730581,3.370583998730581
1102,very_dense,0,1,1,0,,,,29.185382999457943,0.17047299661498982,4.0826109989211545,0.0,0.0,4.350257996520668,4.350257996520668
1103,sparse,1,1,1,1,0.9167355435676442,0.8829282171717802,0.91097865807302,9.303107000050659,0.7409429981635185,4.250910000337171,8.993458000077226,0.648579000881,1.3266119967738632,10.968648997732089
1104,sparse,1,1,1,0,0.8802111420272888,0.9126587044613163,0.8802111420272888,9.256327000002784,0.7462510047844262,4.390876000798016,9.097807000216562,0.8466880008199951,0.0,9.944495001036557
1105,sparse,1,1,1,1,0.8083097125629815,0.899710163001411,0.8480162338360993,8.678430999680131,0.4718750024039764,3.472911003882473,8.164973000020836,0.40353500025958056,1.2289819978832384,9.797489998163655
1106,sparse,1,1,1,0,0.7738282036491362,0.8580903335613671,0.8580903335613671,8.299447000354121,0.45673099975829246,2.9352440042202943,0.0,0.0,2.964350996990106,2.964350996990106
1107,very_dense,1,1,1,0,,,,28.646015000049374,0.19380200046725804,2.1764940001958166,0.0,0.0,2.3025220034469385,2.3025220034469385
1108,very_dense,1,1,1,0,0.7651368918783182,1.245620829643714,1.245620829643714,28.45331900061865,0.47532499684166396,6.195308000314981,0.0,0.0,7.086299004186003,7.086299004186003
1109,sparse,1,1,1,0,0.858346614727648,0.8905135786016957,0.858346614727648,8.352521999768214,0.5600139984380803,3.712677998919389,8.748405000005732,0.6471369988503284,0.0,9.39554199885606
1110,dense,1,1,1,0,0.8609711417136436,1.127494991335164,1.127494991335164,22.131228000034753,0.7577609994768864,6.627323999964574,0.0,0.0,6.584072000805463,6.584072000805463
1111,sparse,1,1,1,0,0.6635303982666558,0.5902998145137511,0.6635303982666558,7.562537000012526,0.13461699927574955,0.8553219995519612,7.702342999436951,0.15264499961631373,0.0,7.8549879990532645
1112,sparse,1,1,1,1,0.6456231352413383,0.6146825911171238,0.6199542240943148,8.032337000258849,0.18879600065702107,1.2140699991505244,7.75021800018294,0.08632600111013744,0.7899870006440324,8.62653100193711
1113,sparse,1,1,1,0,0.8322839473647149,1.156596479814171,0.8322839473647149,8.089779999863822,0.4509470008997596,4.265927992491925,8.061509000071965,0.5106529979457264,0.0,8.572161998017691
1114,sparse,1,1,1,2,0.9321920194558052,0.961637439450514,0.9169057837330025,8.554557000024943,0.9068050003406825,5.958200999884866,9.258886000679922,0.9292219992858008,1.3423370010059443,11.530445000971667
1115,dense,1,1,1,0,0.826345076669145,0.8784096734347508,0.8784096734347508,22.23509999930684,0.4500049999478506,3.9970219986571465,0.0,0.0,4.4226400004845345,4.4226400004845345
1116,very_dense,1,0,0,0,0.868351717427893,0.7394541351761449,0.7394541351761449,29.57182800037117,0.7007409976722556,17.51151400458184,0.0,0.0,18.077144993185357,18.077144993185357
1117,dense,1,1,1,0,0.7566555905466279,0.7742071988681954,0.7742071988681954,21.94250100001227,0.2787430021271575,1.8103290012732032,0.0,0.0,1.8274520025443053,1.8274520025443053
1118,very_dense,1,1,1,0,0.846699751802841,0.9957020171561645,0.9957020171561645,28.632716999709373,0.5234110012679594,4.1238819976570085,0.0,0.0,4.990302997612162,4.990302997612162
1119,dense,0,1,1,0,,,,21.368883999457466,0.05476100068335654,5.280120998577331,0.0,0.0,6.878411001707718,6.878411001707718
1120,sparse,1,1,1,2,0.9182050812641909,0.9634534814768833,0.9897465652379753,8.922592000089935,1.0664489991540904,6.658756998149329,10.489176999726624,0.94712299596722,3.0500210013997275,14.486320997093571
1121,sparse,1,1,1,0,0.6224353052245374,0.7423929247490959,0.6224353052245374,8.572611000090546,0.22575899947696598,1.7201989985551336,8.023607999348314,0.2865110000129789,0.0,8.310118999361293
1122,sparse,1,1,1,1,0.8602314356974118,0.8513150266826524,0.8852009760965216,9.922383999764861,0.854869002068881,4.809808998288645,9.717171999909624,0.8231699948737514,1.061066000147548,11.601407994930923
1123,sparse,1,1,1,0,0.8151411863080453,0.8295676479226592,0.8295676479226592,8.262894999461423,0.38174400287971366,2.400083000793529,0.0,0.0,2.4207060023400118,2.4207060023400118
1124,very_dense,1,1,1,0,0.8738975893943378,1.0226830708828485,1.0226830708828485,29.49497400004475,0.7803590006005834,6.013523992805858,0.0,0.0,6.41071500012913,6.41071500012913
1125,very_dense,1,1,1,0,0.6920649563661256,0.8653184570380502,0.8653184570380502,28.29679499973281,0.25630600157455774,2.142077000826248,0.0,0.0,2.6861239994104835,2.6861239994104835
1126,very_dense,1,1,1,0,0.8401554306320498,1.1541150197001595,1.1541150197001595,30.624017999798525,0.6948330001250724,7.15339299858897,0.0,0.0,7.145247996049875,7.145247996049875
1127,dense,1,1,1,0,0.6565420851745638,0.6060794521334728,0.6060794521334728,21.4683239992155,0.17126200054917717,1.236103998053295,0.0,0.0,1.19802700010041,1.19802700010041
1128,dense,1,1,1,0,0.8323139526391116,0.8474463227351295,0.8474463227351295,21.64923700001964,0.5292319983709604,3.280347998952493,0.0,0.0,3.590389003875316,3.590389003875316
1129,dense,0,1,1,0,0.5523966198749726,1.0834056470786833,1.0834056470786833,23.373949999950128,0.6268349989113631,7.615872002133983,0.0,0.0,7.858569999370957,7.858569999370957
1130,dense,0,0,0,0,0.3805532007931184,0.7613947221121212,0.7613947221121212,22.99333500013745,0.370558997929038,15.853519009397132,0.0,0.0,17.868306997115724,17.868306997115724
1131,very_dense,1,1,1,0,0.636705105671906,0.8777546117881776,0.8777546117881776,28.163717999632354,0.23287200383492745,2.264763999846764,0.0,0.0,2.408355998340994,2.408355998340994
1132,very_dense,1,1,1,0,0.74740003178694,0.8227478516873229,0.8227478516873229,28.345697000077053,0.3434130021560122,2.432905997011403,0.0,0.0,2.603859997179825,2.603859997179825
1133,very_dense,1,1,1,0,0.8460582323311756,1.0560279396904406,1.0560279396904406,29.24207500018383,0.7757919975119876,8.220782004173088,0.0,0.0,8.982814004411921,8.982814004411921
1134,dense,1,0,0,0,0.8978058353193049,0.9061640485397243,0.9061640485397243,22.375968000233115,0.9807960022953921,16.860946999258886,0.0,0.0,17.02150699475169,17.02150699475169
1135,sparse,1,1,1,1,0.8950663710322997,0.9491400304802461,0.9686598550191878,7.970372999807296,0.6486820020654704,4.117029001463379,8.34563300031732,0.4632019963537459,2.1717130020988407,10.980547998769907
1136,very_dense,1,0,0,0,0.910026173168682,1.070093568039814,1.070093568039814,28.31264199994621,0.5001570025342517,15.984362994458934,0.0,0.0,17.33276700724673,17.33276700724673
1137,dense,1,1,1,0,0.8206974617735665,0.9894653594677151,0.9894653594677151,21.982741999636346,0.5548670005737222,5.5272809959205915,0.0,0.0,6.303321997620515,6.303321997620515
1138,very_dense,1,1,1,0,,,,29.152836999855936,0.19793699902947992,2.740738999818859,0.0,0.0,2.673126000445336,2.673126000445336
1139,dense,1,1,1,0,0.8664647561371004,0.8967240464375641,0.8967240464375641,20.815754999603087,0.43819199800054776,2.9858600018997095,0.0,0.0,3.2271700001729187,3.2271700001729187
1140,very_dense,0,1,1,0,,,,28.003340999930515,0.6292759971984196,11.939523002183705,0.0,0.0,12.307551002777473,12.307551002777473
1141,dense,1,1,1,0,0.8411835646282425,0.8994318626325214,0.8994318626325214,22.454318000200146,0.694476000717259,5.2845979953417554,0.0,0.0,5.605496004136512,5.605496004136512
1142,very_dense,1,1,1,0,0.8610632622688652,1.2350703070035502,1.2350703070035502,29.930057000456145,0.6475139989561285,5.965006000224093,0.0,0.0,6.406846000572841,6.406846000572841
1143,very_dense,1,1,1,0,0.8293198005676299,0.9846228848446201,0.9846228848446201,29.353934000027948,0.8973239991973969,7.751703993562842,0.0,0.0,8.110956998280017,8.110956998280017
1144,sparse,1,1,1,1,0.8541247461873003,0.8947711594929553,0.8534734975707253,9.072650999769394,0.6720609990225057,3.988558004493825,9.02708600006008,0.734861002456455,0.2467340000293916,10.008681002545927
1145,dense,1,1,1,0,0.8837280220767683,1.0119119350418422,1.0119119350418422,21.733550999670115,0.8918149997043656,7.185279995610472,0.0,0.0,8.153211997523613,8.153211997523613
1146,dense,1,1,1,0,0.7557517749102,0.7561455535170006,0.7561455535170006,21.48214199951326,0.3485219986032462,2.1482109996213694,0.0,0.0,2.1337600010156166,2.1337600010156166
1147,very_dense,1,1,1,0,0.8323642659952175,1.2157705691044587,1.2157705691044587,28.952508000656962,0.6681819977529813,7.304112000383611,0.0,0.0,8.718702005353407,8.718702005353407
1148,very_dense,1,1,1,0,0.6680593149488504,0.7390751357054423,0.7390751357054423,28.03997699993488,0.16694399982952746,1.2967100001333165,0.0,0.0,1.2547160013127723,1.2547160013127723
1149,very_dense,0,0,0,0,0.0645322371791751,0.5958251601701756,0.5958251601701756,33.17940099987027,0.17512600243207999,16.040141998928448,0.0,0.0,19.102489995020733,19.102489995020733
1150,dense,1,1,1,0,0.867291934606313,0.8958775475388607,0.8958775475388607,22.103756999968027,0.6176650003908435,4.2276700032743975,0.0,0.0,4.027899999528017,4.027899999528017
1151,dense,0,1,1,0,,,,21.17489900047076,0.2405560016995878,8.468226999866602,0.0,0.0,8.353836004971527,8.353836004971527
1152,dense,1,1,1,0,0.8831751207192581,0.9210156653993439,0.9210156653993439,21.531755999603774,0.8496560003550258,5.926456000452163,0.0,0.0,5.975691003186512,5.975691003186512
1153,very_dense,1,1,1,0,0.8200549122569314,0.9290548931934436,0.9290548931934436,28.69593800005532,0.6896609993418679,5.0774530018316,0.0,0.0,5.910458999096591,5.910458999096591
1154,sparse,1,0,0,0,0.894974522480596,0.47349814127923734,0.47349814127923734,8.45658900016133,0.8859559984557563,3.6289099998612073,0.0,0.0,3.631988997767621,3.631988997767621
1155,dense,1,1,1,0,0.8889949764747983,1.0613627165497257,1.0613627165497257,21.74123800068628,0.9934880054061068,6.69898899650434,0.0,0.0,7.118912005353195,7.118912005353195
1156,sparse,1,1,1,0,0.8649763393396234,0.897880840155368,0.897880840155368,9.104050000132702,0.7161709991123644,4.703687002802326,0.0,0.0,4.918636996990244,4.918636996990244
1157,very_dense,0,0,0,0,0.31131314871572935,0.26536711494759035,0.26536711494759035,30.92776299945399,0.6771299995307345,3.8428900033977698,0.0,0.0,4.495808996580308,4.495808996580308
1158,dense,1,0,0,0,0.8469758306843167,1.112709583570748,1.112709583570748,21.445807000418426,0.6965430020500207,16.783371006567904,0.0,0.0,17.611760002182564,17.611760002182564
1159,dense,1,1,1,0,0.8717248156645733,0.9506524604981702,0.9506524604981702,22.057996000512503,0.6277729999055737,4.950963996634528,0.0,0.0,5.424260999461694,5.424260999461694
1160,dense,1,1,1,0,0.869947728078753,0.8946296174005967,0.8946296174005967,21.679456000128994,0.5863079995833687,3.969298998526938,0.0,0.0,4.137874004300102,4.137874004300102
1161,dense,1,1,1,0,0.8508482985886281,0.9274411070055477,0.9274411070055477,21.858015999896452,0.5364340040614479,3.9036309981383965,0.0,0.0,4.152421001890616,4.152421001890616
1162,very_dense,1,1,1,0,0.754549936730548,0.7878828130175531,0.7878828130175531,29.834066000148596,0.33583599906705786,2.6702149953052867,0.0,0.0,3.160987000228488,3.160987000228488
1163,dense,1,1,1,0,0.7674090802299355,0.7606548890947789,0.7606548890947789,22.47775600062596,0.3833330019915593,2.457067001159885,0.0,0.0,2.5200919990311377,2.5200919990311377
1164,dense,1,1,1,0,0.9101954673396866,0.9454215872039724,0.9454215872039724,22.50162400014233,0.7280999952854472,5.443723996904737,0.0,0.0,5.670490000738937,5.670490000738937
1165,sparse,0,0,0,0,,,,7.878096999775153,0.05402799979492556,0.9341850009150221,0.0,0.0,0.9883160018944182,0.9883160018944182
1166,sparse,1,1,1,1,0.8447161120187924,0.8170570130955858,0.8286638385576031,9.548224999889499,0.604836999627878,3.401094000764715,8.933729000091262,0.6562780017702607,0.4502160008996725,10.040223002761195
1167,dense,1,1,1,0,0.8297882297146659,0.8457942254938385,0.8457942254938385,22.263778000706225,0.5510959990715492,3.370284999618889,0.0,0.0,3.8787999992564437,3.8787999992564437
1168,very_dense,0,0,0,0,0.13636270530052452,0.44611093500353205,0.44611093500353205,43.28261199952976,0.2269550004712073,16.01197999116266,0.0,0.0,18.72979600193503,18.72979600193503
1169,very_dense,0,0,0,0,0.2553389111918896,0.23740227960281116,0.23740227960281116,33.599019000575936,0.7207889975688886,16.25138699546369,0.0,0.0,20.013517999359465,20.013517999359465
1170,dense,1,1,1,0,0.8119091262469333,0.8516681464571476,0.8516681464571476,21.716462999393116,0.486962001559732,3.4494369983804063,0.0,0.0,3.5056670003541512,3.5056670003541512
1171,dense,0,1,1,0,0.19197105952094173,1.0735100545387686,1.0735100545387686,22.30938699995022,0.20708599913632497,5.721377000554639,0.0,0.0,6.127944997388113,6.127944997388113
1172,dense,1,1,1,0,0.8508791873719893,1.0025176304532626,1.0025176304532626,22.392955999748665,0.7800679977663094,6.012516997543571,0.0,0.0,6.200019997777417,6.200019997777417
1173,sparse,1,1,1,1,0.8700004633907785,0.8585060078794373,0.8382084632134958,8.748338999794214,0.5812710014652112,3.405847999601974,8.251653999650443,0.3979519988206448,1.3997489977555233,10.049354996226612
1174,sparse,1,1,1,0,0.7922153202941548,0.9564860977324701,0.9564860977324701,8.403482000176155,0.4549370014501619,3.367572005117836,0.0,0.0,3.4134639990952564,3.4134639990952564
1175,dense,1,1,1,0,0.8920465036794295,0.9364900714585039,0.9364900714585039,22.80651000000944,0.8606400024291361,6.147573004454898,0.0,0.0,6.16423000155919,6.16423000155919
1176,sparse,1,1,1,1,0.8470330274013462,0.8838300380001972,0.8385267809022181,8.064581000326143,0.47283899948524777,2.8738590017383103,8.255490000010468,0.4645690005418146,0.5549799998334493,9.275039000385732
1177,sparse,0,1,1,1,,,,7.433619000039471,0.08570500085625099,3.58794499970827,7.805475999703049,0.3598020020945114,1.579310998749861,9.744589000547421
1178,sparse,1,1,1,0,0.9129001833080236,0.9255950826875948,0.9129001833080236,8.552768000299693,0.6443320007747388,4.246084992701071,8.286345000669826,0.7277359991348931,0.0,9.014080999804719
1179,sparse,1,1,1,1,0.8709731034348833,1.1534586680873613,1.003752632758687,8.457902000372997,0.634389002698299,5.520280004020606,8.184313000128896,0.5369090031308588,2.097705998494348,10.818928001754102
1180,dense,0,1,1,0,,,,21.427427000162425,0.4605290005201823,5.902001996219042,0.0,0.0,6.319749006252096,6.319749006252096
1181,very_dense,1,1,1,0,0.8156248855180249,0.8973547253299566,0.8973547253299566,28.861664999567438,0.5541639966395451,5.068995002147858,0.0,0.0,6.769484999495035,6.769484999495035
1182,very_dense,1,0,0,0,0.8512916622177493,1.1746657809765453,1.1746657809765453,30.14261499993154,0.5195220019231783,17.77686000241374,0.0,0.0,19.330835000801017,19.330835000801017
1183,dense,1,1,1,0,0.8537566359611971,0.8792280845336702,0.8792280845336702,21.91430200036848,0.6730810000590282,4.432685997016961,0.0,0.0,4.680008001741953,4.680008001741953
1184,dense,1,1,1,0,0.7666575774206894,0.8360914387371016,0.8360914387371016,21.084941000481194,0.4076750010426622,3.195789998244436,0.0,0.0,3.377709997948841,3.377709997948841
1185,sparse,1,1,1,1,0.9093039848801846,0.8963528328528924,0.9004277584176407,8.471725000163133,0.7228069998745923,4.184150999208214,8.105967000119563,0.5523620020539965,1.6230460032602423,10.281375005433802
1186,sparse,1,1,1,1,0.8834338904717942,0.8675383182615043,0.8519418930119041,9.678084999904968,0.7488320015909267,4.502059000515146,9.313710999776958,0.7272050024766941,1.1434219986767857,11.184338000930438
1187,dense,1,1,1,0,0.7327346984307095,0.963669459994626,0.963669459994626,20.93485099976533,0.3764259981835494,3.6524559973258874,0.0,0.0,3.8931009967200225,3.8931009967200225
1188,dense,1,1,1,0,0.8132138045588881,0.8367497617910682,0.8367497617910682,23.021124000479176,0.42991100326617016,3.2474380004714476,0.0,0.0,3.5396290013522957,3.5396290013522957
1189,sparse,1,1,1,0,0.7761770081990709,0.7342684902026112,0.7761770081990709,8.23310599935212,0.3204589975212002,1.9097610011158395,8.108412000183307,0.3603629993449431,0.0,8.46877499952825
1190,dense,1,1,1,0,0.8593008534251444,1.2371928865085382,1.2371928865085382,23.160601000199676,0.9585260022504372,10.848964003344008,0.0,0.0,11.420216000260552,11.420216000260552
1191,sparse,1,1,1,0,0.8297805588117599,0.8831769216437884,0.8297805588117599,8.27796399971703,0.4443620036909124,2.774906998638471,8.245592000093893,0.49860300350701436,0.0,8.744195003600908
1192,sparse,1,1,1,1,0.8356943972625523,0.8202375385178109,0.8190295792414188,8.781233999798133,0.5275729981804034,3.027948997441854,8.326778000082413,0.41263200182584114,1.1547019985300722,9.894112000438327
1193,very_dense,1,1,1,0,,,,27.850127999954566,0.28627299889194546,3.3974569969359436,0.0,0.0,3.5869300008926075,3.5869300008926075
1194,dense,1,1,1,0,0.9236098434913717,1.0308407621582434,1.0308407621582434,21.945909000351094,0.7891299974289723,5.887897004868137,0.0,0.0,6.481273003373644,6.481273003373644
1195,dense,1,0,0,0,0.7626359316272826,1.0625086435546371,1.0625086435546371,22.602162000112003,0.44991900176682975,17.257312987567275,0.0,0.0,17.820187993493164,17.820187993493164
1196,very_dense,1,0,0,0,0.9202549491749666,0.5399294421932781,0.5399294421932781,30.203432000234898,1.1221009999644593,16.279862006740586,0.0,0.0,18.23528300610633,18.23528300610633
1197,very_dense,0,0,0,0,0.1703835605673748,0.7648253210807916,0.7648253210807916,31.246579000253405,0.19590399915614398,17.133687993009517,0.0,0.0,19.211953992453346,19.211953992453346
1198,very_dense,1,1,1,0,0.8805872637528473,1.0746777952563376,1.0746777952563376,30.124832000183233,0.9598670058039716,7.415906002279371,0.0,0.0,9.0916630006177,9.0916630006177
1199,dense,1,1,1,0,0.831049183403259,0.885637672140642,0.885637672140642,22.095706000072823,0.5698980003217002,4.054844001075253,0.0,0.0,4.334263001510408,4.334263001510408
1200,very_dense,0,0,0,0,0.052348538355455915,0.3091495520064798,0.3091495520064798,32.16312700078561,0.15587299913022434,17.104023997490003,0.0,0.0,18.472731004294474,18.472731004294474
1201,dense,1,1,1,0,0.8606133929946671,0.9598059586690473,0.9598059586690473,22.54280499982997,0.7376580006166478,5.646353997690312,0.0,0.0,6.06312200488901,6.06312200488901
1202,very_dense,0,0,0,0,0.2633054349028024,0.4024625498373066,0.4024625498373066,33.963595000386704,0.7096449980963371,16.907391008317063,0.0,0.0,20.332309999503195,20.332309999503195
1203,very_dense,1,1,1,0,0.8444845823753728,1.6798194720939112,1.6798194720939112,29.836803999387485,0.5578659975071787,15.548731009403127,0.0,0.0,17.03095899301843,17.03095899301843
1204,dense,1,1,1,0,0.8683402332064357,0.9266650112685794,0.9266650112685794,22.25071900011244,0.6238589967324515,4.407597001772956,0.0,0.0,5.3153270009715925,5.3153270009715925
1205,very_dense,0,0,0,0,0.12215318375489549,0.4331670130722587,0.4331670130722587,35.442395999780274,0.35948299864685396,16.989443002785265,0.0,0.0,18.47234499928163,18.47234499928163
1206,dense,1,1,1,0,0.7925909441877721,1.1195763425241512,1.1195763425241512,21.7453100003695,0.40232099763670703,3.5029370010306593,0.0,0.0,3.616594998675282,3.616594998675282
1207,very_dense,1,1,1,0,0.8503693843475076,0.9719928365705116,0.9719928365705116,29.83544700055063,0.6034959969838383,4.715001998192747,0.0,0.0,4.768085999785399,4.768085999785399
1208,sparse,1,1,1,0,0.8676781821304514,0.8571112703922051,0.8676781821304514,8.42795899916382,0.5028439982197597,3.161269005431677,8.96376099990448,0.580652997996367,0.0,9.544413997900847
1209,very_dense,1,0,0,0,0.8858195693996349,0.5767873565422484,0.5767873565422484,30.556630000319274,0.9308679964306066,16.67230399834807,0.0,0.0,17.86425499813049,17.86425499813049
1210,dense,1,1,1,0,0.7757125823581754,0.7815591111196696,0.7815591111196696,20.93133600010333,0.3017699982592603,2.180296997721598,0.0,0.0,2.1649880000040866,2.1649880000040866
1211,very_dense,1,0,0,0,0.8174914170055059,1.1052795543712401,1.1052795543712401,29.005953999330814,0.4861609986619442,17.155138002635795,0.0,0.0,19.95483400696685,19.95483400696685
1212,dense,1,1,1,0,0.764242065337742,0.7759195851125176,0.7759195851125176,21.181923999392893,0.27640500047709793,2.1812360027979594,0.0,0.0,2.2642050025751814,2.2642050025751814
1213,very_dense,0,0,0,0,0.4454274615874009,0.4855783468171727,0.4855783468171727,30.43883000009373,0.6045919972166303,17.71648700650985,0.0,0.0,17.60688799640775,17.60688799640775
1214,sparse,1,1,1,0,0.8569327338618522,0.8357123697106185,0.8569327338618522,7.895740999629197,0.4854060025536455,2.864746001250751,7.858662000217009,0.5481910002345103,0.0,8.40685300045152
1215,sparse,1,1,1,2,0.8912438985854948,0.8789238485515452,0.9052329756625825,9.991950000767247,0.9264240025004256,5.30229100240831,10.042326000075263,0.8484090003548772,1.9901679988834076,12.880902999313548
1216,dense,1,1,1,0,0.4833833917236613,0.5428137731756181,0.5428137731756181,21.565901000030863,0.15341200014518108,1.5432120007972117,0.0,0.0,1.6325179985869909,1.6325179985869909
1217,very_dense,1,1,1,0,0.8007318336350518,0.8913705954203693,0.8913705954203693,29.508698000427103,0.3513370002110605,2.551442999902065,0.0,0.0,2.5964810038203723,2.5964810038203723
1218,very_dense,1,0,0,0,0.8396270649356702,0.8764550981276227,0.8764550981276227,28.53259200037428,0.609190000432136,17.313319002823846,0.0,0.0,17.395256993040675,17.395256993040675
1219,dense,1,1,1,0,0.8233162381329258,0.9834476717317366,0.9834476717317366,21.073236000120232,0.4251329983162577,3.307109001070785,0.0,0.0,3.5838719977618894,3.5838719977618894
1220,dense,1,1,1,0,0.8264193314984244,1.0968257830043466,1.0968257830043466,21.07738300037454,0.6907060014782473,6.1076100000718725,0.0,0.0,6.287512004746532,6.287512004746532
1221,dense,1,1,1,0,0.5482691992784232,0.7669710470391948,0.7669710470391948,21.698319999813975,0.16196499927900732,1.7442159996789997,0.0,0.0,1.8011530009971466,1.8011530009971466
1222,very_dense,1,1,1,0,0.8123747198542499,1.1643984959724305,1.1643984959724305,28.207049000229745,0.4215420021864702,4.313608998018026,0.0,0.0,4.5405079963529715,4.5405079963529715
1223,dense,1,1,1,0,0.8125423056900009,0.7767707651065111,0.7767707651065111,22.054569999454543,0.3895539985023788,2.4324049991264474,0.0,0.0,2.528368002458592,2.528368002458592
1224,dense,1,1,1,0,0.8370246090977884,1.0589795712160333,1.0589795712160333,22.026571999958833,0.7017410016487702,5.824639999445935,0.0,0.0,6.421643998692161,6.421643998692161
1225,very_dense,1,1,1,0,0.7979942700236109,0.8801502268637946,0.8801502268637946,30.30184100043698,0.4574530021272949,3.7327390009522787,0.0,0.0,4.262919999746373,4.262919999746373
1226,sparse,1,1,1,0,0.7233366821325099,0.7054408259370454,0.7054408259370454,8.194969999749446,0.23470600081054727,1.4910519967088476,0.0,0.0,1.5374499989775359,1.5374499989775359
1227,very_dense,1,0,0,0,0.8403322740609236,0.47590182405204867,0.47590182405204867,29.341999999815016,1.0579810004855972,17.178875006720773,0.0,0.0,17.80106199930742,17.80106199930742
1228,sparse,1,1,1,1,0.8804820849391727,0.9022693498765042,0.8609042303307493,8.502340000632103,0.7285760011654929,4.354614995463635,8.430949999819859,0.5820749993290519,1.2604019984792103,10.273426997628121
1229,sparse,1,1,1,1,0.846620884294817,0.8294830754657586,0.8446199956705606,9.22099400031584,0.6701760039504734,3.900164001606754,9.670843999629142,0.7209950008473243,0.7467210007234826,11.138560001199949
1230,very_dense,0,0,0,0,0.2248177970591545,0.41247335566036897,0.41247335566036897,34.05701500014402,0.5166750015632715,16.21188700573839,0.0,0.0,17.41512099670217,17.41512099670217
1231,very_dense,1,1,1,0,0.8543283930109541,1.1377359327117085,1.1377359327117085,29.606082999634964,0.7963539965203381,10.988085005919856,0.0,0.0,12.186797994218068,12.186797994218068
1232,very_dense,1,1,1,0,0.8817086149027549,0.897812579963586,0.897812579963586,29.226670000753074,0.6865159994049463,4.539826999462093,0.0,0.0,5.319283999597246,5.319283999597246
1233,very_dense,0,0,0,0,0.7244162932570197,0.3225739228970429,0.3225739228970429,38.95328700036771,2.008068003306107,16.98844599104632,0.0,0.0,17.479863006883534,17.479863006883534
1234,dense,1,0,0,0,0.7192311032537257,1.4744009819931698,1.4744009819931698,20.77861500038125,0.26403399897390045,16.079868010820064,0.0,0.0,18.74229499117064,18.74229499117064
1235,dense,1,1,1,0,0.8571163216143945,1.0350266453979233,1.0350266453979233,21.941218000392837,0.7673610061829095,6.314922000456136,0.0,0.0,7.860956001422892,7.860956001422892
1236,sparse,1,1,1,2,0.845925843817368,0.869518510285916,0.8938768812920446,8.64378599999327,0.5965209984424291,3.706312998474459,7.782460000271385,0.10957599988614675,3.4477880035410635,11.339824003698595
1237,sparse,1,1,1,1,0.8752350367455952,0.8924613523777731,0.863560725003779,8.596656999543484,0.7494910059904214,4.48996999693918,8.477756000502268,0.7642780037713237,0.6393720004780334,9.881406004751625
1238,sparse,1,1,1,1,0.8150447738488061,0.806583375863319,0.8144197018716406,7.730283999990206,0.27355299789633136,2.0240049980202457,8.351595000021916,0.28168799781269627,0.23896300081105437,8.872245998645667
1239,sparse,1,1,1,1,0.7654087231818283,0.771459822085401,0.7590517780410337,8.213967999836314,0.4548679989966331,2.748149999206362,8.784736000052362,0.25974500022130087,1.5425709971168544,10.587051997390517
1240,dense,1,1,1,0,0.7754147363732043,0.8901179217021392,0.8901179217021392,21.99536199987051,0.46551400373573415,3.3646990013949107,0.0,0.0,3.9491679999628104,3.9491679999628104
1241,very_dense,0,0,0,0,0.22627666483638936,0.1919366171224721,0.1919366171224721,34.198319999632076,0.6819510026616626,17.65815599446796,0.0,0.0,20.23470300173358,20.23470300173358
1242,very_dense,1,1,1,0,0.9163531478472272,1.0584962660710744,1.0584962660710744,30.472928999188298,1.115121997827373,9.915757002090686,0.0,0.0,11.5339270023469,11.5339270023469
1243,dense,1,1,1,0,0.797626005541223,0.9394246541797794,0.9394246541797794,21.651418000146805,0.4305480015318608,3.5868200029653963,0.0,0.0,3.5321969999131397,3.5321969999131397
1244,very_dense,1,1,1,0,0.8210077023889601,0.9077099192175236,0.9077099192175236,29.565572000137763,0.4808170006072032,3.7452910000865813,0.0,0.0,3.8561209994441015,3.8561209994441015
1245,very_dense,1,0,0,0,0.8195519676534256,0.9335986524378074,0.9335986524378074,29.25077500003681,0.5771809983343701,16.36802300981799,0.0,0.0,17.343247995995625,17.343247995995625
1246,very_dense,1,1,1,0,0.8620635432214285,1.1553369066456678,1.1553369066456678,29.15670400034287,0.8269380023193662,8.954292000453279,0.0,0.0,9.788281003238808,9.788281003238808
1247,dense,1,1,1,0,0.7827353748088216,0.8471781772057849,0.8471781772057849,21.367160999943735,0.4649440015782602,3.475868002169591,0.0,0.0,3.3863580028992146,3.3863580028992146
1248,sparse,1,1,1,0,0.6767059490352583,0.6926424897367662,0.6767059490352583,7.7332479995675385,0.2232369988632854,1.3895770007366082,7.7404559997376055,0.2528099985283916,0.0,7.993265998265997
1249,very_dense,1,1,1,0,0.8889473297152326,0.9583688765782495,0.9583688765782495,29.497096999875794,1.0524029994485318,7.102362003024609,0.0,0.0,7.608134996189619,7.608134996189619
1250,sparse,1,1,1,1,0.8098336211574961,0.796014473947083,0.7914337038415945,8.108758999696875,0.36384900522534736,2.1274150030876626,7.965626999975939,0.3716219989655656,0.34284799949091394,8.680096998432418
1251,dense,1,1,1,0,0.9013005471207777,0.97592076921016,0.97592076921016,21.623715000714583,0.9103450011025416,6.255959000554867,0.0,0.0,7.138278999264003,7.138278999264003
1252,sparse,1,1,1,0,0.9025005694630049,0.8742666056158787,0.9025005694630049,9.161787999801163,0.6970070016905083,4.067001998919295,8.84855599997536,0.7942170013848227,0.0,9.642773001360183
1253,very_dense,1,0,0,0,0.8868752296032313,0.38889573985360165,0.38889573985360165,31.293220999941695,1.2040780056850053,15.951951990246016,0.0,0.0,17.679247003798082,17.679247003798082
1254,dense,1,1,1,0,0.8075394176625897,1.0139179444006454,1.0139179444006454,21.328724999875703,0.42501000007177936,3.4749410015137983,0.0,0.0,3.4930030024042935,3.4930030024042935
1255,sparse,1,1,1,1,0.8085194005740246,0.9851608133759341,0.8482571182191074,7.881607999479456,0.48600599984638393,3.5136369970132364,8.167166000021098,0.4539199981081765,0.723314999959257,9.344400998088531
1256,sparse,1,1,1,2,0.8574238705050621,0.9182146146405669,0.8840880878087368,8.328516999426938,0.663660000100208,4.130108999561344,8.249575999798253,0.6195829937496455,1.0881760008487618,9.95733499439666
1257,dense,1,1,1,0,0.796665633998807,0.8757566392131574,0.8757566392131574,20.857120000073337,0.34828400202968623,2.442645999508386,0.0,0.0,2.533439999751863,2.533439999751863
1258,dense,1,1,1,0,0.775275946893857,0.8648232235317085,0.8648232235317085,20.97395999953733,0.39863400070316857,3.0727549992661807,0.0,0.0,3.0078709996814723,3.0078709996814723
1259,very_dense,1,0,0,0,0.8154884991193248,0.7699755601194717,0.7699755601194717,28.415306999704626,0.6032530045558815,17.652664008892316,0.0,0.0,18.26099600384623,18.26099600384623
1260,sparse,1,1,1,1,0.9056119227614466,0.9356654163314,0.8990823082535957,9.163605000139796,0.8547800025553443,5.207979003898799,8.536979999917094,0.6847099966762471,1.7646550022618612,10.986344998855202
1261,very_dense,1,1,1,0,0.9019216778191667,0.9902020215566051,0.9902020215566051,29.265378999298264,0.7220480028991005,5.441574004180438,0.0,0.0,6.573639994712721,6.573639994712721
1262,dense,1,1,1,0,0.8747757641824347,0.9499892783212143,0.9499892783212143,22.66510799927346,0.8292659977087169,5.417678996309405,0.0,0.0,6.056890002582804,6.056890002582804
1263,very_dense,1,0,0,0,0.7135776316850891,1.9527280513118832,1.9527280513118832,29.167327000322985,0.2638200012370362,16.39122499818768,0.0,0.0,17.927393001627934,17.927393001627934
1264,sparse,1,1,1,2,0.9349621105435733,0.9507128905001524,0.9421920010568325,8.376462999876821,0.99371499800327,5.645148000439804,8.713843000805355,0.8681800036356435,1.6832419987622416,11.26526500320324
1265,sparse,1,1,1,0,0.842015657913999,0.8469592411791582,0.842015657913999,7.989488000021083,0.4382109991638572,2.742702001341968,8.112074000564462,0.5063909984528436,0.0,8.618464999017306
1266,sparse,1,1,1,1,0.8783969928965903,0.9174045174191287,0.879668417138949,10.267010999996273,0.9396380028192652,5.659296000885661,9.395640000548156,0.7279690007635509,1.8190050031989813,11.942614004510688
1267,dense,1,1,1,0,0.798129166117075,0.8582923446335071,0.8582923446335071,21.38882100007322,0.45438499819283606,2.952316003757005,0.0,0.0,3.248140999858151,3.248140999858151
1268,very_dense,1,1,1,0,0.8498636860131341,1.0935275312182284,1.0935275312182284,30.359305000274617,0.972531004663324,8.143561994074844,0.0,0.0,8.551203000934038,8.551203000934038
1269,sparse,1,1,1,0,0.740674577929251,0.7552441364456006,0.740674577929251,8.383013999264222,0.313487003040791,1.8272610004714807,8.035449000090011,0.33553600042068865,0.0,8.3709850005107
1270,dense,1,1,1,0,0.8859409573339949,1.1006783978288464,1.1006783978288464,22.553674999471696,0.7677910016354872,6.721556997945299,0.0,0.0,7.493124000575335,7.493124000575335
1271,sparse,1,1,1,1,0.917622075673242,0.9241835327826157,0.9153378530030913,7.990925999365572,0.7869589990150416,5.136669003150018,7.985997000105272,0.8006739990378264,0.7549499987362651,9.541620997879363
1272,very_dense,1,1,1,0,0.8820248791553823,1.2517742775972964,1.2517742775972964,28.503236000688048,0.5066429985163268,5.813314001898107,0.0,0.0,5.806012001812633,5.806012001812633
1273,very_dense,1,0,0,0,0.8536950499207395,1.2364862001507313,1.2364862001507313,29.144419999283855,0.6642479993388406,7.4514610023470595,0.0,0.0,8.06278100299096,8.06278100299096
1274,very_dense,0,0,0,0,0.11212949709960739,0.4699137899475291,0.4699137899475291,29.23069900043629,0.19632099883892806,16.845844997988024,0.0,0.0,18.73126199370745,18.73126199370745
1275,very_dense,1,1,1,0,0.7511205496241021,0.8407648954672825,0.8407648954672825,29.362702000071295,0.28203999863762874,1.9824759983748663,0.0,0.0,1.992764000533498,1.992764000533498
1276,dense,0,0,0,0,0.32343164973740285,0.3327993244174206,0.3327993244174206,21.84767600010673,0.3160169999318896,2.428877002785157,0.0,0.0,2.6059829997393535,2.6059829997393535
1277,very_dense,1,0,0,0,0.8214202587240544,0.7479794127503915,0.7479794127503915,28.716569999232888,0.7519969994973508,15.900257994871936,0.0,0.0,17.580193004505418,17.580193004505418
1278,sparse,1,1,1,1,0.9026458985629845,0.9227409050418057,0.8891001972960224,8.438556999863067,0.7245239958137972,4.410188998917874,8.381842000744655,0.6528890062327264,1.0852559989871224,10.119987005964504
1279,very_dense,0,0,0,0,0.652988148373395,0.37869665159535926,0.37869665159535926,35.09379700062709,1.3766949978162302,16.29191699976218,0.0,0.0,17.98484800656297,17.98484800656297
1280,very_dense,0,1,1,0,,,,27.770353000050818,0.15766899832669878,3.2508540080016246,0.0,0.0,3.339908998896135,3.339908998896135
1281,very_dense,0,0,0,0,0.2386860857858581,0.2651820666044964,0.2651820666044964,31.961202999809757,0.5622939988825237,15.808735997779877,0.0,0.0,20.087784986571933,20.087784986571933
1282,dense,1,1,1,0,0.8143588207722235,0.8348816846443814,0.8348816846443814,21.832714000083797,0.44842999977845466,3.0009160000190604,0.0,0.0,3.189194003425655,3.189194003425655
1283,very_dense,1,1,1,0,0.865362521588938,1.0418109357312066,1.0418109357312066,28.977691999898525,0.9197310000672587,5.474955002682691,0.0,0.0,8.089277996077726,8.089277996077726
1284,dense,1,1,1,0,0.8439690980390845,0.8470694649968856,0.8470694649968856,21.76809000047797,0.5536399958145921,3.9733069970679935,0.0,0.0,4.4074580009692,4.4074580009692
1285,sparse,1,1,1,0,0.8852363808643976,0.9691274445359789,0.9691274445359789,9.733673000482668,0.8647949989608605,7.504503994823608,0.0,0.0,9.03192000441777,9.03192000441777
1286,very_dense,1,1,1,0,0.7773928489222487,1.0015247814086263,1.0015247814086263,28.316684999481367,0.4031930020573782,3.651209005511191,0.0,0.0,3.839753000647761,3.839753000647761
1287,sparse,1,1,1,1,0.9398878799767456,0.8833067235685574,0.9336332557575363,9.58483799968235,0.8673110023664776,4.68135599658126,9.539014999973006,0.8037850029722904,1.190953999866906,11.533754002812202
1288,sparse,1,1,1,2,0.8818190948519654,1.1456514614051188,0.9139939106681599,8.896991000256094,0.7332169989240356,5.7128870002998156,7.985070999893651,0.3784380032811896,2.9730949972872622,11.336604000462103
1289,dense,1,1,1,0,0.7792356978180278,0.8234130463568687,0.8234130463568687,20.95248800014815,0.3352569983690046,2.516692001336196,0.0,0.0,2.4610280024717213,2.4610280024717213
1290,sparse,1,1,1,1,0.8094860074271926,0.8197983052882722,0.824992753481522,7.657652000489179,0.293561999569647,2.212388996667869,7.704505000219797,0.19613399763329653,0.948538998272852,8.849177996125945
1291,very_dense,0,0,0,0,0.1716116721197504,0.17478636375620207,0.17478636375620207,33.486815000287606,0.4909430026600603,16.334296995410114,0.0,0.0,19.749570992644294,19.749570992644294
1292,dense,1,1,1,0,0.8792676091220446,1.0148385628910348,1.0148385628910348,22.37322899964056,0.7299490016521304,6.50397899789823,0.0,0.0,6.116104000284395,6.116104000284395
1293,sparse,1,1,1,0,0.6793604502575371,0.7223399083560742,0.6793604502575371,7.95004199972027,0.21837099848198704,1.4101409979048185,7.891277999988233,0.2554140010033734,0.0,8.146692000991607
1294,very_dense,1,1,1,0,0.795967008331445,1.664247074900131,1.664247074900131,29.903019999437674,0.4420689983817283,7.4755349960469175,0.0,0.0,6.663869999101735,6.663869999101735
1295,dense,1,1,1,0,0.8553745989234858,0.9439592327763041,0.9439592327763041,22.470387999419472,0.8329350002895808,5.799351000860042,0.0,0.0,6.412945993361063,6.412945993361063
1296,sparse,1,1,1,0,0.5491212218245589,0.5732483512418284,0.5732483512418284,8.052350999605551,0.11823099976027152,1.003877001494402,0.0,0.0,0.7012339983702987,0.7012339983702987
1297,very_dense,0,0,0,0,0.07385543931017537,0.2918196998772951,0.2918196998772951,33.036902000276314,0.20811200101888971,16.138874000716896,0.0,0.0,17.48466600292886,17.48466600292886
1298,dense,1,1,1,0,0.8792305111030397,0.9585128854807021,0.9585128854807021,21.352324999497796,0.7836119975763722,5.329656002686534,0.0,0.0,5.349713000214251,5.349713000214251
1299,sparse,1,1,1,0,0.8345603330170407,0.847255665107685,0.8345603330170407,7.686503000513767,0.40919600087363506,2.5117280001722975,7.710517999839794,0.47378499948536046,0.0,8.184302999325155
1300,very_dense,1,1,1,0,0.6708926809692529,0.6585086605177205,0.6585086605177205,27.973563999694306,0.16309999955410603,1.3432169989755494,0.0,0.0,1.4361299990923726,1.4361299990923726
1301,dense,1,1,1,0,0.882195371613261,0.9322040252809265,0.9322040252809265,21.674018999874534,0.6484799987447332,4.931430000397086,0.0,0.0,5.396406000727438,5.396406000727438
1302,very_dense,0,0,0,0,0.7880260788477218,0.5649366555783774,0.5649366555783774,37.14555900023697,1.876524998806417,16.72399099516042,0.0,0.0,17.960267005037167,17.960267005037167
1303,very_dense,0,1,1,0,0.31697529637134386,1.0821068201730542,1.0821068201730542,29.359027000282367,0.24408300123468507,6.30166399787413,0.0,0.0,6.5461880003567785,6.5461880003567785
1304,dense,1,1,1,0,0.8282871605030157,0.9426747844077332,0.9426747844077332,22.217554999770073,0.607123000008869,4.458493003767217,0.0,0.0,4.805130996828666,4.805130996828666
1305,very_dense,1,0,0,0,0.8502031545044288,1.3310800130590217,1.3310800130590217,28.845944999375206,0.5933019974690978,16.740963998927327,0.0,0.0,18.945255002108752,18.945255002108752
1306,sparse,1,1,1,1,0.751058198585424,0.7533184564373749,0.7580253868514227,8.178758999747515,0.391328998375684,2.2557590000360506,8.226603000366595,0.35346899858268443,0.65388700022595,9.233958999175229
1307,sparse,1,1,1,1,0.8745718074282768,0.8742039125992055,0.8827506756986994,8.239529000093171,0.6799339971621521,4.051062998769339,8.208422999814502,0.5609729996649548,1.813902000321832,10.583297999801289
1308,dense,1,1,1,0,0.8321128631429296,0.9795560103476237,0.9795560103476237,21.941644999969867,0.5766300009781844,4.430945000422071,0.0,0.0,4.518726001151663,4.518726001151663
1309,very_dense,1,1,1,0,0.8604477558963489,1.3025760685856436,1.3025760685856436,28.463462999752664,0.5754199983130093,10.647365000295395,0.0,0.0,11.351167000611895,11.351167000611895
1310,dense,1,1,1,0,0.8904683084098656,1.0137123657523823,1.0137123657523823,23.058335999849078,0.9693980027805082,8.927109000978817,0.0,0.0,9.299350997935107,9.299350997935107
1311,dense,1,0,0,0,0.8670019028537748,1.0984590737117603,1.0984590737117603,21.96412700050132,0.9813110018512816,16.553706002923718,0.0,0.0,17.763584998647275,17.763584998647275
1312,very_dense,1,1,1,0,0.8008348427225361,1.0267707848725776,1.0267707848725776,28.267511999729322,0.37209300444374094,3.625080998062913,0.0,0.0,3.6013900016769185,3.6013900016769185
1313,very_dense,1,1,1,0,0.8777061830900516,1.0867942001288518,1.0867942001288518,29.34227399964584,0.8445109997410327,6.794309994802461,0.0,0.0,7.5252520027788705,7.5252520027788705
1314,very_dense,1,1,1,0,0.7859622846689971,0.8782354157105884,0.8782354157105884,28.391793000082544,0.3258860024288879,2.539260002777155,0.0,0.0,2.710402999582584,2.710402999582584
1315,sparse,1,1,1,2,0.93543447951659,1.0494508190977259,0.9318179614147551,10.349793000386853,1.0167859991270234,6.682353004180186,9.323490000497259,0.8956449973993585,1.4811270011705346,11.700261999067152
1316,very_dense,1,0,0,0,0.8789164733814518,0.42501271561240056,0.42501271561240056,31.440277999536193,1.2739679987134878,16.219403000832244,0.0,0.0,17.797558001802827,17.797558001802827
1317,dense,1,1,1,0,0.8609068354786472,0.953858556278105,0.953858556278105,22.3899579996214,0.7089540022207075,4.983992002053128,0.0,0.0,5.044692999945255,5.044692999945255
1318,dense,1,1,1,0,0.8610502673507371,1.0155916691310258,1.0155916691310258,22.690161999889824,1.0619059949021903,8.66384000164544,0.0,0.0,9.36834100230044,9.36834100230044
1319,dense,1,1,1,0,0.8097980533025432,0.8068945681232955,0.8068945681232955,21.01577899975382,0.4421239991643233,2.9134370024621603,0.0,0.0,3.134012003101816,3.134012003101816
1320,sparse,1,1,1,1,0.8831766343382953,0.9260028793020497,0.8873897613979082,8.264766999673157,0.5965660002402728,3.6581130007107276,7.780629000080808,0.4243459979988984,1.339840000582626,9.544814998662332
1321,sparse,1,0,1,2,0.8884788384529009,0.7369524936703776,0.9253803392831927,9.776379999493656,0.9060960028364207,4.6370640011446085,9.717930000078923,0.5274320001262822,3.9111669993872056,14.15652899959241
1322,dense,1,1,1,0,0.8709347366753112,0.9709301900544325,0.9709301900544325,22.028301000318606,0.8882759948392049,6.793657998059643,0.0,0.0,6.5632390023893095,6.5632390023893095
1323,very_dense,0,0,0,0,0.6892887341671617,0.32279589174775647,0.32279589174775647,37.47250200012786,1.6718079978090827,16.93086800059973,0.0,0.0,17.93950199680694,17.93950199680694
1324,very_dense,1,0,0,0,0.858043046045461,0.6006245338931283,0.6006245338931283,29.87098099947616,1.1673030039673904,18.471743000191054,0.0,0.0,18.79629099403246,18.79629099403246
1325,sparse,1,1,1,1,0.903833053865235,0.9180176336958451,0.9981707013436941,10.059205000288785,0.9530500055916491,5.510817003596458,10.072705999846221,0.8816439985821489,2.0462710008359863,13.000620999264356
1326,very_dense,1,1,1,0,0.897229238637315,1.1390974405953007,1.1390974405953007,32.960014999844134,1.2812449976991047,11.050751994844177,0.0,0.0,12.02347600064968,12.02347600064968
1327,sparse,1,1,1,1,0.8353196806199729,0.7931707067744531,0.8378529201997627,9.292921999985992,0.5624850009553484,3.1984649986043223,9.289259999604838,0.5641349944198737,0.8095279990811832,10.662922993105894
1328,very_dense,1,1,1,0,0.8291273790136562,0.9306712123268864,0.9306712123268864,30.724113999895053,0.5276229976516333,4.114540003683942,0.0,0.0,4.265126001882891,4.265126001882891
1329,dense,1,1,1,0,0.7310074374587671,0.7716030411033497,0.7716030411033497,22.730444999979227,0.24525200024072547,1.7579699997440912,0.0,0.0,1.7478129993833136,1.7478129993833136
1330,dense,1,1,1,0,0.8632312489623007,0.9784398651998774,0.9784398651998774,23.14418400055729,0.7634249977854779,5.663825001647638,0.0,0.0,5.923977994825691,5.923977994825691
1331,very_dense,1,1,1,0,0.8624594465870739,0.961860302455723,0.961860302455723,29.475422000359686,0.6678009995084722,4.680257001382415,0.0,0.0,5.818776003252424,5.818776003252424
1332,dense,1,1,1,0,0.8560328262455688,0.9060138382296803,0.9060138382296803,21.752442000433803,0.5977230030111969,3.8961570026003756,0.0,0.0,4.155182003160007,4.155182003160007
1333,very_dense,0,0,0,0,0.7080859690338116,0.2152190765281483,0.2152190765281483,36.599125000066124,1.6922260019782698,16.35852000072191,0.0,0.0,19.67044200409873,19.67044200409873
1334,dense,1,0,0,0,0.8494908431979608,1.517907327168527,1.517907327168527,21.08554999995249,0.49425899942434626,17.08835000226827,0.0,0.0,17.808229001275322,17.808229001275322
1335,very_dense,0,0,0,0,0.07666553321104044,0.6624546653673249,0.6624546653673249,33.42726000028051,0.1981389978027437,15.839895001590776,0.0,0.0,18.084632004502055,18.084632004502055
1336,dense,1,1,1,0,0.8437363550240146,0.9053207565783423,0.9053207565783423,21.176518999709515,0.48769799832371064,3.305000003820169,0.0,0.0,3.4992419969057664,3.4992419969057664
1337,sparse,1,1,1,0,0.8799899768748967,1.084647698426052,1.084647698426052,7.846339000025182,0.43867200020031305,3.7887029966441332,0.0,0.0,3.8979789960649214,3.8979789960649214
1338,very_dense,1,1,1,0,0.8657844267902014,0.901944882885621,0.901944882885621,28.77247800006444,0.8241280029324116,5.537966000701999,0.0,0.0,6.601830003091891,6.601830003091891
1339,dense,1,1,1,0,0.7987012748021355,0.7632159478073051,0.7632159478073051,22.731406999810133,0.5006440042052418,3.079072999753407,0.0,0.0,3.0138149986669305,3.0138149986669305
1340,dense,1,1,1,0,0.8151964355860272,0.7714183733505114,0.7714183733505114,21.010213999943517,0.30836799942335347,2.1213339978203294,0.0,0.0,2.0013379989904934,2.0013379989904934
1341,sparse,1,1,1,1,0.8715455028984961,0.8687143166226071,0.870066439713822,9.380186000271351,0.7513309965361259,4.235891999996966,9.635031000470917,0.809532000857871,0.5929319995630067,11.037495000891795
1342,sparse,1,1,1,0,0.6801356150434421,0.6945607384177439,0.6801356150434421,8.316968999679375,0.28196099719934864,1.6847900005814154,8.388928000385931,0.3317300006528967,0.0,8.720658001038828
1343,dense,1,1,1,0,0.8731101262821239,1.3719661710179054,1.3719661710179054,21.42406100028893,0.5831789976582513,6.262251998123247,0.0,0.0,6.815107003603771,6.815107003603771
1344,sparse,1,1,1,0,0.8055134490132334,0.8248115301132202,0.8055134490132334,7.7363910004351055,0.2977239973915857,1.8607469983180636,7.991108999704011,0.362291999408626,0.0,8.353400999112637
1345,very_dense,1,0,0,0,0.776113910968547,1.186008308691968,1.186008308691968,29.688967999391025,0.4332450016590883,16.256165006780066,0.0,0.0,17.839651002759638,17.839651002759638
1346,very_dense,1,0,0,0,0.7709105461107787,1.5216819710243037,1.5216819710243037,29.168711999773222,0.49071300236391835,18.686441997488146,0.0,0.0,19.01845399697777,19.01845399697777
1347,very_dense,0,0,0,0,0.14248194199188186,0.24857930642904452,0.24857930642904452,31.420154999977967,0.27675199908117065,3.436653000790102,0.0,0.0,3.6630040040108724,3.6630040040108724
1348,very_dense,0,0,0,0,0.17471599978649674,0.5825384055321201,0.5825384055321201,30.501418000312697,0.2731380009208806,16.428885998720943,0.0,0.0,17.082480996577942,17.082480996577942
1349,dense,1,1,1,0,,,,20.57874799993442,0.3320849982628715,2.830935000019963,0.0,0.0,3.027884999937669,3.027884999937669
1350,sparse,1,1,1,1,0.860722579276047,0.8549778571743349,0.8565031076407137,8.388620999539853,0.6182580018503359,3.495429002214223,8.132478999868908,0.4827089978789445,1.2566020022859448,9.871790000033798
1351,dense,0,1,1,0,,,,21.64816099957534,0.13248099912743783,3.542319000189309,0.0,0.0,3.769555998587748,3.769555998587748
1352,dense,1,1,1,0,0.9231839850715393,0.9692007656590207,0.9692007656590207,21.939769999335113,1.0007630025938852,6.591902995751298,0.0,0.0,7.081451994963572,7.081451994963572
1353,very_dense,0,1,1,0,,,,28.930870999829494,0.24368499998672633,11.484554000162461,0.0,0.0,11.980874002802011,11.980874002802011
1354,sparse,1,1,1,0,0.8971761966345292,0.9078706823941741,0.9078706823941741,9.276050000153191,0.9378110025863862,5.322398005773721,0.0,0.0,5.3518139975494705,5.3518139975494705
1355,dense,1,1,1,0,0.8718830283480654,1.099551354435035,1.099551354435035,21.135299999514245,0.7969720008986769,6.675307001387409,0.0,0.0,6.7745909982477315,6.7745909982477315
1356,dense,1,1,1,0,0.8982358819917743,1.0002580142525324,1.0002580142525324,22.015555000507447,0.8870650026437943,6.596480004191108,0.0,0.0,6.902250003804511,6.902250003804511
1357,sparse,1,1,1,0,0.8166644022345514,0.7840794094634959,0.8166644022345514,7.8540530003010645,0.34329999834881164,2.029130998380424,7.971175999955449,0.3731839988176944,0.0,8.344359998773143
1358,sparse,1,1,1,1,0.8679291610849069,1.2294812201281697,1.2346341650527035,8.021215000553639,0.6412659950001398,5.369174000406929,8.340355999280291,0.2141719987776014,5.443237998406403,13.997765996464295
1359,dense,1,1,1,0,0.8751563437564606,1.0364054279417498,1.0364054279417498,21.335692999855382,0.628325999059598,4.55584499923134,0.0,0.0,4.735447001621651,4.735447001621651
1360,sparse,1,1,1,1,0.8324309239576264,0.9214594567571719,0.8747887938296429,8.273774999906891,0.5810750044474844,4.039979000481253,7.963058999848727,0.4513690037128981,1.5298689977498725,9.944297001311497
1361,sparse,1,1,1,1,0.9078330610391712,1.0373771824491675,1.0265231632853586,9.353053999802796,1.0311910073141917,7.227971000247635,8.753922000323655,0.782665999395249,3.361351003150048,12.897939002868952
1362,dense,1,1,1,0,0.8026971222248537,0.8512891528129921,0.8512891528129921,20.973300999685307,0.4821940001420444,3.774233002332039,0.0,0.0,3.939315996831283,3.939315996831283
1363,sparse,1,1,1,1,0.7963327516641923,0.9397383919237148,0.9212007152531217,8.415498999966076,0.4458499997781473,3.4279430028618663,7.688229999985197,0.1828680015023565,2.678851999917242,10.549950001404795
1364,dense,1,1,1,0,0.8099235418797205,0.8514343894814628,0.8514343894814628,21.825056999659864,0.5766120038970257,4.20631700035301,0.0,0.0,4.34738300373283,4.34738300373283
1365,sparse,1,1,1,1,0.7922560690239993,0.8645087062522571,0.7981586937064182,9.006866999698104,0.39138799911597744,2.781450002657948,8.523890000105894,0.2719959984460729,1.6010449990062625,10.39693099755823
1366,sparse,1,1,1,0,0.7252435643702514,0.8688489209004723,0.8688489209004723,8.103262000076938,0.36894099775963696,2.6000320049206493,0.0,0.0,2.7159610008311574,2.7159610008311574
1367,dense,1,0,0,0,0.8725917467308025,0.8779031912280482,0.8779031912280482,22.765411999898788,0.8543679969079676,16.68579499619227,0.0,0.0,18.612894994475937,18.612894994475937
1368,very_dense,1,1,1,0,0.7324640480922063,0.8564467072111471,0.8564467072111471,28.775474000212853,0.30439700185525,2.4138859962477,0.0,0.0,2.5361269972563605,2.5361269972563605
1369,dense,1,1,1,0,0.887947266605651,0.9446272878363893,0.9446272878363893,22.452293000242207,0.7993209965206916,6.140538001091045,0.0,0.0,5.806379999739875,5.806379999739875
1370,very_dense,0,0,0,0,0.56629788109547,0.30082446183798944,0.30082446183798944,36.291899000389094,1.4091589955569361,19.073509994086635,0.0,0.0,18.95856200462731,18.95856200462731
1371,dense,1,0,0,0,0.8864168106923285,1.1429766224268358,1.1429766224268358,21.493315000043367,0.8012120033527026,15.853845004130562,0.0,0.0,16.903547006222652,16.903547006222652
1372,dense,1,1,1,0,0.8897898406291953,0.9189303457026284,0.9189303457026284,22.01006699942809,0.7665770026505925,5.34841300577682,0.0,0.0,5.86496399682801,5.86496399682801
1373,dense,1,1,1,0,0.8962498837782209,0.8237114952183335,0.8237114952183335,21.830647000570025,0.5797139974674792,3.2139300001290394,0.0,0.0,3.3167859983223025,3.3167859983223025
1374,very_dense,1,1,1,0,0.7605233599202665,0.8545291648111462,0.8545291648111462,28.02893199987011,0.2254390001326101,2.016003002609068,0.0,0.0,2.0417270006873878,2.0417270006873878
1375,very_dense,0,1,1,0,0.0730140465616029,0.11312176185490563,0.11312176185490563,32.91606800030422,0.1953939990926301,2.422443002615182,0.0,0.0,2.6528939997660927,2.6528939997660927
1376,very_dense,1,1,1,0,0.7562753432782254,0.8796040322694232,0.8796040322694232,29.349526000260084,0.5210380004427861,4.52003899954434,0.0,0.0,4.404218998388387,4.404218998388387
1377,very_dense,1,1,1,0,0.8114909538465322,1.0273830822082475,1.0273830822082475,28.292738000345707,0.3808070032391697,3.3899850022862665,0.0,0.0,4.011818994513305,4.011818994513305
1378,dense,1,1,1,0,0.7593358295008582,0.6729544317811637,0.6729544317811637,22.002628999871376,0.2623150003273622,1.6004130002329475,0.0,0.0,1.4987430004111957,1.4987430004111957
1379,dense,1,1,1,0,0.8285476171073365,0.8392845772460231,0.8392845772460231,21.586180999292992,0.5856540019522072,3.782093998779601,0.0,0.0,4.198133000500093,4.198133000500093
1380,very_dense,0,0,0,0,0.6824369942868408,0.28617566801266875,0.28617566801266875,35.85895500054903,1.4865600032862858,16.16911600194726,0.0,0.0,17.5422919983248,17.5422919983248
1381,sparse,1,1,1,1,0.5912484187453716,0.5970732099367824,0.6460725164610364,7.719315999565879,0.174338000761054,1.2505449985837913,7.8091559998938465,0.16322800001944415,0.621477000095183,8.593861000008474
1382,dense,1,1,1,0,0.8283958860259191,0.9143901536810621,0.9143901536810621,21.987690999594633,0.5055190022176248,3.3952620024138014,0.0,0.0,3.449775001172384,3.449775001172384
1383,very_dense,0,1,1,0,0.25665406906170946,0.5523109292190934,0.5523109292190934,32.13259799940715,0.5940589981037192,10.058266995656595,0.0,0.0,11.667340002532,11.667340002532
1384,dense,1,1,1,0,0.8731299862414388,0.959889849138551,0.959889849138551,21.776384000077087,0.8798760027275421,5.926676995841262,0.0,0.0,6.336697005281167,6.336697005281167
1385,sparse,1,1,1,1,0.8097083311677528,0.7993407881077587,0.7960781379305488,7.970370000293769,0.4033959994558245,2.6664459983294364,7.669949000046472,0.06217800091690151,2.5529280019327416,10.285055002896115
1386,dense,1,1,1,0,0.7505509273282119,0.8054645057235444,0.8054645057235444,21.05330700032937,0.3115579993391293,2.631171000757604,0.0,0.0,2.5996949998443597,2.5996949998443597
1387,sparse,1,1,1,1,0.8109721901088678,0.9450327266919706,0.8365300419195663,8.46848899982433,0.6286979969445383,4.492551000112144,8.136145999742439,0.5788990001747152,1.1813050014097826,9.896350001326937
1388,very_dense,0,1,1,0,,,,28.948796000804577,0.2846530014721793,7.100647000697791,0.0,0.0,8.082304002527962,8.082304002527962
1389,very_dense,1,0,0,0,0.904986951514371,0.5505148651967721,0.5505148651967721,65.7411049996881,0.9727530050440691,16.660362004586204,0.0,0.0,17.91547699485818,17.91547699485818
1390,sparse,1,1,1,1,0.7671097425601598,0.7802578528212452,0.7739560105307862,8.563999000216427,0.44998000248597236,2.86890099869197,7.916310999462439,0.3351870000187773,1.4741449977009324,9.725642997182149
1391,dense,1,0,0,0,0.8644673771862429,0.7600662938960493,0.7600662938960493,21.207208999840077,0.6979180025155074,15.498623001803935,0.0,0.0,17.038462002346932,17.038462002346932
1392,very_dense,0,1,1,0,,,,27.732951999496436,0.10978999944200041,9.00987400291342,0.0,0.0,9.496590996604937,9.496590996604937
1393,very_dense,1,0,0,0,0.8577145125561226,0.43387585773808496,0.43387585773808496,29.36207699985971,1.0603429982438684,15.648069004782883,0.0,0.0,17.564446000505995,17.564446000505995
1394,sparse,1,1,1,1,0.8197398698570179,1.0663578036080226,0.8627275043682924,8.96066899986181,0.6080890007069684,4.567135001707356,8.911261999855924,0.4722339990621549,1.9476699990264024,11.331165997944481
1395,dense,0,1,1,0,,,,21.346309000364272,0.14270899828261463,7.966147998558881,0.0,0.0,8.49091900545318,8.49091900545318
1396,dense,1,1,1,0,0.8815201584519935,0.9408333891286618,0.9408333891286618,21.10021400039841,0.5521900002349867,3.6459319990171934,0.0,0.0,3.996740003458399,3.996740003458399
1397,dense,0,1,1,0,0.1712639387605106,1.2999315088753796,1.2999315088753796,21.03757399981987,0.1184840002679266,6.507289001092431,0.0,0.0,6.871685000078287,6.871685000078287
1398,sparse,1,1,1,1,0.9023599324884706,0.8726513870995383,0.8784951360175245,8.676729999933741,0.8167480009433348,4.315346997827874,8.076066999819886,0.6204299970704596,1.3515470000129426,10.048043996903289
1399,sparse,1,1,1,2,0.8114369879464102,0.864251477486246,0.8411124611491827,7.782624999890686,0.4445830008990015,2.7566480021050666,7.864049000090745,0.2725039994402323,1.6026199982661637,9.73917299779714
1400,very_dense,1,1,1,0,0.8433094794812955,1.5888996788545655,1.5888996788545655,27.981886999441485,0.48854900069272844,6.563860996720905,0.0,0.0,6.729368000378599,6.729368000378599
1401,sparse,1,1,1,0,0.8275475480844022,0.8294111921798254,0.8294111921798254,7.918184999653022,0.43066299986094236,2.6316640005461522,0.0,0.0,2.5864250001177425,2.5864250001177425
1402,sparse,1,1,1,0,0.8821515286608214,0.8721683050595876,0.8821515286608214,7.829795999896305,0.4146690016568755,2.324243996554287,7.825191000847553,0.47078400439204415,0.0,8.295975005239598
1403,sparse,1,1,1,0,0.8486781299815692,0.9833270048687555,0.8486781299815692,7.970026999828406,0.4650469973057625,3.243561994167976,8.347271999809891,0.5529929976546555,0.0,8.900264997464546
1404,sparse,1,1,1,1,0.9023663835256176,0.8688552893479785,0.902801722083343,9.425349000593997,0.6866869953228161,3.6474940015978063,9.005158000036317,0.5960410026091267,1.1049970025851508,10.706196005230595
1405,sparse,1,1,1,0,0.8241070783386627,0.9600468739246325,0.9600468739246325,7.621762000781018,0.3175920028297696,2.3898289991848287,0.0,0.0,2.3986499963939423,2.3986499963939423
1406,dense,1,1,1,0,0.7914079954794101,1.4421263002931617,1.4421263002931617,21.578285000032338,0.43600200024229707,16.61235299980035,0.0,0.0,16.323152993209078,16.323152993209078
1407,very_dense,1,1,1,0,0.8082423346558123,0.982037342710189,0.982037342710189,30.8492069998465,0.6106119990363368,5.01907900434162,0.0,0.0,5.095937995974964,5.095937995974964
1408,sparse,1,1,1,1,0.9211181853299585,0.9052654607468472,0.9024199244927188,9.79677399936918,0.9162290043605026,4.997310004910105,8.719239999663841,0.5581559980782913,2.5778960007301066,11.85529199847224
1409,sparse,1,1,1,1,0.8877729959490462,0.813547773247908,0.8345604747179926,9.247525000319001,0.6861319998279214,3.6538889989969903,8.403403000556864,0.42112200208066497,2.005435999308247,10.829961001945776
1410,sparse,1,1,1,1,,,,7.531031000326038,0.29171499772928655,3.84577200293279,8.030644999962533,0.16268300078081666,2.0925899980284157,10.285917998771765
1411,dense,1,1,1,0,,,,21.0900269994454,0.17618299898458645,1.8919610001830733,0.0,0.0,2.324473997759924,2.324473997759924
1412,sparse,1,1,1,0,0.7769918025093338,0.9749827129928511,0.9749827129928511,8.121508999465732,0.36882700078422204,2.9755349987681257,0.0,0.0,3.083986001001904,3.083986001001904
1413,very_dense,1,1,1,0,0.6972327106517887,0.8524168530350177,0.8524168530350177,29.361026000515267,0.28195099912409205,2.3958620004123077,0.0,0.0,2.5793410031837993,2.5793410031837993
1414,dense,1,1,1,0,0.8161237236672749,0.8661228406640319,0.8661228406640319,22.2171259993047,0.4953210009261966,3.241126999455446,0.0,0.0,3.5912749972339952,3.5912749972339952
1415,very_dense,1,1,1,0,0.817957795493255,0.9567805768406148,0.9567805768406148,28.683251999609638,0.45315300030779326,4.17344100515038,0.0,0.0,4.736137998406775,4.736137998406775
1416,dense,1,1,1,0,0.7807386587497191,0.8899821115391822,0.8899821115391822,21.232482999948843,0.452174998827104,3.3499930023026536,0.0,0.0,3.406695000194304,3.406695000194304
1417,dense,1,1,1,0,0.6064933864005886,0.5999582064929423,0.5999582064929423,20.919890999721247,0.1840009999796166,1.179143002445926,0.0,0.0,1.2156580005466822,1.2156580005466822
1418,very_dense,1,1,1,0,0.8245851768513318,0.9797246183226219,0.9797246183226219,29.350299999350682,0.7015950004642946,5.401571001129923,0.0,0.0,6.242398003450944,6.242398003450944
1419,dense,0,1,1,0,,,,21.323666000171215,0.07574400024168426,4.886935999820707,0.0,0.0,5.169007000404235,5.169007000404235
1420,very_dense,1,1,1,0,0.8404740341973256,1.0254227435008196,1.0254227435008196,29.07463099927554,0.5428950007626554,4.934901000524405,0.0,0.0,4.914817000098992,4.914817000098992
1421,very_dense,1,1,1,0,0.8258649676032789,1.1168481113175677,1.1168481113175677,28.541697000036947,0.5630779969578725,5.354046000320523,0.0,0.0,6.200087001161592,6.200087001161592
1422,dense,1,1,1,0,0.6259909482829592,0.5040476990938535,0.5040476990938535,21.431038000628178,0.2342060015507741,1.3208780010245391,0.0,0.0,1.2364620006337645,1.2364620006337645
1423,very_dense,1,0,0,0,0.8052164721655655,1.835848361248322,1.835848361248322,30.649388000711042,0.62151099791663,18.15229999829171,0.0,0.0,18.160268996325613,18.160268996325613
1424,sparse,1,1,1,0,0.7851054369532572,0.8413811900337796,0.7851054369532572,8.164980999936233,0.40979999994306127,2.641928998855292,8.169199999429111,0.45500700161937857,0.0,8.62420700104849
1425,very_dense,1,1,1,0,0.85228475411694,0.962932266718506,0.962932266718506,28.773762999662722,0.6730420000167214,5.074577997220331,0.0,0.0,5.28772099823982,5.28772099823982
1426,very_dense,1,1,1,0,0.8475081877751163,1.163836668781962,1.163836668781962,28.74241500012431,0.5558600005315384,5.584672000622959,0.0,0.0,6.171364002511837,6.171364002511837
1427,very_dense,0,0,0,0,0.2925337685587371,0.2711934334707522,0.2711934334707522,32.69454000019323,0.6938120004633674,17.799073004425736,0.0,0.0,17.60827998896275,17.60827998896275
1428,sparse,1,1,1,0,0.7937499314546589,0.8585115703443688,0.7937499314546589,7.71456899929035,0.31017500077723525,2.092153003104613,7.692209000197181,0.36033800006407546,0.0,8.052547000261256
1429,very_dense,0,1,1,0,,,,27.801604999694973,0.3535710011419724,6.5760640036387485,0.0,0.0,7.75403899660887,7.75403899660887
1430,dense,1,1,1,0,0.7708581370559069,0.9222850023579252,0.9222850023579252,20.97648300059518,0.4142359994148137,3.5280530000818544,0.0,0.0,4.132986004151462,4.132986004151462
1431,sparse,1,1,1,1,0.7188628212812352,0.7452434687236204,0.7343549401739297,7.70284600002924,0.30416900153795723,1.7724040017128573,7.831540000552195,0.2838000009433017,0.45286700060387375,8.56820700209937
1432,sparse,1,1,1,0,0.804525030057272,0.7955005216237451,0.804525030057272,8.540541000002122,0.4499629994825227,2.7699460015355726,8.591701000113972,0.530569000147807,0.0,9.122270000261778
1433,dense,1,1,1,0,0.7870377076658727,0.7941432593139408,0.7941432593139408,21.892980000302487,0.3976359985244926,2.562555000622524,0.0,0.0,2.622814999995171,2.622814999995171
1434,sparse,1,1,1,1,0.8308134973277894,0.9881983140933429,0.8474353667027318,8.45484999990731,0.6310630014922936,4.595925003741286,8.27655400007643,0.5568330007008626,0.9976410010494874,9.83102800182678
1435,sparse,1,1,1,1,0.7695985307808667,0.851090494637753,0.8213849707191176,7.819815999937418,0.3082000012000208,2.1605330002785195,8.390580000195769,0.15058699864312075,1.6703260016583954,10.211493000497285
1436,dense,1,1,1,0,0.868143569427626,1.1063717825535637,1.1063717825535637,22.9619729998376,0.9985089973270078,11.467366999568185,0.0,0.0,11.149701005706447,11.149701005706447
1437,dense,1,1,1,0,0.8837669490103889,1.134655558868977,1.134655558868977,21.727221000219288,0.8697170005689259,10.393797001597704,0.0,0.0,11.46953200623102,11.46953200623102
1438,sparse,1,0,0,0,0.8418828165092576,0.8112377186702103,0.8112377186702103,9.30599399998755,0.7146389998524683,4.276753998055938,0.0,0.0,4.4608959960896755,4.4608959960896755
1439,very_dense,1,1,1,0,0.6371856784010824,3.4568225519023814,3.4568225519023814,28.020456999911403,0.21319599818525603,7.033053000668588,0.0,0.0,7.530320998739626,7.530320998739626
1440,very_dense,1,0,0,0,0.7473759814806563,1.8537732670488496,1.8537732670488496,28.523613000288606,0.3826059983111918,16.61917299406923,0.0,0.0,18.928293990938982,18.928293990938982
1441,dense,1,1,1,0,0.8177531463922889,0.8808202168958429,0.8808202168958429,44.02202799974475,0.7319960059248842,7.447364999279671,0.0,0.0,4.066888996931084,4.066888996931084
1442,very_dense,0,0,0,0,,,,27.926807999392622,0.1460719977330882,15.765323998493841,0.0,0.0,17.312280002443003,17.312280002443003
1443,dense,1,1,1,0,0.925258626865188,1.0409867114785474,1.0409867114785474,22.73356500063528,0.768668999626243,6.067673999496037,0.0,0.0,5.674395002642996,5.674395002642996
1444,sparse,1,1,1,1,0.9276929360219225,0.9510101727463525,0.9756373763127891,8.634348000668979,1.0045180015367805,5.724426003325789,8.786860000327579,0.6404539999493863,3.1641180021324544,12.59143200240942
1445,sparse,1,1,1,2,0.8480008491325227,1.04384593137471,0.8316105358982017,9.089504000257875,0.6692390006719506,4.709770999397733,8.520720999513287,0.5005370003345888,1.5934859993649297,10.614743999212806
1446,very_dense,0,1,1,0,,,,27.8006849994199,0.38762000076530967,5.4278219995467225,0.0,0.0,6.826548000390176,6.826548000390176
1447,very_dense,1,1,1,0,0.8870160741604577,1.0337631694035443,1.0337631694035443,30.686726999192615,0.9930740006893757,8.19746300294355,0.0,0.0,9.141716996055038,9.141716996055038
1448,very_dense,1,1,1,0,0.8452179354764742,0.9553262336186866,0.9553262336186866,28.98543100036477,0.5335090017979383,5.3646070018658065,0.0,0.0,5.098709998492268,5.098709998492268
1449,sparse,1,1,1,1,0.8478425270316718,0.939364111018003,0.8455919446275376,8.020643999770982,0.46199300231819507,3.439920998971502,8.452756999759004,0.4583630015986273,0.545666001016798,9.456786002374429
1450,sparse,1,1,1,1,0.8098986591400629,0.9246939107610072,0.8813655024949397,8.210695999878226,0.5701390009562601,3.8023339984647464,8.338716000253044,0.3186330022799666,2.2189390001585707,10.876288002691581
1451,sparse,1,1,1,1,0.8871383495160102,0.84440754594264,0.8837681751243215,9.286387000429386,0.7573490001959726,4.528000001300825,9.276152999518672,0.655898999866622,1.4587059995392337,11.390757998924528
1452,sparse,1,1,1,0,0.9255596286332931,0.9061177929120192,0.9255596286332931,8.851024999785295,0.8197839997592382,4.869544000939641,8.851968999806559,0.9454779929001234,0.0,9.797446992706682
1453,sparse,1,1,1,1,0.9064827119109946,0.9440268396343964,0.9046315203306237,8.214679999582586,0.8155880013873684,5.2305779991002055,8.796410999821092,0.8484429963573348,0.7480529993699747,10.392906995548401
1454,dense,1,0,0,0,0.8703151013649626,0.9764974462861657,0.9764974462861657,21.635211000102572,0.7981140024639899,16.043640996031172,0.0,0.0,18.438904994582117,18.438904994582117
1455,sparse,1,1,1,1,0.8705999631501941,0.902967962351074,0.8828464110165843,8.524594999471446,0.6578979937330587,4.00918099876435,9.087204999559617,0.6457970021074289,0.8059729989327025,10.538975000599748
1456,very_dense,1,1,1,0,0.8290487785748931,1.0952956903737454,1.0952956903737454,29.42326399988815,0.5117379978401004,6.373483001880231,0.0,0.0,7.325657002184016,7.325657002184016
1457,dense,1,1,1,0,0.8508803942640762,1.0153420128730235,1.0153420128730235,22.689514999910898,0.876878001690784,7.199691995992907,0.0,0.0,7.607015996654809,7.607015996654809
1458,sparse,1,1,1,1,0.9125367804660877,0.9170531579210753,0.9310356253825298,8.746399000301608,0.730426999325573,4.291825998734566,8.456102000309329,0.3650250018836232,2.884652001739596,11.705779003932548
1459,dense,1,1,1,0,0.813975229446207,0.8465927272911993,0.8465927272911993,22.007073999702698,0.40007199822866824,2.4644959976285463,0.0,0.0,2.551010001297982,2.551010001297982
1460,very_dense,0,0,0,0,,,,29.13501799957885,0.09172200134344166,16.908034005609807,0.0,0.0,19.682433999150817,19.682433999150817
1461,sparse,1,1,1,0,0.8214754589478742,0.7749497718779735,0.8214754589478742,9.006115999909525,0.488765001136926,2.667791996827873,8.686635000231036,0.562623999940115,0.0,9.24925900017115
1462,sparse,1,1,1,1,0.8236500775748695,0.8589221622012817,0.848594199555641,8.444803999736905,0.4590239996105083,2.953063999484584,8.423327999480534,0.42862699592660647,0.8842460001687868,9.736200995575928
1463,sparse,1,1,1,0,,,,7.771651999973983,0.5417280071924324,4.1194839986928855,7.760286000120686,0.618039998698805,0.0,8.378325998819491
1464,very_dense,0,0,0,0,0.7962238121756307,0.35163286266220234,0.35163286266220234,37.32577500068146,1.9306429940115777,16.54718299778324,0.0,0.0,19.097412004157377,19.097412004157377
1465,sparse,1,1,1,0,0.7402485231071039,0.7646356710701591,0.7646356710701591,8.1251390001853,0.4567870018945541,2.7330369975970825,0.0,0.0,2.800144000502769,2.800144000502769
1466,dense,1,1,1,0,0.9097082287176617,1.1176276855574536,1.1176276855574536,23.147834000155854,0.9559640020597726,8.786708993284265,0.0,0.0,9.781487000509514,9.781487000509514
1467,dense,1,1,1,0,0.7096909894498676,0.895785908258291,0.895785908258291,21.085385999867867,0.22976800028118305,2.2248519981076242,0.0,0.0,2.338636001695704,2.338636001695704
1468,very_dense,1,0,0,0,0.8847831432222238,0.4254184171645111,0.4254184171645111,29.856615999960923,1.0926429986284347,18.239752997033065,0.0,0.0,18.141903996365727,18.141903996365727
1469,sparse,1,1,1,0,0.8929391294121741,1.2081362319439648,1.2081362319439648,7.876025999394187,0.6108710003900342,5.466508994686592,0.0,0.0,5.389204999119102,5.389204999119102
1470,very_dense,1,1,1,0,0.8087957603884105,0.8411743683903684,0.8411743683903684,27.97669599931396,0.501603997690836,3.351962997840019,0.0,0.0,3.6395640026967158,3.6395640026967158
1471,very_dense,0,0,0,0,0.30840086080427587,0.24045944882009107,0.24045944882009107,29.57803099980083,0.3845410001304117,2.971152996906312,0.0,0.0,3.077804001804907,3.077804001804907
1472,dense,1,1,1,0,0.8643688384970576,1.0057462614584678,1.0057462614584678,21.478071000274213,0.5652880008710781,4.459163003048161,0.0,0.0,5.683796002813324,5.683796002813324
1473,sparse,1,1,1,1,0.7966083481713614,0.9075565056298879,0.8414385969253741,8.337289999872155,0.47527199785690755,3.3358050022798125,8.096768000541488,0.3928499991161516,1.4229390017135302,9.91255700137117
1474,very_dense,1,1,1,0,0.8048711912581243,0.9899879194760608,0.9899879194760608,28.221023999321915,0.37186699773883447,3.721580997989804,0.0,0.0,3.8986859981378075,3.8986859981378075
1475,sparse,1,1,1,0,0.9089588816168157,0.8911795567765476,0.9089588816168157,8.964931000264187,0.6478770037574577,3.8457829996332293,8.170914000402263,0.7076300016706227,0.0,8.878544002072886
1476,dense,1,1,1,0,0.9135731442459831,1.2038068643452675,1.2038068643452675,22.360468999977456,0.903974994798773,7.922578999568941,0.0,0.0,8.005277996744553,8.005277996744553
1477,dense,1,1,1,0,0.7625822725033948,0.7690770649396359,0.7690770649396359,21.381037000537617,0.39348499922198243,2.4345369993170607,0.0,0.0,2.715278000323451,2.715278000323451
1478,sparse,1,1,1,1,0.7533249479766458,0.9876395196422305,0.7536220702703735,8.574890999625495,0.433579002674378,3.2886719973248546,8.168393000232754,0.4857090007135412,0.29282699961186154,8.946929000558157
1479,dense,1,1,1,0,0.7648005163841731,0.7933833592245885,0.7933833592245885,21.146435999980895,0.33631600126682315,2.4136929987434996,0.0,0.0,2.425485002277128,2.425485002277128
1480,sparse,1,1,1,0,0.7427058831660144,0.7176021320492282,0.7176021320492282,7.9727390002517495,0.26543599869910395,1.495336000516545,0.0,0.0,1.4254159996198723,1.4254159996198723
1481,sparse,1,1,1,0,0.8826848823264337,0.9055813548062778,0.9055813548062778,8.176781999281957,0.6691379967378452,4.13070799640991,0.0,0.0,4.214563997265941,4.214563997265941
1482,sparse,1,1,1,1,0.8313888043997206,0.8170952465188808,0.8340897897109051,8.276106999801414,0.4386080008771387,2.605365000817983,8.335552999596985,0.38870600019436097,0.8327969999299967,9.557055999721342
1483,sparse,1,1,1,2,0.8063243938558726,1.582407829643521,1.3909694252088578,8.504999999786378,0.44778599931305507,5.397681997237669,8.435543999439687,0.40197499947680626,3.1645669987483416,12.002085997664835
1484,dense,1,0,0,0,0.8634111322764888,1.3491360875612173,1.3491360875612173,22.566815000573115,0.7076760002746596,18.24246799424145,0.0,0.0,17.988466008318937,17.988466008318937
1485,very_dense,1,1,1,0,0.762473496794131,1.0141952615728964,1.0141952615728964,29.63957100018888,0.4777649983225274,4.615957003807125,0.0,0.0,4.91449400124111,4.91449400124111
1486,sparse,1,1,1,1,0.9098082604580368,0.9052406576320534,0.9089407389204722,9.088396000151988,0.8700109974597581,4.972609001015371,8.786176999819872,0.7591879993924522,1.3647170017065946,10.91008200091892
1487,sparse,1,0,0,0,0.9281425356732675,0.20258922368137566,0.20258922368137566,8.840079000037804,0.9815639987209579,1.9496750001053442,0.0,0.0,2.0784090002052835,2.0784090002052835
1488,sparse,1,1,1,0,0.8795087318368584,1.1108807961642773,1.1108807961642773,9.373554000376316,0.8358719987882068,7.119051003428467,0.0,0.0,6.746482999005821,6.746482999005821
1489,dense,1,1,1,0,0.8209834926167057,0.881679031973241,0.881679031973241,22.402155000236235,0.6130679994384991,4.060243001731578,0.0,0.0,4.446179998012667,4.446179998012667
1490,sparse,1,1,1,0,0.9004655590127908,0.8793123992033041,0.9004655590127908,9.715154000332404,0.7494180017602048,4.140282003390894,9.400034999998752,0.8612999990873504,0.0,10.261334999086102
1491,dense,1,1,1,0,0.8967303963237434,0.919907511518359,0.919907511518359,24.174287000278127,0.8592840003984747,5.603211998277402,0.0,0.0,6.1529779977718135,6.1529779977718135
1492,sparse,1,1,1,0,0.663436576316533,0.862211695360486,0.862211695360486,8.056387999204162,0.19462100044620456,1.5444940017914632,0.0,0.0,1.5534589992967085,1.5534589992967085
1493,sparse,1,1,1,1,0.8404601972043224,0.8428261087947819,0.8475711403695115,9.230461000697687,0.4758159993798472,2.701552000871743,8.754444000260264,0.40881900167732965,0.9061970013135578,10.069460003251152
1494,dense,1,1,1,0,0.8638541578924123,1.0415186873877806,1.0415186873877806,22.561924000001454,0.8334970016221632,6.4652099999875645,0.0,0.0,6.675877996713098,6.675877996713098
1495,dense,1,1,1,0,0.7468309915310292,0.7851167772713004,0.7851167772713004,21.76685699942027,0.3106320000370033,2.2129379995021736,0.0,0.0,2.2921830031918944,2.2921830031918944
1496,dense,1,0,0,0,0.8915097464219556,0.9831350416464982,0.9831350416464982,23.447192000276118,1.11274699884234,18.30232300926582,0.0,0.0,18.961027002660558,18.961027002660558
1497,very_dense,0,0,0,0,0.19031581677492948,0.2032313391914765,0.2032313391914765,35.55004100053338,0.6017220011926838,16.312204992573243,0.0,0.0,19.347166999068577,19.347166999068577
1498,dense,1,1,1,0,0.8920192458869066,0.9624763216324796,0.9624763216324796,21.68668099966453,0.9046770019267569,6.770159994630376,0.0,0.0,7.429253005284409,7.429253005284409
1499,very_dense,1,0,0,0,0.9093959460002431,0.6604393089741659,0.6604393089741659,29.904110999268596,0.8867870001267875,17.653120000431954,0.0,0.0,18.81591099572688,18.81591099572688
