trial,world,rho0,used_astar,astar,bc,adaptive,astar_route_efficiency,bc_route_efficiency,adaptive_route_efficiency,astar_decision_ms,bc_decision_ms,adaptive_decision_ms
0,sparse,0.4444,False,1,1,1,0.6942,0.7982,0.7982,1.0155,0.6853,0.6521
1,very_dense,0.7472,False,1,1,1,0.7882,1.0060,1.0060,1.6707,0.9366,0.9238
2,dense,0.6722,False,1,1,1,0.8173,0.8857,0.8857,1.2688,0.8378,0.8320
3,dense,0.6083,False,1,1,1,0.8022,0.7903,0.7903,1.5992,1.1257,1.1151
4,dense,0.6417,False,1,1,1,0.7615,0.7418,0.7418,1.5447,1.0932,1.0857
5,very_dense,0.8611,False,1,1,1,0.7648,0.9321,0.9321,2.2579,0.9607,0.9564
6,sparse,0.3889,False,1,1,1,0.8448,0.8486,0.8486,0.5992,0.5135,0.4989
7,very_dense,0.9056,False,1,1,1,0.7874,0.8692,0.8692,1.6464,1.0105,0.9970
8,sparse,0.4861,False,1,1,1,0.8224,0.8533,0.8533,0.5950,0.4946,0.5172
9,sparse,0.2861,True,1,1,1,0.8451,0.9293,0.8451,0.5275,0.4562,0.5249
10,dense,0.7528,False,1,1,1,0.8870,0.9605,0.9605,0.8373,0.6421,0.6343
11,very_dense,0.7056,False,1,1,1,0.8751,1.1020,1.1020,0.8944,0.6407,0.6375
12,very_dense,0.9083,False,0,0,0,0.1395,0.2284,0.2284,2.3215,0.9494,0.9644
13,very_dense,0.6889,False,1,1,1,0.8668,1.2017,1.2017,1.2005,0.6248,0.6335
14,very_dense,0.9028,False,0,1,1,0.2379,0.4308,0.4308,1.6287,0.7414,0.7356
15,very_dense,0.6167,False,0,0,0,0.5700,0.4189,0.4189,1.0613,0.5907,0.5868
16,dense,0.6083,False,1,1,1,0.8669,1.1007,1.1007,0.8224,0.5892,0.5813
17,sparse,0.6528,False,1,1,1,0.9171,0.9319,0.9319,0.4847,0.4360,0.4351
18,very_dense,0.5722,False,1,1,1,0.9235,1.3549,1.3549,1.0062,0.6299,0.6284
19,dense,0.8833,False,1,1,1,0.8212,0.8667,0.8667,1.1731,0.7904,0.7833
20,dense,0.7111,False,1,1,1,0.8892,0.9880,0.9880,0.8680,0.6372,0.6559
21,dense,0.6111,False,1,1,1,0.8860,0.9041,0.9041,0.9092,0.7014,0.7266
22,sparse,0.1500,True,1,1,1,0.8209,0.7946,0.8209,0.6325,0.5467,0.6265
23,very_dense,0.7583,False,1,1,1,0.7950,0.9992,0.9992,2.3348,1.1708,1.1625
24,very_dense,0.7472,False,1,1,1,0.8041,0.8921,0.8921,1.3635,0.8640,0.8762
25,dense,0.7778,False,1,0,0,0.8391,0.7429,0.7429,1.0815,0.5105,0.4981
26,dense,0.7556,False,1,1,1,0.7829,0.8959,0.8959,1.7480,1.0209,0.9939
27,very_dense,0.7278,False,1,1,1,0.5887,0.7413,0.7413,4.0382,1.8402,1.8207
28,dense,0.7917,False,1,1,1,0.7461,0.9534,0.9534,1.6276,0.8196,0.8501
29,dense,0.4278,False,1,1,1,0.8530,0.8402,0.8402,1.0972,0.8233,0.8237
30,dense,0.5194,False,1,0,0,0.8453,1.0507,1.0507,1.0225,0.5004,0.5003
31,sparse,0.3833,False,1,1,1,0.7457,0.6935,0.6935,0.8228,0.6989,0.6797
32,sparse,0.2000,True,1,1,1,0.7156,0.7239,0.7156,0.8298,0.6694,0.8138
33,dense,0.4500,False,1,1,1,0.4867,0.7072,0.7072,3.2432,1.4232,1.4181
34,very_dense,0.7778,False,1,1,1,0.8845,1.1045,1.1045,1.1940,0.7163,0.7122
35,sparse,0.1639,True,1,1,1,0.8256,0.8210,0.8256,0.5749,0.4998,0.5723
36,very_dense,0.7750,False,0,0,0,,,,5.3026,0.5606,0.5638
37,very_dense,0.6972,False,1,1,1,0.5510,0.6035,0.6035,4.3672,2.5167,2.5107
38,sparse,0.7583,False,1,1,1,0.8562,0.9576,0.9576,0.6188,0.5026,0.5023
39,dense,0.9000,False,1,1,1,0.8576,0.8896,0.8896,1.0526,0.7323,1.1205
40,sparse,0.2222,True,1,1,1,0.7608,0.7453,0.7608,0.7662,0.6466,0.7622
41,very_dense,0.8528,False,1,1,1,0.8926,1.2032,1.2032,1.0626,0.6886,0.6858
42,very_dense,0.7861,False,0,1,1,,,,1.7984,0.8479,0.8436
43,dense,0.7889,False,1,1,1,0.8253,1.3024,1.3024,1.0496,0.6172,0.6169
44,sparse,0.2083,True,1,1,1,0.7397,0.7555,0.7397,0.7998,0.6350,0.7994
45,very_dense,0.7694,False,0,0,0,0.1450,0.3918,0.3918,2.2941,0.5778,0.5769
46,dense,0.6056,False,0,1,1,,,,3.2582,0.7474,0.7426
47,very_dense,0.8000,False,1,0,0,0.8587,0.9642,0.9642,0.9014,0.5661,0.5740
48,very_dense,0.8417,False,1,1,1,0.8103,0.3692,0.3692,1.2746,1.1002,1.0921
49,very_dense,0.8944,False,0,0,0,,,,2.0319,0.5649,0.5709
50,very_dense,0.6750,False,1,1,1,0.8336,0.8601,0.8601,1.5745,1.0068,1.4198
51,sparse,0.1278,True,1,1,1,0.7723,0.8129,0.7723,0.8989,0.7050,0.8370
52,dense,0.7694,False,1,1,1,0.8471,1.0325,1.0325,1.3273,1.5773,0.6802
53,dense,0.6389,False,1,1,1,0.8000,0.9142,0.9142,1.1660,0.7342,0.7207
54,dense,0.4611,False,1,1,1,0.7437,0.6995,0.6995,2.1221,1.3192,1.3181
55,sparse,0.3944,False,1,1,1,0.8936,0.9378,0.9378,0.4488,0.4172,0.4759
56,dense,0.4222,False,1,1,1,0.9106,1.4871,1.4871,1.2228,0.5284,0.5132
57,sparse,0.4000,False,1,1,1,0.8038,0.7782,0.7782,0.6198,0.5375,0.5284
58,very_dense,0.5972,False,1,1,1,0.6802,0.7519,0.7519,3.4688,1.7658,1.7604
59,very_dense,0.9167,False,1,1,1,0.8038,0.8646,0.8646,1.5796,0.9948,0.9844
60,very_dense,0.7750,False,1,1,1,0.7649,0.8416,0.8416,1.8372,1.1252,1.1211
61,very_dense,0.9889,False,1,1,1,0.8166,0.8556,0.8556,1.4259,0.9460,0.9384
62,dense,0.6306,False,1,0,0,0.8453,0.9221,0.9221,0.8639,0.4943,0.5353
63,very_dense,0.7000,False,1,0,0,0.8195,1.2681,1.2681,1.9432,0.5748,0.5714
64,dense,0.5972,False,1,1,1,0.8604,1.1004,1.1004,0.8750,0.6059,0.5996
65,sparse,0.4333,False,1,1,1,0.8803,0.9042,0.9042,0.4382,0.4187,0.4194
66,very_dense,0.9583,False,1,0,0,0.8846,0.6792,0.6792,1.1613,0.5768,0.5712
67,dense,0.6194,False,1,0,0,0.8545,1.2373,1.2373,1.0827,0.4850,0.4890
68,sparse,0.1778,True,1,1,1,0.8452,0.8846,0.8452,0.6114,0.5107,0.5971
69,dense,0.5083,False,1,1,1,0.8122,0.9984,0.9984,1.1223,0.6860,0.6861
70,very_dense,0.7389,False,1,1,1,0.8236,1.0741,1.0741,1.7021,0.9230,0.9136
71,sparse,0.1083,True,1,1,1,0.8222,1.2555,0.8222,0.5299,0.4093,0.5263
72,dense,0.7472,False,1,1,1,0.8143,0.9106,0.9106,1.3963,0.8852,0.8739
73,sparse,0.3611,False,1,1,1,0.8947,1.1757,1.1757,0.4616,0.4029,0.3996
74,very_dense,0.6667,False,1,1,1,0.7820,0.9956,0.9956,2.0551,0.9809,0.9773
75,dense,0.5972,False,1,1,1,0.8434,0.9901,0.9901,1.1206,0.6983,0.6880
76,sparse,0.4028,False,1,1,1,0.6171,0.6306,0.6306,1.1929,0.8157,0.8158
77,sparse,0.6194,False,1,1,1,0.8794,0.8772,0.8772,0.4664,0.4392,0.4400
78,dense,0.7889,False,1,1,1,0.8915,0.9943,0.9943,0.8385,0.6253,0.6192
79,very_dense,0.8806,False,1,1,1,0.8434,1.0639,1.0639,1.3201,0.8160,0.8088
80,very_dense,0.6722,False,1,1,1,0.6939,0.8138,0.8138,2.7556,1.3739,1.3623
81,dense,0.5417,False,1,1,1,0.6033,1.9664,1.9664,2.1449,0.4943,0.4916
82,sparse,0.3333,False,1,1,1,0.6994,0.8745,0.8745,0.9232,0.6001,0.5954
83,very_dense,0.8417,False,0,0,0,0.0619,0.3057,0.3057,4.6594,0.5878,0.5855
84,dense,0.7722,False,1,1,1,0.6590,0.6256,0.6256,2.8144,1.7024,1.6881
85,very_dense,0.7028,False,1,1,1,0.8747,0.9775,0.9775,1.3860,0.8637,0.8815
86,sparse,0.1611,True,1,1,1,0.7735,0.8851,0.7735,0.6680,0.5134,0.6606
87,sparse,0.4111,False,1,1,1,0.8172,0.8315,0.8315,0.5568,0.4778,0.4750
88,very_dense,0.7194,False,1,1,1,0.8414,1.0848,1.0848,1.2994,0.8377,0.7847
89,very_dense,0.5611,False,1,0,0,0.8754,1.0191,1.0191,0.9972,0.7145,0.7094
90,dense,0.6056,False,1,1,1,0.8335,1.8386,1.8386,1.2749,0.5997,0.5945
91,very_dense,0.6972,False,1,0,0,0.8681,1.0714,1.0714,1.0466,0.5702,0.5704
92,very_dense,0.7000,False,1,0,0,0.8572,1.2300,1.2300,1.3374,0.5722,0.5737
93,dense,0.6667,False,1,1,1,0.6382,0.8207,0.8207,2.0990,1.0936,1.0810
94,very_dense,0.6972,False,1,1,1,0.7318,0.6952,0.6952,2.5161,1.5630,1.5725
95,sparse,0.7028,False,1,1,1,0.8816,1.3560,1.3560,0.5247,0.4022,0.7403
96,sparse,0.5278,False,1,1,1,0.8671,0.9262,0.9262,0.4802,0.4270,0.4248
97,very_dense,0.6306,False,1,1,1,0.8601,1.0193,1.0193,1.1394,0.7207,0.7036
98,dense,0.4250,False,1,1,1,0.6519,0.6992,0.6992,3.3249,1.8378,1.8067
99,sparse,0.6389,False,1,1,1,0.8900,0.9016,0.9016,0.5023,0.4679,0.4498
100,very_dense,0.8750,False,0,0,0,0.2207,0.2108,0.2108,1.5343,0.5889,0.5821
101,sparse,0.4806,False,1,1,1,0.9318,0.9397,0.9397,0.4600,0.4253,0.4326
102,very_dense,0.9056,False,0,0,0,0.6583,0.5710,0.5710,0.8856,0.6077,0.6083
103,sparse,0.3778,False,1,1,1,0.8863,0.8735,0.8735,0.5115,0.4635,0.4547
104,very_dense,0.7056,False,1,0,0,0.8571,1.3170,1.3170,1.2409,0.5666,0.5629
105,very_dense,0.8694,False,0,0,0,0.1991,0.2624,0.2624,1.6428,0.5816,0.5825
106,very_dense,0.9083,False,1,0,0,0.9212,1.2797,1.2797,0.9829,0.5705,0.5678
107,dense,0.4333,False,1,1,1,0.6054,0.7334,0.7334,3.0476,1.8339,1.8046
108,dense,0.7361,False,1,1,1,0.8477,0.9162,0.9162,1.0446,0.7077,0.7020
109,very_dense,0.8722,False,0,0,0,0.1901,0.3744,0.3744,1.6813,0.5844,0.5809
110,sparse,0.5750,False,1,1,1,0.8996,0.9439,0.9439,0.4844,0.4404,0.4372
111,very_dense,0.7472,False,1,1,1,0.8477,0.9468,0.9468,1.1596,0.7765,0.7685
112,dense,0.7139,False,1,1,1,0.8145,0.8771,0.8771,1.2339,0.7935,0.7919
113,dense,0.4306,False,1,1,1,0.8044,0.7980,0.7980,1.4049,0.9756,0.9651
114,dense,0.6556,False,1,1,1,0.8658,1.0001,1.0001,0.8693,0.6275,0.6215
115,dense,0.4694,False,1,1,1,0.8242,0.9263,0.9263,1.5222,0.8949,0.8875
116,sparse,0.2361,True,1,1,1,0.8872,0.9142,0.8872,0.5110,0.4567,0.4994
117,sparse,0.3389,False,1,1,1,0.8778,1.0179,1.0179,0.5039,0.4398,0.4293
118,sparse,0.3028,False,1,1,1,0.8955,0.9082,0.9082,0.4507,0.4198,0.4162
119,sparse,0.5639,False,1,1,1,0.8310,0.8613,0.8613,0.5698,0.4784,0.4738
120,dense,0.6806,False,1,1,1,0.8404,1.0303,1.0303,1.0367,0.6507,0.6503
121,very_dense,0.8500,False,1,1,1,0.8742,1.0154,1.0154,0.9852,0.6829,0.6808
122,dense,0.6111,False,1,1,1,0.8203,0.9184,0.9184,1.1377,0.7642,0.7545
123,dense,0.8111,False,1,1,1,0.7249,0.7847,0.7847,1.9128,1.1094,1.1343
124,very_dense,0.8083,False,0,1,1,0.5777,0.1894,0.1894,0.8809,1.0612,1.0183
125,dense,0.7722,False,1,1,1,0.8550,0.9714,0.9714,1.1394,0.7246,0.7248
126,sparse,0.4694,False,1,1,1,0.8954,0.8852,0.8852,0.5288,0.4856,0.4796
127,very_dense,0.9139,False,1,0,0,0.8663,0.8694,0.8694,0.9705,0.5754,0.5906
128,dense,0.4222,False,1,1,1,0.8124,0.8394,0.8394,1.5457,1.0140,1.0040
129,dense,0.4944,False,1,1,1,0.6203,0.6497,0.6497,3.0626,1.8279,1.8039
130,dense,0.8028,False,1,0,0,0.8759,1.1045,1.1045,0.8785,0.5065,0.5062
131,dense,0.7194,False,0,1,1,0.3686,0.9142,0.9142,1.4416,0.6736,0.6710
132,sparse,0.2028,True,1,1,1,0.8716,0.9411,0.8716,0.6731,0.5377,0.6672
133,dense,0.6361,False,1,1,1,0.7965,0.8179,0.8179,1.2992,0.8771,0.8678
134,very_dense,0.7528,False,0,0,0,0.6098,0.9649,0.9649,1.4141,0.5759,0.5708
135,sparse,0.2000,True,1,1,1,0.8608,0.9036,0.8608,0.6174,0.5089,0.6134
136,dense,0.5806,False,1,1,1,0.7844,1.0198,1.0198,1.6897,0.8426,0.8349
137,sparse,0.4472,False,1,1,1,0.8805,0.9408,0.9408,0.5230,0.4541,0.4541
138,dense,0.4472,False,1,1,1,0.7935,0.7586,0.7586,1.5087,1.0664,1.0709
139,dense,0.4806,False,1,1,1,0.8406,0.9949,0.9949,1.0801,0.7147,0.7096
140,very_dense,0.6639,False,1,1,1,0.7467,0.9617,0.9617,2.6258,1.2064,1.1992
141,sparse,0.4361,False,1,1,1,0.9046,0.9800,0.9800,0.4945,0.4379,0.4348
142,sparse,0.1917,True,1,1,1,0.8923,1.0241,0.8923,0.4739,0.4176,0.4676
143,dense,0.7778,False,1,1,1,0.7881,0.9510,0.9510,1.0835,0.7139,0.7201
144,very_dense,0.8556,False,0,0,0,0.6928,0.2382,0.2382,1.2772,0.6042,0.6739
145,very_dense,0.6694,False,1,1,1,0.7949,0.9445,0.9445,1.6621,0.9727,0.9336
146,sparse,0.7528,False,1,1,1,0.8763,0.9192,0.9192,0.4874,0.4331,0.4280
147,sparse,0.7417,False,1,1,1,0.8876,0.9542,0.9542,0.4519,0.4177,0.4165
148,very_dense,0.8556,False,1,1,1,0.8110,0.8630,0.8630,1.3561,0.9270,0.9200
149,sparse,0.1528,True,1,1,1,0.8784,1.0148,0.8784,0.5572,0.4630,0.5488
150,very_dense,0.7333,False,1,1,1,0.8050,0.9302,0.9302,2.1299,1.0866,1.0841
151,sparse,0.4222,False,1,1,1,0.7297,0.7925,0.7925,1.0542,0.7250,0.7121
152,very_dense,0.9000,False,1,1,1,0.8581,1.3345,1.3345,1.1438,0.6783,0.6758
153,sparse,0.7778,False,1,1,1,0.8846,1.0169,1.0169,0.4472,0.4071,0.4022
154,dense,0.3361,False,1,1,1,0.7111,0.6787,0.6787,1.8310,1.2359,1.2195
155,dense,0.7194,False,1,1,1,0.8706,0.9810,0.9810,0.8399,0.6195,0.6146
156,sparse,0.4361,False,1,1,1,0.8339,0.8437,0.8437,0.7273,0.5765,0.5702
157,dense,0.4250,False,1,1,1,0.5891,0.6868,0.6868,2.4818,1.3256,1.3152
158,dense,0.7583,False,1,1,1,0.7471,0.7732,0.7732,1.6319,1.0085,1.0005
159,very_dense,0.7361,False,1,1,1,0.7581,2.2809,2.2809,1.9514,0.6710,0.6629
160,very_dense,0.5889,False,1,1,1,0.8881,1.0882,1.0882,0.9461,0.6483,0.6470
161,dense,0.4333,False,1,1,1,0.8796,1.0350,1.0350,0.9127,0.6499,0.6494
162,dense,0.6361,False,1,1,1,0.8820,0.9091,0.9091,1.0362,0.7311,0.7300
163,dense,0.4278,False,1,1,1,0.9256,1.3455,1.3455,0.9007,0.4957,0.4925
164,dense,0.7694,False,0,1,1,0.4519,1.0062,1.0062,1.1868,0.5830,0.5818
165,very_dense,0.7194,False,1,1,1,0.8416,0.9962,0.9962,1.4221,0.8286,0.8260
166,sparse,0.4972,False,1,1,1,0.9056,0.8881,0.8881,0.4603,0.4373,0.4359
167,sparse,0.4778,False,1,1,1,0.8852,0.9790,0.9790,0.4509,0.4186,0.4036
168,dense,0.8472,False,1,1,1,0.8475,0.9714,0.9714,0.8983,0.6157,0.6192
169,sparse,0.1389,True,1,1,1,0.7591,0.8013,0.7591,0.8866,0.6465,0.8854
170,sparse,0.1556,True,1,1,1,0.6625,0.8807,0.6625,1.1163,0.6579,1.1211
171,sparse,0.1583,True,1,1,1,0.7410,0.7300,0.7410,0.8799,0.6772,0.9137
172,very_dense,0.8000,False,1,1,1,0.8111,0.8427,0.8427,2.3915,1.3261,1.3162
173,very_dense,0.9139,False,1,1,1,0.6023,0.8722,0.8722,3.7126,1.4843,1.4802
174,very_dense,0.7194,False,1,0,0,0.6735,2.2736,2.2736,3.2342,0.5626,0.5662
175,dense,0.3944,False,1,1,1,,,,1.5609,0.9521,0.9481
176,very_dense,0.5972,False,1,1,1,0.8802,1.0206,1.0206,1.0470,0.7390,0.7314
177,sparse,0.1056,True,1,1,1,0.8934,0.9399,0.8934,0.4741,0.4362,0.4789
178,very_dense,0.7417,False,1,0,0,0.7850,1.2332,1.2332,1.8921,0.5857,0.5625
179,dense,0.4528,False,1,1,1,0.7943,0.9232,0.9232,1.5259,0.8899,0.8846
180,very_dense,0.8667,False,1,1,1,0.8780,1.0070,1.0070,1.0000,0.6994,0.7124
181,sparse,0.4250,False,1,1,1,0.8916,0.8888,0.8888,0.5060,0.4578,0.4550
182,dense,0.7000,False,1,0,0,0.8397,1.1941,1.1941,1.0078,0.4980,0.4779
183,very_dense,0.6639,False,1,1,1,0.7622,1.0053,1.0053,2.3915,1.1092,1.1048
184,dense,0.4583,False,1,1,1,0.7273,0.7212,0.7212,1.8928,1.2526,1.2637
185,dense,0.7250,False,1,1,1,0.7316,0.7776,0.7776,1.8975,1.1540,1.1349
186,sparse,0.5778,False,1,1,1,0.9077,0.9658,0.9658,0.4984,0.4461,0.4400
187,dense,0.4972,False,1,1,1,0.8989,1.2344,1.2344,0.8352,0.5275,0.5277
188,sparse,0.3806,False,1,1,1,0.8341,0.8597,0.8597,0.6030,0.5152,0.5135
189,sparse,0.3500,False,1,1,1,0.8323,0.8227,0.8227,0.5633,0.4987,0.5003
190,very_dense,0.8389,False,1,0,0,0.8112,1.2738,1.2738,1.8411,0.5841,0.5867
191,dense,0.7611,False,1,1,1,0.7040,0.7327,0.7327,1.6415,1.0414,1.0317
192,dense,0.6639,False,1,1,1,0.8729,0.8470,0.8470,0.9416,0.7427,0.7432
193,dense,0.7528,False,1,1,1,0.6566,0.6159,0.6159,2.4213,1.4961,1.4906
194,very_dense,0.6750,False,1,1,1,0.7940,1.0229,1.0229,1.5008,0.8189,0.8172
195,sparse,0.5139,False,1,1,1,0.8865,0.8702,0.8702,0.4852,0.4449,0.4435
196,dense,0.7111,False,1,1,1,0.8632,0.9030,0.9030,0.9308,0.6977,0.6812
197,sparse,0.5917,False,1,1,1,0.8623,0.9098,0.9098,0.4727,0.4362,0.4283
198,dense,0.4639,False,1,1,1,0.7875,0.8359,0.8359,1.5448,1.0018,0.9903
199,very_dense,0.6500,False,1,1,1,0.8999,1.0209,1.0209,1.3477,0.8311,0.8275
200,dense,0.4583,False,1,1,1,0.8961,1.0172,1.0172,0.8083,0.5816,0.5792
201,very_dense,0.5861,False,1,1,1,0.5800,0.7978,0.7978,5.0350,1.9154,1.9074
202,dense,0.5778,False,0,1,1,0.6129,1.0446,1.0446,0.9997,0.5885,0.5813
203,very_dense,0.7528,False,1,1,1,0.8227,0.8649,0.8649,1.5039,0.9874,0.9919
204,dense,0.8889,False,1,1,1,0.8675,0.8562,0.8562,1.0517,0.7756,0.7715
205,sparse,0.6250,False,1,1,1,0.9140,0.9155,0.9155,0.4581,0.4312,0.4312
206,very_dense,0.8389,False,1,0,0,0.8552,0.5495,0.5495,1.0178,0.5868,0.5851
207,very_dense,0.7194,False,1,1,1,0.8670,1.3589,1.3589,1.4192,0.7557,0.7281
208,sparse,0.7639,False,1,1,1,0.9205,1.2601,1.2601,0.5020,0.4109,0.4074
209,very_dense,0.7556,False,1,1,1,0.6550,0.6441,0.6441,3.2292,1.9229,1.9224
210,sparse,0.5750,False,1,1,1,0.8573,1.3634,1.3634,0.5872,0.4334,0.4315
211,very_dense,0.5889,False,1,1,1,0.7883,1.3540,1.3540,1.8129,0.6483,0.6485
212,very_dense,0.6361,False,1,1,1,0.8388,0.9169,0.9169,1.3914,0.9210,0.8937
213,dense,0.8139,False,1,1,1,0.8487,0.9680,0.9680,0.9567,0.6511,0.6481
214,very_dense,0.6194,False,1,1,1,0.6696,0.7162,0.7162,2.8956,1.6187,1.6051
215,sparse,0.2389,True,1,1,1,0.5758,0.5972,0.5758,1.5933,1.0436,1.5652
216,sparse,0.6500,False,1,1,1,0.8182,0.9135,0.9135,0.5323,0.4624,0.4551
217,sparse,0.2222,True,1,1,1,0.8644,1.0623,0.8644,0.5282,0.4530,0.5267
218,dense,0.6278,False,1,1,1,0.8380,0.7671,0.7671,1.2314,0.9217,0.9137
219,very_dense,0.7722,False,1,1,1,0.9009,1.1364,1.1364,1.2478,0.7903,0.7904
220,sparse,0.4139,False,1,1,1,0.9248,0.9116,0.9116,0.4930,0.4581,0.4445
221,dense,0.6472,False,1,1,1,0.7844,0.7983,0.7983,1.6311,1.0262,1.0293
222,very_dense,0.7694,False,1,1,1,0.8743,1.0825,1.0825,0.9772,0.6634,0.6707
223,sparse,0.4556,False,1,1,1,0.6974,0.7119,0.7119,0.9519,0.7214,0.7026
224,very_dense,0.5667,False,1,1,1,0.8545,1.0087,1.0087,1.1568,0.7971,0.7999
225,sparse,0.3750,False,1,1,1,0.8709,0.8682,0.8682,0.5189,0.4773,0.4679
226,very_dense,0.7750,False,1,1,1,0.8250,0.9574,0.9574,1.4720,0.8643,0.8498
227,dense,0.4944,False,1,1,1,0.8431,0.8981,0.8981,0.9277,0.6905,0.6872
228,dense,0.7528,False,1,1,1,0.8251,1.1289,1.1289,0.9734,0.6228,0.6162
229,sparse,0.1417,True,1,1,1,0.6981,0.6535,0.6981,1.0159,0.7969,1.0105
230,dense,0.6611,False,1,1,1,0.8507,0.8840,0.8840,1.0466,0.7467,0.7473
231,very_dense,0.7194,False,1,1,1,0.7668,0.9590,0.9590,1.9229,1.0149,1.0177
232,sparse,0.1917,True,1,1,1,0.7381,0.7642,0.7381,0.7727,0.5966,0.7717
233,very_dense,0.7000,False,1,1,1,0.8718,1.0063,1.0063,1.4607,0.8659,0.8691
234,dense,0.5306,False,1,1,1,0.8150,1.0603,1.0603,1.1026,0.6639,0.6615
235,very_dense,0.8639,False,1,1,1,0.8594,1.0114,1.0114,1.0522,0.6713,0.6648
236,dense,0.6222,False,1,1,1,0.8320,0.8432,0.8432,1.3805,0.9487,0.9472
237,dense,0.7806,False,1,0,0,0.8815,1.0859,1.0859,0.8111,0.4833,0.4833
238,sparse,0.1583,True,1,1,1,0.9104,0.8741,0.9104,0.4877,0.4498,0.4904
239,dense,0.9056,False,1,1,1,0.8767,0.8670,0.8670,0.7852,0.6361,0.6283
240,sparse,0.6667,False,1,0,0,0.8940,0.3663,0.3663,0.5036,0.5545,0.5549
241,dense,0.6444,False,1,1,1,0.8595,0.8660,0.8660,0.9777,0.7157,0.7125
242,sparse,0.5444,False,1,1,1,0.7915,0.8687,0.8687,0.6292,0.4996,0.4888
243,dense,0.5500,False,1,1,1,0.7443,0.7227,0.7227,1.5938,1.1154,1.1169
244,dense,0.5694,False,1,1,1,0.8779,0.9671,0.9671,0.8673,0.6396,0.6370
245,sparse,0.2083,True,1,1,1,0.8415,0.8157,0.8415,0.6007,0.5326,0.6036
246,very_dense,0.7000,False,1,1,1,0.8072,0.9904,0.9904,1.7727,0.9921,0.9891
247,dense,0.4250,False,1,1,1,0.9139,1.0095,1.0095,1.0704,0.7420,0.7373
248,very_dense,0.7972,False,1,1,1,0.8767,1.0990,1.0990,0.9310,0.6624,0.6591
249,sparse,0.6417,False,1,1,1,0.8891,0.9010,0.9010,0.4891,0.4414,0.4365
250,sparse,0.5694,False,1,1,1,0.9333,1.0752,1.0752,0.5028,0.4245,0.4213
251,dense,0.5889,False,1,1,1,0.7423,0.7591,0.7591,1.8243,1.1719,1.1668
252,sparse,0.6806,False,1,1,1,0.8764,0.9271,0.9271,0.4717,0.4246,0.4210
253,sparse,0.4500,False,1,1,1,0.8574,0.8514,0.8514,0.5030,0.4596,0.4605
254,dense,0.4722,False,1,1,1,,,,0.9567,0.6829,0.6807
255,sparse,0.4167,False,1,1,1,0.8789,0.9465,0.9465,0.4704,0.4356,0.4309
256,very_dense,0.7250,False,1,1,1,0.7438,1.9463,1.9463,2.2032,0.7609,0.7568
257,sparse,0.1278,True,1,1,1,0.7904,0.7867,0.7904,0.7044,0.5793,0.7037
258,sparse,0.1778,True,1,1,1,0.8319,0.8605,0.8319,0.6293,0.5147,0.6314
259,dense,0.4139,False,1,1,1,0.8987,1.0246,1.0246,0.8077,0.5828,0.5793
260,very_dense,0.9056,False,1,0,0,0.8755,0.8316,0.8316,0.9677,0.5712,0.5695
261,sparse,0.1306,True,1,1,1,0.7819,0.7798,0.7819,0.7039,0.5822,0.7095
262,sparse,0.2111,True,1,1,1,0.8489,1.0579,0.8489,0.5130,0.4275,0.5119
263,very_dense,0.8861,False,0,0,0,0.1924,0.2177,0.2177,1.6320,0.5799,0.5791
264,very_dense,0.7444,False,1,1,1,,,,1.7433,0.9203,0.9197
265,dense,0.4278,False,1,1,1,0.7024,0.8015,0.8015,2.3029,1.2952,1.2930
266,dense,0.6639,False,0,1,1,,,,4.4998,0.5486,0.5961
267,dense,0.4611,False,1,0,0,0.8950,1.1635,1.1635,0.9636,0.5818,0.5752
268,dense,0.6722,False,1,1,1,0.6898,0.7447,0.7447,1.9737,1.2477,1.2450
269,dense,0.8000,False,1,1,1,0.9254,0.9799,0.9799,0.7718,0.5970,0.6020
270,sparse,0.1389,True,1,1,1,0.8325,0.8787,0.8325,0.5846,0.4821,0.5897
271,sparse,0.4361,False,1,1,1,0.9065,0.9373,0.9373,0.4687,0.4349,0.4256
272,sparse,0.2694,True,1,1,1,,,,0.4994,0.4443,0.4972
273,very_dense,0.7972,False,0,1,1,,,,3.1917,0.7925,0.7626
274,dense,0.5750,False,1,1,1,0.8407,0.8438,0.8438,1.6641,0.9642,0.9569
275,dense,0.3694,False,1,1,1,0.8611,0.8814,0.8814,0.9612,0.7006,0.6955
276,dense,0.4944,False,1,1,1,,,,1.0957,0.7344,0.7382
277,very_dense,0.9194,False,0,0,0,0.2212,0.5271,0.5271,1.5903,0.5781,0.5735
278,sparse,0.2000,True,1,1,1,0.7738,0.7694,0.7738,0.8126,0.6131,0.8083
279,sparse,0.2944,True,1,1,1,0.9052,1.1554,0.9052,0.5004,0.4196,0.4989
280,sparse,0.4694,False,1,1,1,0.8537,0.8132,0.8132,0.6215,0.5469,0.5377
281,dense,0.4000,False,1,1,1,0.7077,0.7516,0.7516,1.8809,1.0561,1.0502
282,very_dense,0.8667,False,1,1,1,0.8945,0.9196,0.9196,1.1717,0.8225,0.8203
283,dense,0.6889,False,1,1,1,0.6173,1.0012,1.0012,2.4194,1.0623,1.0488
284,dense,0.8917,False,1,1,1,0.6850,0.7423,0.7423,2.0627,1.1658,1.1808
285,very_dense,0.8667,False,1,1,1,0.8635,1.2704,1.2704,1.0406,0.6426,0.6386
286,sparse,0.3139,False,1,1,1,0.7164,0.7198,0.7198,0.7549,0.6171,0.6041
287,dense,0.6583,False,1,1,1,0.9052,1.0655,1.0655,0.7689,0.5669,0.5645
288,dense,0.6944,False,1,1,1,0.7549,0.7902,0.7902,1.3994,0.9271,0.9373
289,dense,0.7806,False,1,1,1,0.7631,0.8456,0.8456,1.3252,0.8354,0.8188
290,very_dense,0.7639,False,1,1,1,0.8486,0.9918,0.9918,1.2337,0.8142,0.8067
291,sparse,0.5833,False,1,1,1,0.7920,0.7899,0.7899,0.7107,0.5860,0.5775
292,very_dense,0.9056,False,0,1,1,0.1284,0.4914,0.4914,2.4432,0.6949,0.6892
293,sparse,0.4778,False,1,1,1,0.9123,1.0239,1.0239,0.4428,0.4065,0.4047
294,dense,0.9056,False,1,1,1,0.8442,0.8709,0.8709,0.9471,0.6979,0.6970
295,dense,0.4361,False,1,1,1,0.7412,0.7372,0.7372,2.0528,1.3436,1.3464
296,very_dense,0.8556,False,0,0,0,0.0608,0.2434,0.2434,3.2548,0.5827,0.5754
297,dense,0.8111,False,1,1,1,0.8756,0.9746,0.9746,0.8610,0.6095,0.6057
298,sparse,0.2333,True,1,1,1,0.7853,1.1562,0.7853,0.6185,0.4465,0.6159
299,sparse,0.1056,True,1,1,1,0.8889,0.8497,0.8889,0.4861,0.4563,0.5085
300,dense,0.6861,False,1,1,1,0.8977,0.8833,0.8833,0.9690,0.7283,0.7234
301,very_dense,0.7528,False,0,1,1,,,,2.6820,0.8529,0.8505
302,sparse,0.5333,False,1,1,1,0.8047,0.9326,0.9326,0.7026,0.5390,0.5312
303,very_dense,0.7694,False,1,1,1,0.8330,0.8958,0.8958,1.5208,0.9575,0.9537
304,dense,0.4500,False,1,1,1,0.7225,0.6756,0.6756,2.0562,1.3425,1.3463
305,sparse,0.4222,False,1,1,1,0.8196,0.8424,0.8424,0.6417,0.5237,0.5168
306,sparse,0.2806,True,0,1,0,,,,1.3352,0.5059,1.3267
307,dense,0.6250,False,0,1,1,,,,3.0346,0.7875,0.7762
308,sparse,0.1028,True,1,1,1,0.8874,0.8771,0.8874,0.5181,0.4611,0.5146
309,sparse,0.6056,False,1,1,1,0.9229,0.9598,0.9598,0.4325,0.4036,0.4047
310,dense,0.6667,False,1,1,1,0.9096,1.0556,1.0556,0.8748,0.6408,0.6235
311,very_dense,0.8500,False,1,1,1,0.7775,0.8746,0.8746,1.6344,0.9678,0.9662
312,sparse,0.7528,False,1,1,1,0.9150,0.8953,0.8953,0.5211,0.4571,0.4559
313,sparse,0.4500,False,1,1,1,0.9091,0.9058,0.9058,0.4661,0.4320,0.4317
314,sparse,0.4778,False,1,1,1,0.5454,0.5464,0.5464,1.8221,1.1512,1.1426
315,dense,0.6667,False,1,1,1,0.8203,0.8654,0.8654,1.6148,0.9890,0.9828
316,very_dense,0.8333,False,0,0,0,0.1888,0.5859,0.5859,2.7023,0.5718,0.5684
317,very_dense,0.7944,False,1,0,0,0.6848,1.5702,1.5702,2.3690,0.5587,0.5620
318,very_dense,0.8611,False,1,1,1,0.8194,0.8855,0.8855,1.1967,0.8113,0.8025
319,very_dense,0.8306,False,1,1,1,,,,2.1584,1.1975,1.2076
320,sparse,0.4639,False,1,1,1,0.8335,0.8408,0.8408,0.6060,0.5115,0.5072
321,sparse,0.2333,True,1,1,1,0.8600,0.8844,0.8600,0.5485,0.4819,0.5471
322,dense,0.5639,False,1,1,1,0.6275,0.6625,0.6625,3.0341,1.6176,1.5859
323,very_dense,0.6944,False,0,0,0,0.6869,0.4011,0.4011,0.8819,0.5929,0.5912
324,very_dense,0.7222,False,0,0,0,,,,3.6718,0.7538,0.7457
325,sparse,0.5139,False,1,1,1,0.8907,0.9176,0.9176,0.4798,0.4290,0.4290
326,sparse,0.6389,False,1,1,1,0.7048,0.7750,0.7750,0.8803,0.6349,0.6377
327,sparse,0.1861,True,1,1,1,0.9158,0.9152,0.9158,0.4340,0.4113,0.4329
328,sparse,0.5250,False,1,1,1,0.9117,1.0082,1.0082,0.4363,0.4039,0.4019
329,dense,0.8000,False,1,1,1,0.8845,0.9608,0.9608,0.8695,0.6335,0.6280
330,dense,0.8000,False,1,1,1,0.9016,0.9873,0.9873,0.7845,0.5705,0.5670
331,dense,0.4222,False,1,1,1,0.8547,0.8938,0.8938,0.9069,0.6648,0.6612
332,sparse,0.3472,False,1,1,1,0.8452,0.9278,0.9278,0.5247,0.4512,0.4448
333,very_dense,0.7083,False,1,0,0,0.9006,1.5193,1.5193,1.3475,0.5643,0.5816
334,dense,0.4806,False,1,1,1,0.8659,0.9443,0.9443,1.0357,0.6985,0.6960
335,very_dense,0.8222,False,1,1,1,0.6974,0.6905,0.6905,3.4058,1.8977,1.8917
336,very_dense,0.7833,False,1,1,1,0.8530,1.0722,1.0722,1.4227,0.7800,0.7717
337,sparse,0.0667,True,1,1,1,0.8084,0.8003,0.8084,0.5901,0.5122,0.5890
338,sparse,0.2778,True,1,1,1,0.9412,0.9935,0.9412,0.4778,0.4267,0.4773
339,very_dense,0.6694,False,1,1,1,0.8391,1.1232,1.1232,1.1406,0.7314,0.7317
340,dense,0.5639,False,1,1,1,0.8694,0.8704,0.8704,1.0232,0.7332,0.7337
341,sparse,0.4528,False,1,1,1,0.7953,0.8977,0.8977,0.5988,0.4785,0.4745
342,dense,0.5222,False,1,1,1,0.8924,1.0516,1.0516,0.8923,0.6217,0.6160
343,dense,0.4389,False,1,1,1,0.8300,0.9138,0.9138,1.3554,0.8571,0.8475
344,very_dense,0.8667,False,1,1,1,,,,1.7419,1.0253,1.0303
345,sparse,0.4250,False,1,1,1,0.6815,0.6857,0.6857,1.0548,0.7549,0.7420
346,very_dense,0.7083,False,1,1,1,0.8146,0.9100,0.9100,1.7718,1.0380,1.0328
347,very_dense,0.7667,False,1,0,0,0.7811,1.1224,1.1224,1.7189,0.5635,0.5694
348,sparse,0.3250,False,1,1,1,0.9190,0.8648,0.8648,0.4689,0.4469,0.4387
349,sparse,0.5917,False,1,1,1,0.9118,0.9257,0.9257,0.5145,0.4535,0.4511
350,dense,0.4167,False,1,0,0,0.8730,0.9751,0.9751,0.8261,0.4810,0.4790
351,sparse,0.2833,True,1,1,1,0.7798,0.7321,0.7798,0.7718,0.6396,0.7686
352,sparse,0.3889,False,1,1,1,0.8819,0.9401,0.9401,0.4973,0.4411,0.4358
353,dense,0.4167,False,1,1,1,0.8211,0.7890,0.7890,1.2066,0.8777,0.8714
354,very_dense,0.7028,False,1,1,1,0.8763,0.9730,0.9730,1.4438,0.8749,0.8732
355,very_dense,0.8611,False,1,0,0,0.8523,0.6072,0.6072,1.0190,0.5670,0.5692
356,sparse,0.4000,False,1,1,1,0.8062,0.7520,0.7520,0.8450,0.6612,0.6429
357,very_dense,0.7250,False,0,0,0,0.6367,0.3411,0.3411,0.8318,0.5977,0.5964
358,sparse,0.3972,False,1,1,1,0.8326,0.8224,0.8224,0.5535,0.4921,0.4870
359,very_dense,0.8806,False,1,1,1,0.8549,1.1034,1.1034,1.1674,0.7099,0.7065
360,very_dense,0.5583,False,1,0,0,0.8728,1.4894,1.4894,1.0654,0.5671,0.5650
361,very_dense,0.8583,False,0,0,0,,,,3.9647,0.5610,0.5607
362,sparse,0.5778,False,1,1,1,0.8476,1.1403,1.1403,0.4965,0.4208,0.4069
363,very_dense,0.7500,False,1,1,1,0.8705,0.9651,0.9651,1.1272,0.7740,0.7695
364,sparse,0.6444,False,1,1,1,0.8838,0.8767,0.8767,0.5262,0.4722,0.4728
365,dense,0.7167,False,1,1,1,0.7075,0.7143,0.7143,2.7650,1.5623,1.5515
366,dense,0.7417,False,1,1,1,,,,1.3022,0.8595,0.8546
367,sparse,0.4694,False,1,1,1,0.9218,0.9684,0.9684,0.4438,0.4116,0.4099
368,sparse,0.5694,False,1,1,1,0.6938,0.7374,0.7374,1.0988,0.7682,0.7599
369,very_dense,0.7167,False,1,1,1,0.8142,1.2648,1.2648,1.9073,0.8752,0.8704
370,dense,0.8972,False,1,1,1,0.8634,0.8985,0.8985,1.0826,0.7557,0.7536
371,dense,0.7083,False,1,1,1,0.8771,0.9954,0.9954,1.0255,0.6869,0.6757
372,dense,0.5694,False,1,1,1,0.8682,0.8645,0.8645,1.0857,0.8128,0.8069
373,dense,0.4528,False,1,1,1,0.8797,1.3144,1.3144,0.7724,0.4796,0.4803
374,very_dense,0.7222,False,1,1,1,0.9169,1.0225,1.0225,1.1117,0.7394,0.7348
375,sparse,0.4083,False,1,0,0,0.8913,0.9236,0.9236,0.4595,0.3953,0.3954
376,very_dense,0.8556,False,0,0,0,0.6992,0.4887,0.4887,1.0129,0.5769,0.5758
377,very_dense,0.6333,False,0,1,1,,,,2.8352,0.7045,0.7048
378,dense,0.6083,False,1,1,1,,,,1.3645,0.8476,0.8379
379,sparse,0.4694,False,1,1,1,0.8710,1.0018,1.0018,0.4906,0.4258,0.4229
380,sparse,0.4056,False,1,1,1,0.9287,1.0052,1.0052,0.4500,0.4108,0.4111
381,very_dense,0.7389,False,1,1,1,0.6903,0.6783,0.6783,2.8686,1.6713,1.6577
382,very_dense,0.8333,False,1,1,1,0.8336,0.9438,0.9438,1.4321,0.9125,0.9101
383,sparse,0.1639,True,1,1,1,0.7369,0.7230,0.7369,0.7422,0.6109,0.7398
384,sparse,0.1556,True,1,1,1,0.7433,0.7273,0.7433,0.8512,0.6894,0.8546
385,sparse,0.2222,True,1,1,1,0.8866,0.9517,0.8866,0.4844,0.4344,0.4855
386,sparse,0.2639,True,1,1,1,0.8613,1.1515,0.8613,0.5283,0.4277,0.5276
387,very_dense,0.7167,False,1,1,1,0.7976,1.0450,1.0450,1.4712,0.7995,0.7959
388,very_dense,0.8528,False,1,1,1,0.8197,0.8474,0.8474,1.5106,0.9941,0.9898
389,sparse,0.2306,True,1,1,1,0.6236,0.6474,0.6236,1.1694,0.8054,1.1636
390,very_dense,0.7278,False,1,0,0,0.8376,1.0812,1.0812,1.2229,0.5730,0.5704
391,sparse,0.5333,False,1,1,1,0.8745,1.0197,1.0197,0.4996,0.4268,0.4274
392,dense,0.6667,False,1,1,1,0.8207,0.8271,0.8271,1.2151,0.8305,0.8393
393,dense,0.7944,False,1,1,1,0.8206,1.1024,1.1024,1.1485,0.5436,0.5449
394,very_dense,0.7417,False,0,0,0,0.5958,0.3218,0.3218,0.8772,0.5962,0.6075
395,very_dense,0.5972,False,1,1,1,0.8078,0.9583,0.9583,1.5312,0.9107,0.9087
396,sparse,0.1833,True,1,1,1,0.8676,1.1003,0.8676,0.4904,0.4270,0.4891
397,sparse,0.3639,False,1,1,1,0.8504,0.9350,0.9350,0.6321,0.5095,0.5042
398,sparse,0.5917,False,1,1,1,0.8725,0.9780,0.9780,0.4969,0.4482,0.4567
399,sparse,0.3667,False,1,1,1,0.7789,0.7859,0.7859,0.7879,0.6327,0.6209
400,very_dense,0.7167,False,0,1,1,,,,3.1719,0.6571,0.6529
401,very_dense,0.7833,False,0,1,1,,,,3.4573,0.9331,0.9281
402,sparse,0.4333,False,1,1,1,0.9005,0.8499,0.8499,0.5525,0.5096,0.5034
403,very_dense,0.8806,False,0,1,1,,,,4.2827,0.7156,0.8529
404,dense,0.4583,False,1,1,1,0.6456,0.6567,0.6567,3.5612,2.0607,2.0325
405,dense,0.5806,False,1,1,1,0.7460,0.8941,0.8941,1.9713,1.1535,1.1491
406,dense,0.7583,False,1,1,1,0.8881,0.9084,0.9084,1.4778,0.9654,0.9577
407,sparse,0.5111,False,1,1,1,0.8737,0.8495,0.8495,0.5618,0.5153,0.5029
408,very_dense,0.9056,False,1,1,1,0.8767,1.0615,1.0615,1.2564,0.8164,0.8037
409,sparse,0.2139,True,1,1,1,0.8455,0.7840,0.8455,0.6056,0.5467,0.6047
410,sparse,0.3833,False,1,1,1,0.9072,0.9731,0.9731,0.5112,0.4672,0.4615
411,sparse,0.4806,False,1,1,1,0.7077,0.5883,0.5883,1.2102,0.9369,0.9258
412,sparse,0.4444,False,1,1,1,0.6966,0.8604,0.8604,0.8569,0.6230,0.6121
413,sparse,0.4889,False,1,1,1,0.7653,0.7844,0.7844,1.0364,0.6945,0.6939
414,sparse,0.1556,True,1,1,1,0.7764,0.7473,0.7764,0.7914,0.6783,0.7878
415,very_dense,0.6306,False,1,1,1,0.7445,0.7590,0.7590,3.0595,1.6558,1.6488
416,very_dense,0.8389,False,0,0,0,0.6865,0.2165,0.2165,0.9080,0.6707,0.6559
417,sparse,0.2028,True,1,1,1,0.8531,0.8729,0.8531,0.5743,0.4985,0.5780
418,sparse,0.6528,False,1,1,1,0.7658,0.7444,0.7444,0.9363,0.7021,0.7001
419,dense,0.4417,False,1,1,1,0.7434,0.6982,0.6982,2.1790,1.4581,1.4426
420,very_dense,0.6028,False,1,1,1,0.7622,0.8245,0.8245,2.5670,1.4147,1.3854
421,very_dense,0.7917,False,0,0,0,0.1442,0.3426,0.3426,2.6450,0.6754,0.6368
422,very_dense,0.8222,False,1,0,0,0.8391,0.5473,0.5473,1.1552,0.6437,0.6621
423,dense,0.9333,False,1,0,0,0.8846,1.1557,1.1557,0.9953,0.5639,0.5436
424,dense,0.7167,False,1,1,1,0.9165,1.0117,1.0117,0.8483,0.6635,0.6453
425,sparse,0.2750,True,1,1,1,0.9157,0.9157,0.9157,0.5461,0.4879,0.5462
426,very_dense,0.7583,False,1,1,1,0.7445,1.2363,1.2363,2.0171,0.7955,0.7921
427,very_dense,0.9417,False,0,0,0,0.1181,0.5036,0.5036,3.8078,0.6178,0.6183
428,sparse,0.1972,True,1,1,1,0.6613,0.8362,0.6613,1.0034,0.6588,0.9993
429,very_dense,0.9417,False,1,0,0,0.8864,0.3153,0.3153,0.9023,0.6387,0.6486
430,sparse,0.6306,False,1,1,1,0.8986,0.9785,0.9785,0.4799,0.4452,0.4449
431,very_dense,0.7361,False,1,0,0,0.7159,1.6723,1.6723,2.8142,0.6184,0.6126
432,very_dense,0.7861,False,1,1,1,0.8332,0.9140,0.9140,1.4449,0.9167,0.9122
433,sparse,0.6583,False,1,1,1,0.8948,0.9731,0.9731,0.5413,0.4781,0.4702
434,dense,0.6278,False,1,1,1,0.8197,0.8689,0.8689,1.2673,0.8862,0.8768
435,sparse,0.4722,False,1,1,1,0.9217,0.9440,0.9440,0.4847,0.4561,0.4470
436,dense,0.6500,False,1,1,1,0.8210,0.8351,0.8351,1.1580,0.8483,0.8488
437,very_dense,0.7556,False,1,1,1,0.8326,1.3121,1.3121,1.2612,0.6414,0.6646
438,sparse,0.3778,False,1,1,1,0.8871,0.9113,0.9113,0.5316,0.4903,0.4862
439,dense,0.6833,False,1,1,1,0.8289,0.9270,0.9270,1.2218,0.8094,0.8098
440,very_dense,0.8944,False,0,0,0,0.1902,0.1991,0.1991,1.8571,0.6328,0.6316
441,sparse,0.2111,True,1,1,1,0.8820,0.8713,0.8820,0.5602,0.5158,0.5721
442,sparse,0.6361,False,1,1,1,0.8896,1.1065,1.1065,0.5226,0.4576,0.4591
443,dense,0.7556,False,0,1,1,,,,8.5196,0.5457,0.5391
444,dense,0.8750,False,1,0,0,0.8524,0.4492,0.4492,0.9953,0.9025,0.8857
445,dense,0.7028,False,1,1,1,0.8634,1.4064,1.4064,1.0052,0.5905,0.5879
446,sparse,0.2333,True,1,1,1,0.9065,0.8973,0.9065,0.4928,0.4628,0.4914
447,very_dense,0.7028,False,1,1,1,0.8486,0.9614,0.9614,1.3813,0.9159,0.9085
448,dense,0.4306,False,1,1,1,0.8540,0.8863,0.8863,1.2460,0.8556,0.8520
449,sparse,0.5111,False,1,1,1,0.7786,0.7538,0.7538,0.7738,0.6296,0.6195
450,very_dense,0.7389,False,1,1,1,0.9159,1.0263,1.0263,1.1755,0.8000,0.8060
451,very_dense,0.5694,False,1,1,1,0.8514,1.0068,1.0068,3.9392,1.2820,1.2597
452,dense,0.6750,False,1,1,1,0.8092,0.8404,0.8404,2.0199,1.3937,1.3882
453,sparse,0.1583,True,1,1,1,0.8665,1.0260,0.8665,0.7665,0.6219,0.7282
454,dense,0.7833,False,1,1,1,0.8474,0.9670,0.9670,1.1586,0.8114,0.7722
455,dense,0.7056,False,1,1,1,0.9051,0.9174,0.9174,1.2010,0.7969,0.7756
456,sparse,0.3361,False,1,1,1,0.8359,0.9943,0.9943,0.6063,0.5097,0.5080
457,dense,0.6806,False,1,1,1,0.7367,0.7953,0.7953,2.1271,1.2011,1.1894
458,very_dense,0.7889,False,1,1,1,0.7697,0.8528,0.8528,3.0835,1.6827,2.1461
459,sparse,0.2028,True,1,1,1,0.5587,0.9341,0.5587,1.5802,0.7737,1.5650
460,very_dense,0.7278,False,1,0,0,0.9138,0.9838,0.9838,1.0636,0.6314,0.6173
461,sparse,0.4333,False,1,1,1,0.7775,0.7702,0.7702,0.8096,0.6450,0.6303
462,very_dense,0.8972,False,0,0,0,0.0994,0.2400,0.2400,2.5636,0.6306,0.6232
463,dense,0.3750,False,1,1,1,0.8503,0.8536,0.8536,1.7341,1.0981,1.0901
464,sparse,0.3944,False,1,1,1,0.8999,0.8717,0.8717,0.5177,0.4800,0.4690
465,very_dense,0.5944,False,1,1,1,0.6629,0.9369,0.9369,4.5683,1.7789,1.6866
466,sparse,0.3778,False,1,1,1,0.8467,0.8523,0.8523,0.5765,0.5115,0.5109
467,dense,0.7472,False,1,1,1,0.8866,0.9819,0.9819,1.0035,0.7044,0.7070
468,sparse,0.4361,False,1,1,1,0.8840,0.8661,0.8661,0.5340,0.4876,0.4834
469,very_dense,0.8000,False,0,0,0,0.1166,0.4209,0.4209,3.5589,0.6155,0.6176
470,very_dense,0.8500,False,1,1,1,0.9012,0.9932,0.9932,1.1257,0.8071,0.7740
471,very_dense,0.6917,False,1,1,1,0.7762,0.9193,0.9193,1.9193,1.0493,1.0500
472,dense,0.6361,False,1,0,0,0.8895,1.0024,1.0024,0.9352,0.5172,0.5085
473,dense,0.7417,False,1,1,1,0.7141,0.7189,0.7189,2.4113,1.4295,1.4281
474,dense,0.9056,False,1,1,1,0.8532,0.8883,0.8883,1.2278,0.8319,0.8437
475,very_dense,0.5861,False,1,1,1,0.7813,0.9591,0.9591,1.6911,0.9867,0.9764
476,very_dense,0.8500,False,1,1,1,0.6378,0.8304,0.8304,3.3729,1.4586,1.4571
477,sparse,0.3333,False,1,1,1,0.8994,0.8985,0.8985,0.4718,0.4461,0.4491
478,dense,0.7250,False,1,0,0,0.8806,0.8080,0.8080,0.8492,0.5105,0.5152
479,sparse,0.1917,True,1,1,1,0.8903,0.8875,0.8903,0.5483,0.4816,0.5507
480,sparse,0.2778,True,1,1,1,0.8754,0.9539,0.8754,0.5305,0.4701,0.5150
481,very_dense,0.7694,False,1,1,1,0.8496,0.9976,0.9976,1.2069,0.7756,0.7776
482,sparse,0.4000,False,1,1,1,0.9035,0.9818,0.9818,0.4994,0.4618,0.4900
483,very_dense,0.7250,False,1,1,1,0.8597,1.1059,1.1059,1.4345,0.8399,0.8401
484,dense,0.7222,False,1,1,1,0.8773,1.0648,1.0648,1.0323,0.6920,0.6883
485,sparse,0.0389,True,1,1,1,0.8458,0.7653,0.8458,0.7231,0.6410,0.7215
486,dense,0.4833,False,1,1,1,0.8814,1.1454,1.1454,0.9811,0.6933,0.6823
487,dense,0.4083,False,1,1,1,0.8179,0.8281,0.8281,1.3320,0.8968,0.8907
488,very_dense,0.8639,False,1,0,0,0.8628,0.9884,0.9884,1.4700,0.6184,0.6182
489,dense,0.3833,False,1,0,0,0.8910,0.9691,0.9691,0.8512,0.5372,0.5273
490,very_dense,0.9139,False,1,1,1,0.8420,1.0099,1.0099,1.3149,0.8315,0.8228
491,very_dense,0.7972,False,1,1,1,0.8583,1.0541,1.0541,1.1330,0.7714,0.7472
492,very_dense,0.6028,False,1,1,1,0.8798,1.1022,1.1022,1.3926,0.8567,0.8545
493,dense,0.9361,False,1,1,1,0.8877,1.0954,1.0954,1.0910,0.6844,0.6779
494,sparse,0.3528,False,1,1,1,0.9145,0.9569,0.9569,0.5774,0.5000,0.5102
495,dense,0.6250,False,1,1,1,0.8334,0.9244,0.9244,0.9852,0.6837,0.6850
496,sparse,0.7028,False,1,1,1,0.8766,0.8510,0.8510,0.4677,0.4523,0.4636
497,dense,0.7250,False,1,1,1,0.8892,0.9158,0.9158,1.0039,0.7336,0.7242
498,very_dense,0.6139,False,0,0,0,0.5214,0.3299,0.3299,1.0852,0.6441,0.6500
499,dense,0.7111,False,1,1,1,0.8619,1.0477,1.0477,0.9001,0.6402,0.6434
500,sparse,0.1528,True,1,1,1,0.8031,0.8495,0.8031,0.6559,0.5536,0.6537
501,dense,0.6083,False,1,1,1,0.8483,0.9137,0.9137,1.0240,0.7381,0.7361
502,very_dense,0.5833,False,1,1,1,0.9051,1.5385,1.5385,1.1441,0.6091,0.6218
503,very_dense,0.8694,False,1,1,1,0.7900,0.8737,0.8737,1.7999,1.0611,1.0307
504,sparse,0.1778,True,1,1,1,0.6338,0.6413,0.6338,1.0578,0.7962,1.0604
505,dense,0.3889,False,1,1,1,0.6434,0.6609,0.6609,3.4624,1.9079,1.8967
506,dense,0.5056,False,1,1,1,0.5607,0.5863,0.5863,3.2384,1.9662,1.9203
507,sparse,0.4861,False,1,1,1,0.8009,0.7795,0.7795,0.9785,0.7149,0.7077
508,sparse,0.6833,False,1,1,1,0.8006,0.7524,0.7524,0.8050,0.6582,0.6521
509,sparse,0.3556,False,1,1,1,0.7631,0.7386,0.7386,0.8529,0.6809,0.6744
510,very_dense,0.9056,False,0,0,0,0.1156,0.4191,0.4191,2.6537,0.6200,0.6100
511,very_dense,0.6111,False,1,1,1,0.5663,0.5246,0.5246,5.6301,3.2730,3.2840
512,very_dense,0.6778,False,0,0,0,0.7212,0.5072,0.5072,1.1332,0.6341,0.6262
513,very_dense,0.8056,False,1,1,1,0.7738,0.9456,0.9456,1.9759,1.0911,1.0868
514,very_dense,0.8361,False,1,0,0,0.8307,0.7012,0.7012,1.2396,0.6094,0.6201
515,sparse,0.4722,False,1,1,1,0.6745,0.7089,0.7089,1.0928,0.7986,0.8044
516,very_dense,0.7167,False,1,0,0,0.9180,1.0525,1.0525,1.1246,0.6625,0.6608
517,sparse,0.1917,True,1,1,1,0.9008,1.0813,0.9008,0.5783,0.5008,0.5746
518,dense,0.4472,False,1,1,1,0.6531,0.7358,0.7358,2.6493,1.5190,1.4995
519,dense,0.9083,False,0,1,1,0.1048,1.0290,1.0290,3.4281,0.6473,0.6437
520,dense,0.6861,False,1,0,0,0.8725,1.0901,1.0901,0.9991,0.5262,0.5219
521,sparse,0.2694,True,1,1,1,0.9171,1.0748,0.9171,0.4932,0.4451,0.4907
522,sparse,0.3194,False,1,1,1,0.8876,0.9622,0.9622,0.5062,0.4469,0.4605
523,very_dense,0.6722,False,1,1,1,,,,2.5545,1.2410,1.2322
524,sparse,0.1889,True,1,1,1,0.8744,0.8461,0.8744,0.5990,0.5395,0.5979
525,sparse,0.5139,False,1,1,1,0.8182,1.0095,1.0095,0.7845,0.5825,0.5673
526,very_dense,0.8278,False,1,1,1,0.8795,1.0249,1.0249,1.2059,0.8203,0.8044
527,sparse,0.4972,False,1,1,1,0.7861,1.0152,1.0152,0.6947,0.6611,0.4983
528,very_dense,0.8222,False,1,0,0,0.8657,0.3865,0.3865,0.9461,0.6317,0.6209
529,very_dense,0.7333,False,1,1,1,0.7789,1.3331,1.3331,1.5427,0.7500,0.7443
530,dense,0.7694,False,1,1,1,0.8634,0.8902,0.8902,0.9321,0.6990,0.6871
531,sparse,0.3722,False,1,1,1,0.8790,0.8991,0.8991,0.5153,0.4691,0.4658
532,sparse,0.5750,False,1,1,1,0.6208,0.6106,0.6106,1.2134,0.8846,0.8794
533,sparse,0.6361,False,1,1,1,0.8429,0.9001,0.9001,0.5866,0.4927,0.4908
534,dense,0.7556,False,1,1,1,0.8315,0.9680,0.9680,1.0625,0.6992,0.7030
535,sparse,0.2750,True,1,1,1,0.9157,0.9190,0.9157,0.5063,0.4659,0.5184
536,dense,0.7556,False,1,1,1,0.8742,1.1589,1.1589,0.8704,0.6327,0.6288
537,sparse,0.1306,True,1,1,1,0.8256,0.7866,0.8256,0.6576,0.5549,0.6507
538,dense,0.5167,False,1,1,1,0.7429,0.6691,0.6691,1.8644,1.2891,1.2735
539,sparse,0.4694,False,1,1,1,0.8802,0.8757,0.8757,0.5296,0.4798,0.4978
540,very_dense,0.6139,False,1,1,1,0.8362,1.0980,1.0980,1.4409,0.8574,0.8430
541,sparse,0.1778,True,1,1,1,0.8844,0.9033,0.8844,0.5694,0.5054,0.5757
542,sparse,0.4667,False,1,0,0,0.9156,0.0600,0.0600,0.4762,1.1854,1.1576
543,sparse,0.2750,True,1,1,1,0.8572,0.8367,0.8572,0.5873,0.5253,0.5907
544,very_dense,0.9000,False,1,1,1,0.7810,0.7847,0.7847,2.0868,1.2914,1.2988
545,sparse,0.4361,False,1,1,1,0.8540,0.8659,0.8659,0.6477,0.5290,0.5258
546,dense,0.6444,False,0,1,1,,,,4.2067,0.8393,0.8266
547,dense,0.7472,False,1,1,1,0.8775,0.9746,0.9746,1.0352,0.7211,0.7347
548,dense,0.5833,False,1,1,1,0.8208,0.8921,0.8921,1.1549,0.8025,0.7901
549,very_dense,0.8806,False,1,0,0,0.8205,1.0611,1.0611,1.5563,0.6028,0.6035
550,very_dense,0.9222,False,0,0,0,0.2066,0.2534,0.2534,1.6351,0.6379,0.6287
551,dense,0.4750,False,1,1,1,0.7572,0.7775,0.7775,2.1548,1.4559,1.4166
552,very_dense,0.7694,False,1,1,1,0.8764,1.0704,1.0704,1.2129,0.7775,0.7756
553,sparse,0.2278,True,1,1,1,0.7991,0.7803,0.7991,0.7026,0.6016,0.7031
554,very_dense,0.8444,False,1,1,1,0.8336,0.9478,0.9478,1.7376,1.0136,1.0175
555,dense,0.7583,False,1,1,1,0.8767,0.9874,0.9874,0.8600,0.6515,0.6517
556,very_dense,0.8611,False,1,1,1,0.7824,0.8867,0.8867,2.0492,1.1631,1.1665
557,very_dense,0.6667,False,1,1,1,0.8546,1.2059,1.2059,1.4908,0.8501,0.8484
558,very_dense,0.6278,False,1,1,1,0.8812,0.9989,0.9989,1.5142,0.9375,0.9186
559,very_dense,0.8694,False,0,0,0,0.5768,0.3025,0.3025,1.0093,0.6563,0.6361
560,dense,0.6778,False,1,1,1,0.8787,0.8374,0.8374,1.0024,0.7807,0.7832
561,sparse,0.6500,False,1,1,1,0.8654,0.8728,0.8728,0.5029,0.4713,0.4686
562,dense,0.3917,False,1,1,1,0.8766,0.8952,0.8952,1.2164,0.8967,0.8815
563,sparse,0.2528,True,1,0,1,0.8532,0.6839,0.8532,0.5411,0.5200,0.5226
564,very_dense,0.6139,False,1,1,1,,,,1.7126,0.9199,0.9079
565,sparse,0.4889,False,1,1,1,0.8691,0.8740,0.8740,0.4983,0.4671,0.4632
566,sparse,0.3444,False,1,1,1,0.8393,0.8624,0.8624,0.6204,0.5576,0.5389
567,sparse,0.3750,False,1,1,1,0.8877,0.8663,0.8663,0.5279,0.4860,0.4821
568,dense,0.5778,False,1,0,0,0.7876,1.1997,1.1997,1.4359,0.5229,0.5156
569,dense,0.8222,False,1,1,1,0.8793,0.9579,0.9579,0.9916,0.7206,0.7199
570,very_dense,0.6417,False,1,1,1,0.8347,0.9600,0.9600,1.9647,1.1270,1.1234
571,dense,0.7417,False,1,1,1,0.6590,0.6861,0.6861,2.5597,1.5157,1.5588
572,sparse,0.1528,True,1,1,1,0.7289,1.1814,0.7289,1.0005,0.5488,0.9898
573,sparse,0.4583,False,1,1,1,0.8473,0.7989,0.7989,0.6452,0.5585,0.5519
574,sparse,0.4778,False,1,1,1,0.8901,0.8818,0.8818,0.5210,0.4791,0.4744
575,dense,0.8278,False,1,1,1,0.8946,0.9265,0.9265,0.9456,0.7124,0.7103
576,very_dense,0.7250,False,0,0,0,0.6294,0.3075,0.3075,0.9575,0.6423,0.6265
577,dense,0.3917,False,1,1,1,0.8271,1.0429,1.0429,1.0983,0.7109,0.7217
578,very_dense,0.8500,False,1,1,1,0.6394,0.6442,0.6442,3.3083,1.9019,1.8505
579,sparse,0.3694,False,1,1,1,0.6185,0.6280,0.6280,1.2413,0.9079,0.9086
580,sparse,0.1944,True,1,1,1,0.7824,0.8101,0.7824,0.8858,0.6935,0.8750
581,very_dense,0.7472,False,1,1,1,,,,2.2636,1.1032,1.0847
582,sparse,0.3361,False,1,1,1,0.7941,0.7799,0.7799,0.7310,0.6078,0.6042
583,sparse,0.1417,True,1,1,1,0.8779,0.8685,0.8779,0.5350,0.4858,0.5329
584,dense,0.9083,False,1,1,1,0.8584,0.9174,0.9174,1.3295,0.8714,0.8665
585,very_dense,0.6361,False,1,1,1,0.7809,0.9682,0.9682,2.6164,1.4551,1.4184
586,very_dense,0.8583,False,1,0,0,0.8164,0.0902,0.0902,1.2791,2.1212,2.1034
587,sparse,0.5222,False,1,1,1,0.9205,0.9576,0.9576,0.4851,0.4508,0.4466
588,very_dense,0.7000,False,1,1,1,0.8047,0.9625,0.9625,1.9600,1.1579,1.1297
589,very_dense,0.8500,False,1,0,0,0.8849,1.1310,1.1310,0.9659,0.6015,0.6335
590,very_dense,0.8806,False,1,0,0,,,,1.5700,0.6369,0.6380
591,very_dense,0.6444,False,1,1,1,0.8996,1.1113,1.1113,1.3010,0.7789,0.8067
592,sparse,0.7583,False,1,1,1,0.8982,0.9863,0.9863,0.5182,0.4652,0.4583
593,very_dense,0.6167,False,1,1,1,0.8054,0.9443,0.9443,2.0456,1.1362,1.1389
594,sparse,0.2194,True,1,1,1,0.9138,1.0142,0.9138,0.5197,0.4544,0.5170
595,very_dense,0.8778,False,0,1,1,,,,7.5989,0.6438,0.6228
596,dense,0.4833,False,1,1,1,0.6946,0.6624,0.6624,2.8233,1.7121,1.7389
597,very_dense,0.6444,False,1,1,1,0.4960,0.5761,0.5761,4.7285,1.9766,1.9672
598,dense,0.3861,False,1,1,1,0.8501,0.9394,0.9394,0.9899,0.7304,0.7229
599,dense,0.8167,False,1,1,1,0.8801,1.2190,1.2190,0.9312,0.6002,0.5962
600,dense,0.4444,False,1,1,1,0.8745,0.9760,0.9760,0.9091,0.6558,0.6540
601,very_dense,0.7056,False,1,1,1,0.7785,1.0489,1.0489,3.0919,1.4328,1.4377
602,very_dense,0.8861,False,1,1,1,0.8603,0.9445,0.9445,1.4339,0.9254,0.9182
603,sparse,0.3306,False,1,1,1,0.8440,0.8586,0.8586,0.6086,0.5216,0.5239
604,very_dense,0.5861,False,1,1,1,0.8057,1.0812,1.0812,1.4915,0.7774,0.7754
605,dense,0.4306,False,1,1,1,0.8054,0.8004,0.8004,1.5228,1.0904,1.0812
606,sparse,0.1889,True,1,1,1,0.8424,0.9748,0.8424,0.6567,0.5198,0.6568
607,dense,0.7000,False,1,1,1,0.8457,1.1322,1.1322,1.0837,0.6948,0.6950
608,very_dense,0.7556,False,1,1,1,0.8543,1.0171,1.0171,1.1124,0.7229,0.7196
609,very_dense,0.9083,False,1,1,1,0.7506,0.7972,0.7972,2.9590,1.6164,1.5982
610,very_dense,0.7500,False,1,1,1,0.8546,1.3070,1.3070,1.1675,0.6308,0.6800
611,dense,0.7889,False,1,1,1,0.8934,1.0082,1.0082,0.8695,0.6433,0.6520
612,very_dense,0.6639,False,1,1,1,0.8428,0.9689,0.9689,1.5197,0.9619,0.9573
613,dense,0.4333,False,1,1,1,0.7712,0.7714,0.7714,1.3434,0.9639,0.9643
614,very_dense,0.7611,False,1,1,1,0.8419,0.9044,0.9044,2.2263,1.2714,1.2636
615,dense,0.5944,False,1,1,1,0.9107,1.0603,1.0603,0.9247,0.6579,0.6602
616,sparse,0.4722,False,1,1,1,0.7021,0.9220,0.9220,1.0859,0.6931,0.6849
617,sparse,0.3056,False,1,1,1,0.8668,0.9765,0.9765,0.5873,0.4928,0.4872
618,sparse,0.2611,True,1,1,1,0.8483,0.8267,0.8483,0.6086,0.5354,0.6070
619,sparse,0.2833,True,1,1,1,0.9130,0.8812,0.9130,0.4999,0.4682,0.4960
620,dense,0.7278,False,1,1,1,0.8731,1.0456,1.0456,0.8772,0.6073,0.5991
621,dense,0.6139,False,1,1,1,0.7553,1.4942,1.4942,1.4594,0.6780,0.6840
622,sparse,0.0944,True,1,0,1,0.9200,0.5690,0.9200,0.4957,0.5037,0.4911
623,dense,0.5556,False,1,1,1,0.7002,0.6808,0.6808,2.2453,1.4495,2.3130
624,dense,0.6333,False,0,0,0,,,,1.4155,0.5052,0.5032
625,sparse,0.4222,False,1,1,1,0.8026,0.8389,0.8389,0.7159,0.5881,0.5800
626,dense,0.4250,False,1,1,1,0.8595,0.9391,0.9391,1.0461,0.7344,0.7309
627,dense,0.7861,False,1,1,1,0.8782,0.9635,0.9635,0.8409,0.6454,0.6407
628,dense,0.9083,False,1,1,1,0.8920,0.9001,0.9001,0.9992,0.7567,0.7640
629,dense,0.6250,False,1,1,1,0.8073,0.8183,0.8183,1.4216,0.9723,0.9622
630,very_dense,0.7722,False,0,1,1,,,,7.5499,0.6257,0.6242
631,sparse,0.3222,False,1,1,1,0.7893,0.7906,0.7906,0.7710,0.6179,0.6080
632,dense,0.4389,False,1,1,1,0.8755,0.9308,0.9308,1.0605,0.7587,0.7548
633,dense,0.6056,False,1,1,1,0.7045,0.8689,0.8689,2.3530,1.1877,1.1757
634,sparse,0.5278,False,1,1,1,0.8608,0.8628,0.8628,0.6739,0.5563,0.5562
635,very_dense,0.9083,False,0,0,0,0.3090,0.5170,0.5170,1.5568,0.6064,0.6078
636,sparse,0.5417,False,1,1,1,0.9215,1.0555,1.0555,0.5787,0.4761,0.4868
637,sparse,0.2833,True,1,1,1,0.6611,0.6532,0.6611,1.1142,0.8110,1.0994
638,very_dense,0.7583,False,1,0,0,0.7934,1.1261,1.1261,1.9576,0.5979,0.6063
639,very_dense,0.8694,False,1,1,1,0.8405,0.9397,0.9397,1.4815,0.9213,0.9117
640,very_dense,0.7611,False,1,1,1,0.8150,1.0170,1.0170,1.5367,0.8850,0.8900
641,very_dense,0.7167,False,1,1,1,0.8363,0.9459,0.9459,1.7618,1.0449,1.0335
642,very_dense,0.7722,False,0,1,1,0.5126,1.0445,1.0445,1.3646,0.6987,0.6958
643,dense,0.4222,False,1,0,0,0.8638,1.0569,1.0569,0.9003,0.5134,0.5088
644,very_dense,0.6028,False,1,1,1,0.8141,1.6272,1.6272,1.6889,0.6156,0.6178
645,sparse,0.7028,False,1,1,1,0.8519,0.9341,0.9341,0.5446,0.4553,0.4490
646,dense,0.4556,False,1,1,1,0.7947,0.8060,0.8060,1.4045,0.9583,0.9294
647,dense,0.8056,False,1,1,1,0.8745,1.2557,1.2557,0.9345,0.5792,0.5816
648,very_dense,0.8194,False,0,0,0,0.1621,0.2519,0.2519,2.1437,0.6139,0.6118
649,very_dense,0.7111,False,1,1,1,0.8038,1.1862,1.1862,1.5140,0.6828,0.6816
650,dense,0.6194,False,1,1,1,0.5948,0.6997,0.6997,2.9357,1.4872,1.5175
651,dense,0.7083,False,0,1,1,,,,1.4853,0.5849,0.5829
652,sparse,0.4944,False,1,1,1,0.8447,0.9527,0.9527,0.6141,0.4956,0.4941
653,very_dense,0.7139,False,1,1,1,0.8682,0.9302,0.9302,1.5537,0.9656,0.9805
654,dense,0.5444,False,1,0,0,0.8615,1.0296,1.0296,0.9648,0.5220,0.5248
655,dense,0.3639,False,1,1,1,0.8933,0.9239,0.9239,1.0747,0.7803,0.7831
656,very_dense,0.6389,False,1,1,1,0.8540,0.9029,0.9029,1.9251,1.2002,1.1843
657,dense,0.3972,False,1,1,1,0.8826,0.8922,0.8922,1.2849,0.8888,0.8719
658,sparse,0.2111,True,1,1,1,0.7718,0.8889,0.7718,0.7584,0.5740,0.7755
659,sparse,0.7722,False,1,1,1,0.8160,0.9380,0.9380,0.6154,0.4978,0.4924
660,sparse,0.3917,False,1,1,1,0.7288,0.7140,0.7140,0.7998,0.6513,0.6512
661,very_dense,0.6861,False,1,0,0,0.8651,1.1110,1.1110,1.3673,0.6283,0.6166
662,sparse,0.5972,False,1,1,1,0.8745,1.1126,1.1126,0.5000,0.4404,0.4397
663,sparse,0.2389,True,1,1,1,0.6589,0.7723,0.6589,1.0435,0.7165,1.0421
664,dense,0.9083,False,0,1,1,,,,1.9617,0.7995,0.7897
665,very_dense,0.8167,False,1,1,1,0.8184,1.0055,1.0055,1.4058,0.8512,0.8488
666,dense,0.4111,False,1,1,1,0.7169,0.7225,0.7225,2.0464,1.3576,1.3467
667,very_dense,0.8167,False,1,1,1,0.7945,0.8552,0.8552,2.0882,1.1197,1.1004
668,very_dense,0.9111,False,0,0,0,0.1012,0.2006,0.2006,3.4445,1.2808,1.2704
669,sparse,0.3194,False,1,1,1,0.8345,0.8338,0.8338,0.6037,0.5492,0.5297
670,very_dense,0.7528,False,1,0,0,0.7789,0.8406,0.8406,1.5744,0.6148,0.6103
671,dense,0.7667,False,0,1,1,,,,1.4881,0.6367,0.6452
672,dense,0.4306,False,1,1,1,0.8821,0.8862,0.8862,1.0061,0.7493,0.7410
673,sparse,0.4528,False,1,1,1,0.8873,0.9202,0.9202,0.5023,0.4669,0.4721
674,dense,0.7583,False,1,1,1,0.9071,0.9583,0.9583,0.9239,0.6451,0.6442
675,very_dense,0.7694,False,0,0,0,0.1330,0.4385,0.4385,2.8806,0.6202,0.6244
676,dense,0.5944,False,1,1,1,0.8200,0.8387,0.8387,1.3156,0.8775,0.8819
677,sparse,0.1972,True,1,1,1,,,,0.6608,0.5444,0.6572
678,dense,0.7500,False,1,1,1,0.8335,0.9457,0.9457,1.2243,0.7556,0.7648
679,very_dense,0.7139,False,1,1,1,0.9003,1.0581,1.0581,1.2701,0.8158,0.8236
680,very_dense,0.8667,False,1,1,1,0.7253,0.7434,0.7434,2.6540,1.5374,1.5582
681,sparse,0.5861,False,1,1,1,0.8550,0.8400,0.8400,0.5655,0.4981,0.4954
682,very_dense,0.8861,False,1,0,0,0.8903,0.7786,0.7786,1.1690,0.6039,0.6119
683,very_dense,0.7194,False,1,1,1,0.8111,2.0402,2.0402,1.9610,0.7543,0.7493
684,sparse,0.2389,True,1,1,1,0.7467,0.7444,0.7467,0.7439,0.6188,0.7375
685,very_dense,0.7222,False,0,1,1,,,,2.4454,0.8006,0.7878
686,dense,0.4417,False,1,1,1,0.8188,0.8347,0.8347,1.2211,0.9002,0.8786
687,dense,0.7639,False,1,1,1,,,,1.0289,0.7157,0.7106
688,dense,0.5972,False,1,1,1,0.7994,0.8018,0.8018,1.5543,1.0623,1.0612
689,very_dense,0.5583,False,1,1,1,0.6393,0.7087,0.7087,3.1849,1.8334,1.8212
690,very_dense,0.9056,False,0,0,0,0.2797,0.4088,0.4088,1.5298,0.8119,0.8191
691,very_dense,0.8611,False,1,1,1,0.8223,0.8832,0.8832,1.2809,0.8491,0.8424
692,very_dense,0.7639,False,1,0,0,0.8563,0.6298,0.6298,1.1862,0.6200,0.6154
693,very_dense,0.7083,False,0,1,1,0.6806,0.5385,0.5385,1.0229,0.7227,0.7366
694,sparse,0.1528,True,1,1,1,0.9185,1.1520,0.9185,0.5340,0.4597,0.5397
695,sparse,0.5806,False,1,1,1,0.8603,0.8511,0.8511,0.5707,0.5125,0.5071
696,very_dense,0.6917,False,1,1,1,0.9306,1.0311,1.0311,1.1452,0.7774,0.7740
697,dense,0.7194,False,0,1,1,0.3718,0.9442,0.9442,1.5492,0.7068,0.7021
698,sparse,0.5944,False,1,1,1,0.9147,0.9183,0.9183,0.5046,0.4712,0.4671
699,sparse,0.1167,True,1,1,1,0.7462,0.7572,0.7462,0.8584,0.6915,0.8528
700,dense,0.6778,False,1,1,1,0.9138,0.9336,0.9336,0.9086,0.6966,0.6939
701,dense,0.6333,False,1,1,1,0.8830,1.2434,1.2434,0.9478,0.5634,0.5452
702,sparse,0.1472,True,1,1,1,0.8149,0.8701,0.8149,0.7530,0.6061,0.7394
703,sparse,0.2167,True,1,1,1,0.8472,0.8362,0.8472,0.5880,0.5247,0.6050
704,sparse,0.7000,False,1,1,1,0.9197,0.9430,0.9430,0.5469,0.4755,0.4714
705,dense,0.8167,False,1,0,0,0.8700,1.1105,1.1105,0.8676,0.5141,0.5051
706,sparse,0.3556,False,1,1,1,0.8550,0.9550,0.9550,0.6231,0.4379,0.4341
707,dense,0.7472,False,1,1,1,0.8351,0.9486,0.9486,1.0264,0.7186,0.7117
708,dense,0.4833,False,1,1,1,0.8606,0.8698,0.8698,1.2566,0.8929,0.8880
709,dense,0.3778,False,1,1,1,0.9065,1.1595,1.1595,0.8540,0.5775,0.5902
710,very_dense,0.6750,False,0,0,0,0.5743,0.4787,0.4787,1.0885,0.6393,0.6415
711,dense,0.6944,False,1,1,1,,,,1.9401,1.0872,1.0661
712,very_dense,0.6917,False,1,1,1,0.8407,0.8412,0.8412,1.9671,1.2075,1.1940
713,very_dense,0.6250,False,1,1,1,0.8537,0.9120,0.9120,1.2079,0.8371,0.8323
714,very_dense,0.7083,False,1,1,1,0.7830,0.8725,0.8725,1.8184,1.0876,1.0829
715,very_dense,0.8278,False,1,1,1,,,,2.3515,1.2122,1.1924
716,dense,0.6250,False,0,1,1,,,,3.6088,0.6104,0.6048
717,dense,0.7000,False,1,1,1,0.8134,0.8540,0.8540,1.2827,0.8778,0.8820
718,sparse,0.2306,True,1,1,1,0.6473,0.6170,0.6473,1.2022,0.8970,1.1753
719,dense,0.6361,False,1,1,1,0.8813,1.2107,1.2107,0.8321,0.5722,0.5814
720,sparse,0.4694,False,1,1,1,0.8546,0.8376,0.8376,0.5470,0.5173,0.4943
721,very_dense,0.6722,False,1,1,1,0.8705,0.9576,0.9576,1.8299,1.1881,1.1068
722,very_dense,0.6972,False,1,1,1,,,,2.4051,1.2949,1.2877
723,sparse,0.4083,False,1,1,1,0.9054,0.9416,0.9416,0.5185,0.4706,0.4596
724,very_dense,0.6556,False,1,1,1,0.8433,0.9894,0.9894,1.5128,0.9145,0.9377
725,sparse,0.1306,True,1,1,1,0.8765,1.1184,0.8765,0.5448,0.4535,0.5427
726,very_dense,0.6861,False,1,1,1,0.8868,1.1953,1.1953,1.0196,0.7097,0.7058
727,sparse,0.1056,True,1,1,1,0.9037,0.9823,0.9037,0.5022,0.4559,0.5007
728,dense,0.6361,False,1,1,1,0.8803,0.8408,0.8408,1.0298,0.8147,0.7976
729,dense,0.3722,False,1,1,1,0.9310,1.0311,1.0311,0.8821,0.6757,0.6691
730,very_dense,0.6333,False,1,1,1,0.6914,0.7153,0.7153,2.9611,1.7769,1.7489
731,dense,0.8056,False,1,1,1,0.8577,0.9527,0.9527,0.9561,0.7047,0.7088
732,very_dense,0.8500,False,1,1,1,0.8290,0.9495,0.9495,1.4778,0.9130,0.8977
733,very_dense,0.7250,False,1,1,1,0.7332,0.7410,0.7410,2.4796,1.5119,1.5084
734,sparse,0.3056,False,1,1,1,0.8892,0.9340,0.9340,0.5191,0.4668,0.4685
735,very_dense,0.9250,False,1,1,1,0.8654,1.0008,1.0008,1.1707,0.7839,0.7834
736,very_dense,0.7361,False,1,0,0,0.7928,1.2701,1.2701,1.5754,0.6118,0.6016
737,dense,0.3556,False,1,1,1,0.8809,0.8981,0.8981,0.9284,0.7386,0.7319
738,very_dense,0.6389,False,1,1,1,0.7444,0.9053,0.9053,2.1351,1.1780,1.1793
739,very_dense,0.8694,False,1,0,0,0.8799,0.2111,0.2111,0.9690,1.0200,1.0044
740,very_dense,0.5722,False,1,1,1,0.7453,0.7632,0.7632,2.8450,1.6251,1.6059
741,very_dense,0.7111,False,1,1,1,,,,2.4559,1.3369,1.3075
742,dense,0.9194,False,1,1,1,0.8665,0.8931,0.8931,0.9474,0.7127,0.7109
743,sparse,0.2250,True,1,1,1,0.8921,1.2179,0.8921,0.5193,0.4323,0.5173
744,very_dense,0.7194,False,1,1,1,0.9086,1.0021,1.0021,1.2154,0.8460,0.8411
745,dense,0.7444,False,1,1,1,0.7456,0.8956,0.8956,1.9328,1.0889,1.0829
746,dense,0.7250,False,1,1,1,0.7280,0.7121,0.7121,2.4061,1.5698,1.5503
747,sparse,0.5806,False,1,1,1,0.8896,1.0408,1.0408,0.4636,0.4218,0.4219
748,sparse,0.3250,False,1,1,1,0.8317,0.8548,0.8548,0.6315,0.5290,0.5261
749,sparse,0.2667,True,1,1,1,0.6907,0.6884,0.6907,0.8528,0.6676,0.8641
750,very_dense,0.8694,False,0,0,0,,,,3.0970,0.6272,0.6121
751,sparse,0.6806,False,1,0,0,0.9196,0.2047,0.2047,0.4460,0.6571,0.6436
752,sparse,0.2000,True,1,1,1,0.7569,0.7496,0.7569,0.8628,0.6748,0.8556
753,very_dense,0.8889,False,1,1,1,0.8992,1.1763,1.1763,1.1334,0.7156,0.7271
754,dense,0.7861,False,1,1,1,0.9017,1.0942,1.0942,0.8554,0.6181,0.6144
755,dense,0.7583,False,1,0,0,0.8845,1.0595,1.0595,0.9590,0.5093,0.5148
756,very_dense,0.9167,False,1,1,1,0.8626,0.9252,0.9252,1.7501,1.2261,1.2150
757,dense,0.3944,False,1,1,1,0.8700,0.9434,0.9434,1.1926,0.8514,0.8154
758,sparse,0.1389,True,1,1,1,0.8582,0.8999,0.8582,0.6364,0.5488,0.6160
759,very_dense,0.9083,False,1,1,1,0.7629,0.8861,0.8861,2.6406,1.2524,1.2369
760,sparse,0.1806,True,1,1,1,0.8886,1.1963,0.8886,0.5958,0.4613,0.5680
761,dense,0.7917,False,1,1,1,0.8619,0.8544,0.8544,1.1780,0.8736,0.8285
762,very_dense,0.6861,False,1,1,1,0.7721,0.9336,0.9336,2.3018,1.2113,1.2031
763,very_dense,0.8778,False,1,0,0,0.8988,0.7043,0.7043,1.1760,0.6147,0.6272
764,dense,0.3889,False,1,0,0,0.8763,0.9862,0.9862,0.9339,0.5264,0.5279
765,very_dense,0.8500,False,1,1,1,0.5648,0.5973,0.5973,3.8233,2.0429,2.0325
766,dense,0.3917,False,1,1,1,0.8250,0.9484,0.9484,1.1728,0.7976,0.7703
767,dense,0.7111,False,1,1,1,0.7969,0.7926,0.7926,1.4143,0.9654,0.9557
768,sparse,0.2361,True,1,1,1,0.7967,1.0639,0.7967,0.6372,0.4868,0.6377
769,dense,0.7500,False,1,1,1,0.8116,1.0774,1.0774,1.2420,0.7662,0.7831
770,dense,0.5361,False,1,1,1,,,,2.2393,1.4262,1.4206
771,very_dense,0.9000,False,0,0,0,0.1846,0.6326,0.6326,3.5003,0.6310,0.6160
772,sparse,0.5611,False,1,1,1,0.8713,0.9419,0.9419,0.5195,0.4646,0.4595
773,very_dense,0.8972,False,0,0,0,0.5618,0.2996,0.2996,0.9771,0.6441,0.6297
774,very_dense,0.8556,False,1,0,0,0.8762,0.1962,0.1962,1.0585,1.4706,1.4596
775,very_dense,0.7056,False,1,1,1,0.7625,0.9094,0.9094,2.0896,1.1114,1.3087
776,dense,0.8972,False,1,1,1,0.8394,0.8413,0.8413,1.1101,0.8064,0.8037
777,sparse,0.3611,False,1,1,1,0.8977,0.8661,0.8661,0.5089,0.4831,0.4776
778,sparse,0.1917,True,1,1,1,0.7268,0.7011,0.7268,0.8080,0.6557,0.8160
779,very_dense,0.8056,False,1,1,1,0.8035,0.9402,0.9402,1.8631,1.0071,1.0206
780,very_dense,0.6750,False,1,1,1,0.7780,1.4323,1.4323,2.6838,1.0191,1.0159
781,dense,0.5333,False,1,1,1,0.8636,0.8921,0.8921,1.2354,0.8215,0.8146
782,sparse,0.1556,True,1,1,1,0.8266,0.8368,0.8266,0.5739,0.5096,0.5727
783,sparse,0.4806,False,1,1,1,0.8545,1.1796,1.1796,0.5015,0.4231,0.4199
784,dense,0.4167,False,1,1,1,0.9264,1.1057,1.1057,0.8721,0.6410,0.6542
785,dense,0.7250,False,1,1,1,0.8666,0.9458,0.9458,1.2702,0.8211,0.8181
786,sparse,0.5500,False,1,1,1,,,,0.7900,0.6004,0.5890
787,very_dense,0.6194,False,1,0,0,0.8223,0.5123,0.5123,1.0913,0.6135,0.6047
788,dense,0.4111,False,1,1,1,0.6771,0.6859,0.6859,2.0059,1.3274,1.3221
789,sparse,0.6667,False,1,1,1,0.9068,0.9255,0.9255,0.4989,0.4589,0.4547
790,sparse,0.1556,True,1,1,1,0.8914,0.8972,0.8914,0.5061,0.4779,0.5139
791,dense,0.9278,False,0,0,0,0.1500,0.8375,0.8375,2.6014,0.5297,0.5147
792,very_dense,0.8972,False,0,0,0,0.0970,0.1999,0.1999,2.5329,0.6149,0.6121
793,very_dense,0.9361,False,1,0,0,0.8957,0.3474,0.3474,0.8848,0.6331,0.6318
794,dense,0.6833,False,1,1,1,0.8842,0.9691,0.9691,1.2587,0.8049,0.8035
795,sparse,0.3389,False,1,1,1,0.8598,0.8859,0.8859,0.6357,0.5378,0.5337
796,very_dense,0.6306,False,1,1,1,0.8609,1.1690,1.1690,1.6016,0.8882,0.8831
797,dense,0.7222,False,1,1,1,0.8081,0.7863,0.7863,1.3426,0.9834,0.9768
798,sparse,0.3139,False,1,1,1,0.8105,0.8342,0.8342,0.7754,0.6277,0.6129
799,dense,0.6722,False,1,1,1,0.9018,0.9013,0.9013,0.8977,0.7211,0.7257
800,sparse,0.2417,True,1,1,1,0.7761,0.7672,0.7761,0.8890,0.7438,0.8867
801,sparse,0.4167,False,1,1,1,0.8845,0.8559,0.8559,0.5056,0.4837,0.4779
802,dense,0.6278,False,1,1,1,0.8738,0.9662,0.9662,0.8672,0.6683,0.6665
803,very_dense,0.7583,False,0,0,0,,,,7.4278,0.9247,0.9310
804,very_dense,0.5972,False,1,1,1,0.8230,0.8761,0.8761,1.7299,1.0624,1.0826
805,very_dense,0.8972,False,1,1,1,0.8136,0.7871,0.7871,2.2311,1.3378,1.3391
806,dense,0.8000,False,0,1,1,0.5581,1.0367,1.0367,1.2129,0.6585,0.6515
807,sparse,0.5028,False,1,1,1,0.8691,0.9402,0.9402,0.6248,0.5142,0.5140
808,dense,0.6722,False,1,1,1,0.8428,1.6956,1.6956,1.1095,0.5215,0.5222
809,very_dense,0.6944,False,1,1,1,0.8546,0.9761,0.9761,1.3214,0.8373,0.8185
810,sparse,0.5111,False,1,1,1,0.8984,0.8894,0.8894,0.5357,0.5004,0.4909
811,very_dense,0.6222,False,1,1,1,0.7812,0.8729,0.8729,2.2403,1.2400,1.2581
812,very_dense,0.5944,False,0,0,0,0.6734,0.4394,0.4394,1.0582,0.6197,0.6184
813,sparse,0.6361,False,1,1,1,0.8046,1.0314,1.0314,0.5985,0.4707,0.4718
814,very_dense,0.5806,False,0,1,1,,,,1.8021,0.6541,0.6562
815,very_dense,0.7972,False,1,1,1,0.8674,1.0230,1.0230,1.1180,0.7464,0.7455
816,sparse,0.4139,False,1,1,1,0.7756,0.9971,0.9971,0.6398,0.4899,0.4883
817,sparse,0.4056,False,1,1,1,0.8339,0.8413,0.8413,0.5828,0.5073,0.5058
818,dense,0.4222,False,1,1,1,0.9037,1.0404,1.0404,0.8204,0.5832,0.5785
819,very_dense,0.7139,False,1,0,0,0.8942,1.0387,1.0387,1.0501,0.5990,0.5997
820,sparse,0.1583,True,1,1,1,0.8845,0.9367,0.8845,0.5182,0.4622,0.6513
821,dense,0.6472,False,1,1,1,0.8765,1.0844,1.0844,1.0539,0.7009,0.6803
822,sparse,0.6250,False,1,1,1,0.8370,0.8482,0.8482,0.7722,0.6252,0.6161
823,dense,0.4556,False,1,1,1,0.8050,0.8440,0.8440,1.2239,0.8535,0.8423
824,dense,0.5444,False,0,1,1,,,,2.2228,0.7508,0.7509
825,sparse,0.1250,True,1,1,1,0.8043,0.7780,0.8043,0.6832,0.5956,0.6840
826,very_dense,0.8667,False,0,0,0,0.1083,0.5126,0.5126,4.1661,0.6172,0.6088
827,very_dense,0.7611,False,0,1,1,0.1116,0.5021,0.5021,3.0888,0.7271,0.7190
828,very_dense,0.8500,False,0,1,1,0.0811,0.5526,0.5526,4.1140,0.7264,0.7294
829,sparse,0.2472,True,1,1,1,0.8730,0.9186,0.8730,0.5174,0.4771,0.5344
830,sparse,0.6556,False,1,1,1,0.9187,1.0469,1.0469,0.5595,0.4718,0.4699
831,sparse,0.4611,False,1,1,1,0.8268,0.8619,0.8619,0.6081,0.5294,0.5196
832,dense,0.6806,False,1,1,1,,,,0.9720,0.7072,0.7037
833,sparse,0.2278,True,1,1,1,0.8254,1.0023,0.8254,0.6010,0.4923,0.5972
834,very_dense,0.7278,False,1,1,1,0.7189,0.8261,0.8261,2.0299,1.1995,1.1987
835,very_dense,0.6944,False,1,0,0,0.9069,1.2944,1.2944,1.5204,0.6153,0.6184
836,very_dense,0.8056,False,0,0,0,0.3305,0.7452,0.7452,2.2721,0.6180,0.6171
837,sparse,0.5833,False,1,1,1,0.8978,0.8895,0.8895,0.4990,0.4595,0.4700
838,sparse,0.2167,True,1,1,1,0.8248,0.8349,0.8248,0.6281,0.5276,0.6138
839,very_dense,0.7194,False,1,1,1,0.8769,1.1217,1.1217,1.1021,0.9616,1.2794
840,sparse,0.6750,False,1,1,1,0.8838,0.9440,0.9440,0.6751,0.6264,0.6249
841,dense,0.5750,False,1,1,1,0.8313,1.0545,1.0545,2.2828,1.3408,1.0234
842,very_dense,0.8444,False,1,0,0,0.8432,0.6326,0.6326,1.4894,0.6897,0.6552
843,sparse,0.8000,False,1,0,0,0.9007,0.1286,0.1286,0.5614,0.8849,0.8882
844,sparse,0.5972,False,1,1,1,0.8619,0.8448,0.8448,0.5285,0.4841,0.4802
845,sparse,0.4667,False,1,1,1,0.8849,0.9599,0.9599,0.5386,0.4739,0.4736
846,sparse,0.1556,True,1,1,1,0.7346,0.7567,0.7346,0.7949,0.6353,0.7826
847,sparse,0.4806,False,1,1,1,0.8722,0.8970,0.8970,0.5447,0.4855,0.4797
848,very_dense,0.7278,False,0,0,0,0.6886,0.3961,0.3961,0.9456,0.6296,0.7163
849,dense,0.6472,False,1,1,1,0.8822,1.1300,1.1300,0.8084,0.6124,0.5929
850,very_dense,0.7778,False,1,1,1,0.8232,0.9793,0.9793,1.3591,0.8498,0.8541
851,very_dense,0.6333,False,1,1,1,0.8543,1.1658,1.1658,1.8201,0.9376,0.9301
852,very_dense,0.8833,False,0,0,0,0.2466,0.2500,0.2500,1.4612,0.6253,0.6344
853,sparse,0.1833,True,1,1,1,0.8775,0.8452,0.8775,0.5772,0.5199,0.5605
854,sparse,0.4167,False,1,1,1,0.9390,0.9489,0.9489,0.4708,0.4428,0.4417
855,very_dense,0.9111,False,1,1,1,0.8803,1.0251,1.0251,1.1436,0.7752,0.7696
856,sparse,0.2056,True,1,1,1,0.8494,0.9431,0.8494,0.5589,0.4746,0.5594
857,sparse,0.4528,False,1,1,1,0.8552,0.8519,0.8519,0.5706,0.5120,0.4977
858,very_dense,0.8694,False,1,0,0,0.8068,0.8354,0.8354,1.5765,0.6035,0.6148
859,very_dense,0.7639,False,1,1,1,0.8073,0.8406,0.8406,1.4084,0.9010,0.9125
860,very_dense,0.6667,False,1,1,1,0.8759,1.1276,1.1276,0.9662,0.6962,0.6940
861,very_dense,0.6694,False,1,1,1,0.9145,1.0369,1.0369,1.4304,0.9345,0.9350
862,sparse,0.2333,True,1,1,1,0.5863,0.6320,0.5863,1.4069,1.0308,1.4029
863,very_dense,0.6306,False,1,1,1,0.7090,0.7005,0.7005,3.8118,1.9983,1.9663
864,very_dense,0.7000,False,1,1,1,0.7243,1.4407,1.4407,1.8743,0.8312,0.8300
865,very_dense,0.6750,False,1,1,1,0.8343,1.0317,1.0317,1.5718,0.9224,0.9142
866,very_dense,0.6250,False,0,1,1,,,,2.5709,0.6443,0.6510
867,very_dense,0.7167,False,0,1,1,,,,4.6559,0.7117,0.7089
868,dense,0.5722,False,1,1,1,0.8588,0.9003,0.9003,1.0786,0.7633,0.7588
869,sparse,0.3806,False,1,1,1,0.7879,0.8009,0.8009,0.8457,0.6380,0.6312
870,dense,0.6639,False,1,1,1,,,,1.5252,0.7744,0.7709
871,sparse,0.7639,False,1,1,1,0.8687,0.9481,0.9481,0.5577,0.4832,0.4849
872,sparse,0.5361,False,1,1,1,0.8759,0.9405,0.9405,0.5023,0.4497,0.4552
873,sparse,0.7000,False,1,1,1,0.9199,0.9012,0.9012,0.5088,0.4748,0.4563
874,very_dense,0.7611,False,0,1,1,,,,3.8516,0.8893,0.9267
875,dense,0.6500,False,1,1,1,0.7305,0.7673,0.7673,2.5057,1.4393,1.3866
876,dense,0.6083,False,1,1,1,0.7507,2.0005,2.0005,1.5588,0.6590,0.6493
877,very_dense,0.7500,False,1,0,0,0.7820,1.8433,1.8433,1.8707,0.6181,0.6157
878,dense,0.6583,False,1,1,1,0.8075,0.8889,0.8889,1.8955,1.3398,1.1793
879,dense,0.8167,False,0,1,1,,,,5.0303,1.0502,1.0571
880,sparse,0.2306,True,1,1,1,0.8887,0.9555,0.8887,0.4954,0.4530,0.4960
881,very_dense,0.8528,False,1,1,1,0.8192,0.8129,0.8129,1.7052,1.1267,1.1267
882,dense,0.4194,False,1,1,1,0.7765,0.8154,0.8154,2.3623,1.4755,1.4662
883,sparse,0.6806,False,1,1,1,0.9040,0.8814,0.8814,0.5022,0.4726,0.4698
884,very_dense,0.7028,False,0,1,1,0.7537,0.6247,0.6247,0.9403,0.6495,0.6531
885,very_dense,0.7250,False,1,1,1,0.8955,1.0272,1.0272,1.1501,0.7759,0.7562
886,sparse,0.1611,True,1,1,1,0.7843,0.8299,0.7843,0.8468,0.6457,0.8504
887,sparse,0.7167,False,1,1,1,0.8813,1.0179,1.0179,0.5406,0.4500,0.4606
888,sparse,0.2028,True,1,1,1,0.6889,0.6761,0.6889,1.4695,1.0825,1.4839
889,sparse,0.2028,True,1,1,1,0.8134,0.8597,0.8134,0.6582,0.5383,0.6631
890,sparse,0.4694,False,1,1,1,0.8160,0.8275,0.8275,0.7221,0.5940,0.5823
891,very_dense,0.6667,False,1,1,1,0.8672,0.9973,0.9973,1.1276,0.8056,0.8037
892,dense,0.5667,False,1,1,1,0.8027,1.0203,1.0203,1.2364,0.7657,0.7596
893,very_dense,0.6639,False,1,1,1,0.8642,0.9530,0.9530,1.5908,0.9389,0.9536
894,very_dense,0.7333,False,0,0,0,,,,5.2919,0.6208,0.6140
895,dense,0.6972,False,1,1,1,0.9080,0.9327,0.9327,1.0717,0.7598,0.7528
896,dense,0.8472,False,1,1,1,0.8568,0.9948,0.9948,1.0847,0.7140,0.7002
897,sparse,0.4278,False,1,1,1,0.9147,0.8647,0.8647,0.5385,0.4900,0.4832
898,sparse,0.1917,True,1,1,1,0.9081,1.0074,0.9081,0.5424,0.4817,0.5554
899,dense,0.7806,False,1,1,1,0.8799,0.9049,0.9049,0.9645,0.7205,0.7144
900,sparse,0.3806,False,1,1,1,0.8434,1.0765,1.0765,0.6062,0.4794,0.4812
901,sparse,0.3722,False,1,1,1,0.8478,0.8281,0.8281,0.5989,0.5417,0.5350
902,sparse,0.5750,False,1,1,1,0.9049,0.8868,0.8868,0.5590,0.5005,0.4975
903,very_dense,0.8556,False,0,0,0,0.6819,0.2278,0.2278,0.8511,0.6500,0.6470
904,dense,0.8194,False,0,0,0,,,,4.3226,0.5209,0.5375
905,very_dense,0.7306,False,1,1,1,0.9008,1.0704,1.0704,1.5927,0.9416,0.9397
906,dense,0.5083,False,1,1,1,0.8872,1.2908,1.2908,0.9006,0.5431,0.5413
907,sparse,0.4389,False,1,1,1,0.5365,0.5617,0.5617,1.4024,0.9598,0.9401
908,dense,0.6444,False,1,1,1,0.8520,0.9113,0.9113,1.2006,0.8276,0.8334
909,sparse,0.4389,False,1,1,1,0.8567,0.8585,0.8585,0.5291,0.4785,0.4678
910,very_dense,0.8139,False,0,1,1,,,,5.0771,1.1619,1.1531
911,sparse,0.4306,False,1,1,1,0.8841,0.9159,0.9159,0.4670,0.4404,0.4381
912,dense,0.5833,False,0,1,1,,,,2.5462,0.6343,0.6298
913,very_dense,0.9139,False,1,1,1,0.8284,1.0732,1.0732,1.3554,0.7894,0.7904
914,dense,0.4861,False,1,1,1,0.8523,0.8438,0.8438,1.2548,0.9269,0.9184
915,dense,0.7306,False,1,1,1,0.8791,0.9653,0.9653,1.0093,0.7162,0.7108
916,dense,0.6722,False,1,1,1,0.8681,0.9801,0.9801,0.8706,0.6310,0.6310
917,very_dense,0.8806,False,1,1,1,0.8687,1.1908,1.1908,1.2525,0.7060,0.7021
918,sparse,0.3972,False,1,1,1,0.8990,0.9041,0.9041,0.4941,0.4742,0.4610
919,dense,0.4194,False,1,1,1,0.8747,1.0191,1.0191,1.0480,0.6796,0.8454
920,very_dense,0.6361,False,0,1,1,,,,1.8453,0.8082,0.8031
921,dense,0.3611,False,1,1,1,0.8980,0.9807,0.9807,0.9027,0.6818,0.6718
922,dense,0.4083,False,1,1,1,0.7594,0.8524,0.8524,2.0687,1.1342,1.1297
923,sparse,0.3389,False,1,1,1,0.8675,0.8761,0.8761,0.5454,0.4790,0.4754
924,sparse,0.5056,False,1,1,1,0.8097,0.8949,0.8949,0.7323,0.6123,0.5678
925,very_dense,0.7444,False,1,1,1,0.8645,1.0289,1.0289,1.3374,0.8387,0.8335
926,dense,0.6861,False,1,1,1,0.8278,1.0311,1.0311,1.2309,0.7618,0.7551
927,sparse,0.3444,False,1,1,1,0.8462,0.8356,0.8356,0.5267,0.4841,0.4810
928,dense,0.6000,False,1,1,1,0.9027,1.2353,1.2353,0.9056,0.5739,0.5697
929,dense,0.4389,False,1,1,1,0.8770,0.9818,0.9818,1.2052,0.7019,0.7106
930,dense,0.7778,False,1,1,1,0.9246,0.9916,0.9916,0.8414,0.6489,0.6224
931,very_dense,0.8028,False,1,0,0,0.8741,0.7073,0.7073,1.1606,0.6000,0.5992
932,sparse,0.3944,False,1,1,1,0.4901,0.5100,0.5100,1.7402,1.1338,1.1072
933,dense,0.4667,False,1,1,1,0.7392,0.6261,0.6261,2.4208,1.6494,1.6470
934,dense,0.6722,False,1,1,1,0.9013,0.9212,0.9212,0.8692,0.8727,0.7259
935,very_dense,0.7083,False,1,1,1,0.8456,0.9768,0.9768,1.7656,0.9879,1.0528
936,sparse,0.4361,False,1,1,1,0.8467,0.8558,0.8558,0.6368,0.5514,0.5383
937,sparse,0.5361,False,1,1,1,0.8528,1.0320,1.0320,0.5188,0.4534,0.4519
938,dense,0.7083,False,0,1,1,0.5657,1.0749,1.0749,1.0388,0.6186,0.6172
939,dense,0.5222,False,1,1,1,0.7823,0.7631,0.7631,1.8308,1.2458,1.2274
940,very_dense,0.7444,False,1,1,1,0.9049,1.0121,1.0121,1.1996,0.8059,0.7945
941,dense,0.4972,False,1,0,0,0.8600,1.1751,1.1751,1.0657,0.5103,0.5134
942,very_dense,0.7389,False,0,1,1,,,,1.6638,0.7101,0.7108
943,dense,0.5389,False,1,1,1,0.5495,0.6062,0.6062,3.8058,2.0430,2.0452
944,sparse,0.6250,False,0,1,1,,,,1.5878,0.4857,0.4848
945,sparse,0.5806,False,1,1,1,0.7900,0.8075,0.8075,0.6879,0.5770,0.5601
946,very_dense,0.7667,False,1,1,1,0.8907,1.0114,1.0114,1.1294,0.7350,0.7419
947,sparse,0.1556,True,1,1,1,0.7337,0.8473,0.7337,0.8058,0.6197,0.7872
948,very_dense,0.5889,False,1,0,0,0.8947,1.0428,1.0428,1.2571,0.6313,0.6320
949,sparse,0.5750,False,1,1,1,0.8951,0.8823,0.8823,0.5360,0.4877,0.4848
950,sparse,0.4861,False,1,1,1,0.6103,1.3627,1.3627,1.2715,0.5960,0.5871
951,sparse,0.1361,True,1,1,1,0.5254,0.5764,0.5254,1.6272,0.9892,1.6128
952,dense,0.7972,False,1,1,1,0.8662,0.9567,0.9567,1.0913,0.7470,0.7207
953,dense,0.6083,False,1,1,1,0.8991,0.9257,0.9257,0.8715,0.6856,0.6737
954,very_dense,0.8417,False,0,0,0,0.4159,0.8610,0.8610,1.9981,0.6017,0.6098
955,dense,0.4444,False,1,1,1,0.8533,1.2035,1.2035,0.9919,0.5815,0.5788
956,dense,0.4861,False,1,1,1,0.7343,0.7074,0.7074,2.0130,1.3502,1.3080
957,dense,0.6611,False,1,0,0,0.8967,1.1024,1.1024,0.8733,0.5141,0.5085
958,very_dense,0.8750,False,1,0,0,0.8721,0.7571,0.7571,1.0137,0.6048,0.6040
959,dense,0.3889,False,1,1,1,0.7421,0.7361,0.7361,1.6618,1.1610,1.1679
960,sparse,0.3389,False,1,1,1,0.8945,0.9365,0.9365,0.5001,0.4565,0.4545
961,dense,0.8000,False,1,0,0,0.8467,0.4081,0.4081,1.0362,0.9946,0.9878
962,very_dense,0.7972,False,1,0,0,0.8607,1.2706,1.2706,1.4610,0.6174,0.6150
963,sparse,0.5417,False,1,1,1,0.8117,0.7771,0.7771,0.6977,0.5994,0.5893
964,very_dense,0.9167,False,0,0,0,0.6468,0.1903,0.1903,0.8290,0.6374,0.6355
965,dense,0.6333,False,1,0,0,0.8683,1.0974,1.0974,0.8968,0.5083,0.5096
966,dense,0.7472,False,1,1,1,0.8028,0.8863,0.8863,1.1565,0.7683,0.7621
967,sparse,0.2056,True,1,1,1,0.8039,0.9027,0.8039,0.8510,0.6134,0.8492
968,very_dense,0.7333,False,0,1,1,,,,5.1422,0.7214,0.7170
969,sparse,0.1972,True,1,1,1,0.7360,0.7225,0.7360,0.7648,0.6327,0.7597
970,sparse,0.5139,False,1,1,1,0.5952,0.6541,0.6541,1.1400,0.7918,0.7753
971,dense,0.8250,False,1,1,1,0.8521,0.9310,0.9310,1.0768,0.7401,0.7375
972,dense,0.5139,False,0,1,1,,,,1.1140,0.7486,0.7425
973,dense,0.7611,False,1,1,1,0.8915,0.9613,0.9613,0.8694,0.6660,0.6621
974,sparse,0.4028,False,1,1,1,0.7876,0.8071,0.8071,0.7879,0.6209,0.6080
975,sparse,0.3611,False,1,1,1,0.8447,0.9615,0.9615,0.5605,0.4826,0.4775
976,sparse,0.2333,True,1,1,1,0.8927,0.9281,0.8927,0.5682,0.5090,0.5915
977,dense,0.5222,False,1,1,1,0.8699,1.1772,1.1772,0.9333,0.6141,0.6031
978,dense,0.5583,False,1,1,1,0.7705,0.7806,0.7806,1.6563,1.1322,1.1318
979,dense,0.9000,False,1,1,1,0.7560,0.8855,0.8855,1.6417,0.9252,0.9233
980,dense,0.5194,False,1,1,1,0.8604,0.9722,0.9722,1.1134,0.7406,0.7411
981,very_dense,0.8306,False,0,0,0,0.0701,0.2774,0.2774,3.8771,0.6169,0.6134
982,dense,0.6972,False,1,1,1,0.8365,0.8480,0.8480,0.9831,0.7366,0.7377
983,dense,0.4889,False,1,1,1,0.8795,0.8698,0.8698,0.9793,0.7449,0.7373
984,dense,0.7528,False,1,1,1,0.8445,1.0366,1.0366,0.8761,0.6025,0.6055
985,dense,0.4250,False,1,1,1,0.6861,0.6841,0.6841,2.0841,1.3785,1.3815
986,dense,0.6028,False,1,1,1,0.8857,0.9190,0.9190,0.9922,0.7085,0.7089
987,sparse,0.4528,False,1,1,1,0.8912,0.9144,0.9144,0.4811,0.4456,0.4432
988,sparse,0.3500,False,1,1,1,0.7108,0.6999,0.6999,1.1814,0.8294,0.8128
989,very_dense,0.6306,False,1,1,1,0.8578,1.0626,1.0626,1.6201,0.9165,0.9105
990,dense,0.6361,False,1,1,1,0.8986,1.0943,1.0943,0.8807,0.6274,0.6275
991,dense,0.8306,False,1,1,1,0.8358,0.8790,0.8790,1.3102,0.8795,1.0228
992,sparse,0.2806,True,1,1,1,0.7764,0.7845,0.7764,0.8511,0.6100,0.7710
993,dense,0.6111,False,1,1,1,0.7908,1.0833,1.0833,1.4076,0.7983,0.7886
994,dense,0.4028,False,1,1,1,0.9322,1.0475,1.0475,0.8398,0.6483,0.6467
995,dense,0.6639,False,1,1,1,0.8888,1.0831,1.0831,0.8354,0.6163,0.8000
996,dense,0.6417,False,1,1,1,0.8590,0.9239,0.9239,1.2184,0.7402,0.7255
997,dense,0.3472,False,1,1,1,0.8896,0.9629,0.9629,0.8972,0.6664,0.6635
998,very_dense,0.7667,False,0,0,0,0.4811,0.5117,0.5117,1.3987,0.6187,0.6181
999,dense,0.4389,False,1,1,1,0.6217,0.5611,0.5611,2.5946,1.7015,1.6755
1000,very_dense,0.8639,False,0,0,0,0.0743,0.6303,0.6303,3.7062,0.6863,0.6853
1001,very_dense,0.8278,False,0,0,0,0.6470,0.1949,0.1949,0.8668,0.6444,0.6324
1002,dense,0.3361,False,1,1,1,0.7725,0.7907,0.7907,2.0869,1.3207,1.3195
1003,very_dense,0.5917,False,1,1,1,0.9023,1.1716,1.1716,1.0656,0.6962,0.7163
1004,sparse,0.0333,True,1,1,1,0.7132,0.7322,0.7132,1.1747,0.8560,1.1696
1005,very_dense,0.8861,False,1,1,1,0.8857,1.1067,1.1067,1.0626,0.7262,0.7084
1006,very_dense,0.8111,False,0,1,1,0.0537,0.2540,0.2540,6.4337,1.0991,0.9254
1007,dense,0.5222,False,1,0,0,0.8727,1.2539,1.2539,0.9760,0.5388,0.5183
1008,very_dense,0.7306,False,0,1,1,,,,3.7009,0.8482,0.8459
1009,dense,0.7306,False,1,1,1,0.9091,0.9531,0.9531,0.8325,0.6341,0.6345
1010,sparse,0.3750,False,1,1,1,0.8707,0.8839,0.8839,0.6046,0.5254,0.5149
1011,very_dense,0.8694,False,1,1,1,0.8754,1.1643,1.1643,1.0425,0.7107,0.7012
1012,sparse,0.1917,True,1,1,1,0.8823,1.0119,0.8823,0.5046,0.4353,0.4989
1013,sparse,0.2306,True,1,1,1,0.8925,0.8801,0.8925,0.4952,0.4624,0.4920
1014,dense,0.7667,False,1,1,1,0.8478,0.9853,0.9853,1.1516,0.7645,0.7606
1015,very_dense,0.8028,False,1,0,0,0.8160,1.0199,1.0199,1.5903,0.6029,0.6239
1016,dense,0.4667,False,1,1,1,0.8962,0.9342,0.9342,0.8833,0.6788,0.6758
1017,dense,0.7167,False,1,1,1,0.8175,0.9250,0.9250,1.2698,0.7880,0.7654
1018,sparse,0.4667,False,1,1,1,0.6044,0.5755,0.5755,1.3606,0.9931,0.9707
1019,sparse,0.2500,True,1,1,1,0.8431,0.8281,0.8431,0.5740,0.5126,0.5659
1020,sparse,0.1917,True,1,1,1,0.8151,0.8533,0.8151,0.6896,0.5637,0.6900
1021,sparse,0.2667,True,1,1,1,0.8054,0.8320,0.8054,0.6601,0.5398,0.6407
1022,very_dense,0.7750,False,0,0,0,0.1865,0.3691,0.3691,1.9332,0.6239,0.6186
1023,very_dense,0.7694,False,1,1,1,0.8074,0.9076,0.9076,1.7188,1.0710,1.0846
1024,very_dense,0.9194,False,0,0,0,0.1946,0.3899,0.3899,1.9101,0.6513,0.6321
1025,sparse,0.4806,False,1,1,1,0.8775,0.9309,0.9309,0.4868,0.4440,0.4388
1026,sparse,0.3472,False,1,1,1,0.6900,1.8239,1.8239,1.3765,0.5383,0.5151
1027,sparse,0.1667,True,1,1,1,0.8791,0.8824,0.8791,0.5754,0.5173,0.5820
1028,dense,0.4444,False,1,1,1,0.8908,1.0554,1.0554,0.9129,0.6146,0.6244
1029,dense,0.4028,False,1,1,1,0.6231,0.5881,0.5881,3.2003,2.0171,2.0139
1030,dense,0.8306,False,1,1,1,0.7711,0.7914,0.7914,1.6516,1.0633,1.3317
1031,sparse,0.7556,False,1,1,1,0.8523,0.9484,0.9484,0.5463,0.5049,0.4639
1032,very_dense,0.7972,False,1,1,1,0.8847,1.4589,1.4589,1.7599,0.8109,0.8026
1033,sparse,0.7639,False,1,1,1,0.9054,1.1992,1.1992,0.5538,0.4581,0.4712
1034,sparse,0.1639,True,1,1,1,0.7626,0.7768,0.7626,0.7309,0.5876,0.7281
1035,very_dense,0.7917,False,1,1,1,0.7424,0.8636,0.8636,2.4824,1.2948,1.2894
1036,very_dense,0.8750,False,1,0,0,0.9206,0.5936,0.5936,0.9861,0.6025,0.5964
1037,sparse,0.1500,True,1,1,1,0.8973,0.9555,0.8973,0.5110,0.4633,0.5070
1038,dense,0.6806,False,1,1,1,0.8178,0.9021,0.9021,1.2305,0.8011,0.8008
1039,very_dense,0.7222,False,1,1,1,0.7505,0.8918,0.8918,2.4095,1.2844,1.3043
1040,very_dense,0.9417,False,1,1,1,0.8892,0.9595,0.9595,1.0566,0.7490,0.7466
1041,very_dense,0.5778,False,1,1,1,0.8642,0.9953,0.9953,1.1666,0.7986,0.8104
1042,dense,0.7333,False,1,1,1,0.9150,0.9723,0.9723,0.9410,0.6924,0.6899
1043,dense,0.4278,False,1,1,1,0.7630,0.8123,0.8123,1.5599,0.9761,0.9838
1044,very_dense,0.6417,False,1,1,1,0.7965,1.1016,1.1016,1.5071,0.8901,0.8907
1045,sparse,0.6472,False,1,1,1,0.8920,0.9187,0.9187,0.4824,0.4591,0.4599
1046,sparse,0.7500,False,1,1,1,0.8164,0.9215,0.9215,0.6352,0.5127,0.5117
1047,dense,0.4500,False,1,1,1,0.8340,0.9533,0.9533,1.1601,0.7192,0.7164
1048,very_dense,0.5944,False,1,1,1,0.8299,1.1149,1.1149,1.3473,0.8161,0.8179
1049,sparse,0.3250,False,1,1,1,0.8811,0.9193,0.9193,0.4790,0.4459,0.4614
1050,dense,0.6972,False,1,1,1,0.8260,0.9531,0.9531,1.3837,0.6785,0.6714
1051,dense,0.5417,False,1,1,1,0.7859,0.9236,0.9236,1.3036,0.7928,0.7898
1052,dense,0.6806,False,1,0,0,0.9060,0.9248,0.9248,0.7914,0.5087,0.5107
1053,very_dense,0.8472,False,1,1,1,0.8300,0.8031,0.8031,1.6979,1.1783,1.1676
1054,sparse,0.2139,True,1,1,1,0.7419,0.7314,0.7419,1.0082,0.7343,1.0181
1055,very_dense,0.6556,False,1,1,1,0.6621,0.8889,0.8889,3.3813,1.5208,1.5043
1056,dense,0.7472,False,1,1,1,0.8145,0.8730,0.8730,1.2061,0.8230,0.8158
1057,very_dense,0.9167,False,1,1,1,0.8764,0.9362,0.9362,1.2495,0.8441,0.8377
1058,dense,0.6611,False,1,0,0,0.8506,0.9020,0.9020,0.9430,0.5069,0.5465
1059,sparse,0.2361,True,1,1,1,0.8184,0.8266,0.8184,0.6364,0.5691,0.7614
1060,very_dense,0.8861,False,1,1,1,0.8278,1.1900,1.1900,1.9224,0.9871,0.9310
1061,very_dense,0.7917,False,0,0,0,0.6741,0.2771,0.2771,1.0129,0.6691,0.6446
1062,sparse,0.1722,True,1,1,1,0.8688,1.0029,0.8688,0.5534,0.4718,0.5524
1063,very_dense,0.7194,False,1,1,1,0.7573,0.9900,0.9900,2.3864,1.1630,1.1504
1064,very_dense,0.9083,False,0,0,0,0.7650,0.3451,0.3451,0.8285,0.6736,0.6369
1065,dense,0.4139,False,1,1,1,0.8437,0.9203,0.9203,1.0982,0.7675,0.7595
1066,very_dense,0.8917,False,1,0,0,0.8846,0.4422,0.4422,0.8215,0.6997,0.8166
1067,dense,0.5306,False,1,1,1,0.7481,0.8708,0.8708,2.0369,1.2126,1.2004
1068,dense,0.6500,False,1,1,1,0.8555,0.8489,0.8489,1.8065,1.1600,1.1460
1069,sparse,0.4722,False,1,1,1,0.8206,0.8048,0.8048,0.6853,0.6047,0.6015
1070,very_dense,0.9389,False,1,1,1,0.9065,0.9335,0.9335,1.5401,1.0628,1.0524
1071,sparse,0.3861,False,1,1,1,0.8849,0.8606,0.8606,0.5858,0.5377,0.5195
1072,very_dense,0.8361,False,0,1,1,,,,5.3273,1.2324,1.2283
1073,dense,0.8028,False,0,0,0,0.2102,1.0689,1.0689,3.7261,0.5271,0.5266
1074,dense,0.4889,False,1,1,1,0.6647,0.6149,0.6149,2.1486,1.5761,1.5545
1075,sparse,0.4556,False,1,1,1,0.8875,0.9048,0.9048,0.5242,0.4809,0.4748
1076,very_dense,0.8722,False,1,1,1,0.8544,0.8585,0.8585,1.4615,1.0285,1.0213
1077,sparse,0.2139,True,1,1,1,0.8376,0.8650,0.8376,0.6198,0.5652,0.7589
1078,dense,0.4306,False,1,1,1,0.8705,0.9464,0.9464,1.1492,0.7798,0.7775
1079,very_dense,0.8222,False,0,0,0,,,,3.1694,0.6155,0.6060
1080,very_dense,0.7250,False,0,0,0,0.6923,0.5578,0.5578,0.9118,0.6391,0.6416
1081,very_dense,0.6528,False,1,1,1,0.8097,0.9693,0.9693,1.4317,0.8069,0.8046
1082,very_dense,0.7639,False,0,1,1,,,,3.1771,0.7397,0.7607
1083,dense,0.6833,False,1,1,1,0.8443,1.1324,1.1324,1.1189,0.6840,0.6753
1084,sparse,0.1972,True,1,1,1,0.9110,0.9487,0.9110,0.4553,0.4323,0.4549
1085,very_dense,0.8500,False,0,0,0,0.2182,0.1843,0.1843,1.3675,0.6200,0.6117
1086,very_dense,0.7167,False,1,1,1,0.8107,0.9752,0.9752,1.5738,0.8673,0.8639
1087,very_dense,0.9639,False,0,0,0,0.0525,0.3579,0.3579,6.0012,0.6056,0.6040
1088,dense,0.4806,False,1,1,1,0.8755,0.8893,0.8893,0.9790,0.7411,0.7317
1089,sparse,0.2639,True,1,1,1,0.7749,0.7656,0.7749,0.7178,0.6025,0.7127
1090,dense,0.6389,False,1,1,1,0.7988,0.8006,0.8006,1.4411,0.9898,0.9829
1091,dense,0.4250,False,1,1,1,0.8433,0.8495,0.8495,1.0567,0.7750,0.7738
1092,very_dense,0.7167,False,1,1,1,0.8859,1.0375,1.0375,1.4020,0.8610,0.8584
1093,dense,0.7722,False,1,1,1,0.8657,0.9550,0.9550,0.8451,0.6355,0.6357
1094,sparse,0.4111,False,1,1,1,0.5229,0.5054,0.5054,1.7314,1.1208,1.1143
1095,sparse,0.1917,True,1,1,1,0.8341,0.8185,0.8341,0.5562,0.5111,0.5567
1096,very_dense,0.6806,False,1,1,1,0.7517,0.8510,0.8510,2.1669,1.2214,1.2174
1097,very_dense,0.8333,False,1,0,0,0.8312,1.0739,1.0739,1.4901,0.5969,0.5967
1098,sparse,0.5444,False,1,1,1,0.9135,0.9463,0.9463,0.4684,0.4407,0.4361
1099,dense,0.4222,False,1,1,1,0.7591,0.9032,0.9032,1.2269,0.8082,0.8043
1100,dense,0.6306,False,1,1,1,0.8832,1.0332,1.0332,0.8569,0.6238,0.6159
1101,dense,0.5944,False,1,1,1,0.7635,0.8921,0.8921,1.6463,0.9273,0.9229
1102,very_dense,0.8528,False,0,1,1,,,,3.3692,0.9403,0.9404
1103,sparse,0.5500,False,1,1,1,0.9167,0.8829,0.8829,0.5304,0.4907,0.4842
1104,sparse,0.1611,True,1,1,1,0.8802,0.9127,0.8802,0.5293,0.4789,0.5305
1105,sparse,0.4917,False,1,1,1,0.8083,0.8997,0.8997,0.6492,0.5276,0.5154
1106,sparse,0.5806,False,1,1,1,0.7738,0.8581,0.8581,0.6523,0.5533,0.5460
1107,very_dense,0.7139,False,1,1,1,,,,3.0785,1.4180,1.4177
1108,very_dense,0.5917,False,1,1,1,0.7651,1.2456,1.2456,1.7041,0.8058,1.0303
1109,sparse,0.2111,True,1,1,1,0.8583,0.8905,0.8583,0.6314,0.5370,0.6203
1110,dense,0.5417,False,1,1,1,0.8610,1.1275,1.1275,0.9972,0.6650,0.6601
1111,sparse,0.0611,True,1,1,1,0.6635,0.5903,0.6635,1.6053,1.1413,1.5961
1112,sparse,0.2972,True,1,1,1,0.6456,0.6147,0.6456,1.2074,0.8900,1.1986
1113,sparse,0.2611,True,1,1,1,0.8323,1.1566,0.8323,0.6574,0.4811,0.6587
1114,sparse,0.3806,False,1,1,1,0.9322,0.9616,0.9616,0.4844,0.4625,0.4557
1115,dense,0.5361,False,1,1,1,0.8263,0.8784,0.8784,1.4003,0.8390,0.8240
1116,very_dense,0.8722,False,1,0,0,0.8684,0.7395,0.7395,1.2947,0.6116,0.5986
1117,dense,0.3917,False,1,1,1,0.7567,0.7742,0.7742,2.0269,1.2772,1.2787
1118,very_dense,0.7528,False,1,1,1,0.8467,0.9957,0.9957,1.6020,0.9481,0.9556
1119,dense,0.8222,False,0,1,1,,,,7.9953,0.6829,0.6841
1120,sparse,0.5722,False,1,1,1,0.9182,0.9635,0.9635,0.4416,0.4223,0.4394
1121,sparse,0.1861,True,1,1,1,0.6224,0.7424,0.6224,1.0775,0.7352,1.0533
1122,sparse,0.4444,False,1,1,1,0.8602,0.8513,0.8513,0.5069,0.4719,0.4703
1123,sparse,0.4389,False,1,1,1,0.8151,0.8296,0.8296,0.7099,0.5849,0.5976
1124,very_dense,0.7583,False,1,1,1,0.8739,1.0227,1.0227,1.2367,0.8098,0.7950
1125,very_dense,0.7722,False,1,1,1,0.6921,0.8653,0.8653,2.7267,1.4157,1.4149
1126,very_dense,0.7750,False,1,1,1,0.8402,1.1541,1.1541,1.3419,0.8145,0.7859
1127,dense,0.4944,False,1,1,1,0.6565,0.6061,0.6061,2.9364,1.7718,1.7680
1128,dense,0.6778,False,1,1,1,0.8323,0.8474,0.8474,1.2008,0.8523,0.8493
1129,dense,0.7972,False,0,1,1,0.5524,1.0834,1.0834,1.1129,0.6139,0.6200
1130,dense,0.7611,False,0,0,0,0.3806,0.7614,0.7614,1.6614,0.5203,0.5303
1131,very_dense,0.6972,False,1,1,1,0.6367,0.8778,0.8778,2.9534,1.3495,1.3086
1132,very_dense,0.6972,False,1,1,1,0.7474,0.8227,0.8227,2.1169,1.2719,1.2602
1133,very_dense,0.8972,False,1,1,1,0.8461,1.0560,1.0560,1.2052,0.7115,0.7251
1134,dense,0.7000,False,1,0,0,0.8978,0.9062,0.9062,0.8383,0.5163,0.5102
1135,sparse,0.6778,False,1,1,1,0.8951,0.9491,0.9491,0.5391,0.4766,0.4710
1136,very_dense,0.8583,False,1,0,0,0.9100,1.0701,1.0701,1.6238,0.6590,0.6303
1137,dense,0.6333,False,1,1,1,0.8207,0.9895,0.9895,1.2058,0.7021,0.7000
1138,very_dense,0.7472,False,1,1,1,,,,2.9222,1.2867,1.2757
1139,dense,0.3694,False,1,1,1,0.8665,0.8967,0.8967,1.3600,0.9148,0.9113
1140,very_dense,0.9083,False,0,1,1,,,,1.1946,0.6540,0.6492
1141,dense,0.7167,False,1,1,1,0.8412,0.8994,0.8994,1.0671,0.7548,0.7443
1142,very_dense,0.6861,False,1,1,1,0.8611,1.2351,1.2351,1.3793,0.8347,0.8339
1143,very_dense,0.7306,False,1,1,1,0.8293,0.9846,0.9846,1.1641,0.7731,0.7592
1144,sparse,0.1861,True,1,1,1,0.8541,0.8948,0.8541,0.5644,0.5131,0.5795
1145,dense,0.4472,False,1,1,1,0.8837,1.0119,1.0119,0.8801,0.6307,0.6278
1146,dense,0.4944,False,1,1,1,0.7558,0.7561,0.7561,1.6691,1.1431,1.1403
1147,very_dense,0.7806,False,1,1,1,0.8324,1.2158,1.2158,1.3374,0.7721,0.7622
1148,very_dense,0.9333,False,1,1,1,0.6681,0.7391,0.7391,3.9851,2.1957,2.1835
1149,very_dense,0.8667,False,0,0,0,0.0645,0.5958,0.5958,4.6425,0.6317,0.6165
1150,dense,0.5472,False,1,1,1,0.8673,0.8959,0.8959,1.0760,0.7833,0.7812
1151,dense,0.7167,False,0,1,1,,,,1.8863,0.6018,0.6044
1152,dense,0.8083,False,1,1,1,0.8832,0.9210,0.9210,0.9228,0.7015,0.6807
1153,very_dense,0.8417,False,1,1,1,0.8201,0.9291,0.9291,1.3247,0.8550,0.8621
1154,sparse,0.6389,False,1,0,0,0.8950,0.4735,0.4735,0.4783,0.4989,0.4960
1155,dense,0.7583,False,1,1,1,0.8890,1.0614,1.0614,0.8102,0.6361,0.6399
1156,sparse,0.7639,False,1,1,1,0.8650,0.8979,0.8979,0.5504,0.4831,0.4845
1157,very_dense,0.8611,False,0,0,0,0.3113,0.2654,0.2654,1.5028,1.0394,1.0574
1158,dense,0.5861,False,1,0,0,0.8470,1.1127,1.1127,1.0120,0.5130,0.5060
1159,dense,0.4694,False,1,1,1,0.8717,0.9507,0.9507,1.0497,0.7241,0.7238
1160,dense,0.7417,False,1,1,1,0.8699,0.8946,0.8946,1.1219,0.8012,0.8050
1161,dense,0.6806,False,1,1,1,0.8508,0.9274,0.9274,1.2185,0.8117,0.7938
1162,very_dense,0.5889,False,1,1,1,0.7545,0.7879,0.7879,2.2351,1.3035,1.2828
1163,dense,0.6889,False,1,1,1,0.7674,0.7607,0.7607,1.5706,1.0660,1.0545
1164,dense,0.7250,False,1,1,1,0.9102,0.9454,0.9454,0.9819,0.7289,0.7332
1165,sparse,0.4250,False,0,0,0,,,,3.1220,1.0089,1.0012
1166,sparse,0.3250,False,1,1,1,0.8447,0.8171,0.8171,0.5881,0.5231,0.5208
1167,dense,0.7667,False,1,1,1,0.8298,0.8458,0.8458,1.1936,0.8607,0.8608
1168,very_dense,0.9389,False,0,0,0,0.1364,0.4461,0.4461,3.1102,0.6041,0.6021
1169,very_dense,0.8528,False,0,0,0,0.2553,0.2374,0.2374,1.3955,0.6167,0.6295
1170,dense,0.6194,False,1,1,1,0.8119,0.8517,0.8517,1.3412,0.8796,0.8906
1171,dense,0.8139,False,0,1,1,0.1920,1.0735,1.0735,2.6310,0.6829,0.6955
1172,dense,0.3917,False,1,1,1,0.8509,1.0025,1.0025,0.9535,0.6679,0.6684
1173,sparse,0.5056,False,1,1,1,0.8700,0.8585,0.8585,0.5872,0.5144,0.5137
1174,sparse,0.5278,False,1,1,1,0.7922,0.9565,0.9565,0.6768,0.5284,0.5113
1175,dense,0.6694,False,1,1,1,0.8920,0.9365,0.9365,0.9113,0.6907,0.6812
1176,sparse,0.1944,True,1,1,1,0.8470,0.8838,0.8470,0.6445,0.5361,0.6574
1177,sparse,0.5889,False,0,1,1,,,,1.9682,0.4889,0.4861
1178,sparse,0.2778,True,1,1,1,0.9129,0.9256,0.9129,0.5488,0.4919,0.5465
1179,sparse,0.5472,False,1,1,1,0.8710,1.1535,1.1535,0.5660,0.4548,0.4531
1180,dense,0.7583,False,0,1,1,,,,1.1303,0.6837,0.6620
1181,very_dense,0.6111,False,1,1,1,0.8156,0.8974,0.8974,1.5210,0.9445,0.9484
1182,very_dense,0.8417,False,1,0,0,0.8513,1.1747,1.1747,1.6906,0.6795,0.5964
1183,dense,0.8028,False,1,1,1,0.8538,0.8792,0.8792,1.0279,0.7550,0.7644
1184,dense,0.6028,False,1,1,1,0.7667,0.8361,0.8361,1.4701,0.9922,1.3931
1185,sparse,0.5194,False,1,1,1,0.9093,0.8964,0.8964,0.6013,0.5504,0.5344
1186,sparse,0.3694,False,1,1,1,0.8834,0.8675,0.8675,0.6127,0.5561,0.5439
1187,dense,0.7917,False,1,1,1,0.7327,0.9637,0.9637,1.6875,0.8929,0.8825
1188,dense,0.4194,False,1,1,1,0.8132,0.8367,0.8367,1.5595,0.9532,0.9474
1189,sparse,0.2167,True,1,1,1,0.7762,0.7343,0.7762,0.8674,0.7252,0.8519
1190,dense,0.4083,False,1,1,1,0.8593,1.2372,1.2372,0.8824,0.5728,0.5711
1191,sparse,0.2028,True,1,1,1,0.8298,0.8832,0.8298,0.6814,0.5590,0.6797
1192,sparse,0.5000,False,1,1,1,0.8357,0.8202,0.8202,0.6262,0.5468,0.5445
1193,very_dense,0.6194,False,1,1,1,,,,2.2016,1.0729,1.0463
1194,dense,0.3528,False,1,1,1,0.9236,1.0308,1.0308,0.9460,0.6843,0.6808
1195,dense,0.7806,False,1,0,0,0.7626,1.0625,1.0625,1.4601,0.5105,0.5092
1196,very_dense,0.8583,False,1,0,0,0.9203,0.5399,0.5399,0.9715,0.6248,0.6158
1197,very_dense,0.8250,False,0,0,0,0.1704,0.7648,0.7648,4.1258,0.6055,0.6014
1198,very_dense,0.7333,False,1,1,1,0.8806,1.0747,1.0747,1.0835,0.7649,0.7599
1199,dense,0.8056,False,1,1,1,0.8310,0.8856,0.8856,1.1971,0.8107,0.8079
1200,very_dense,0.8583,False,0,0,0,0.0523,0.3091,0.3091,5.1439,0.6185,0.6044
1201,dense,0.7722,False,1,1,1,0.8606,0.9598,0.9598,0.9754,0.7179,0.6956
1202,very_dense,0.8583,False,0,0,0,0.2633,0.4025,0.4025,1.4563,0.6275,0.6337
1203,very_dense,0.6556,False,1,1,1,0.8445,1.6798,1.6798,1.5534,0.6119,0.6055
1204,dense,0.6528,False,1,1,1,0.8683,0.9267,0.9267,1.0832,0.7549,0.7473
1205,very_dense,0.8972,False,0,0,0,0.1222,0.4332,0.4332,2.5365,0.6139,0.6122
1206,dense,0.6750,False,1,1,1,0.7926,1.1196,1.1196,1.4708,0.8383,0.8347
1207,very_dense,0.7306,False,1,1,1,0.8504,0.9720,0.9720,1.4342,0.9134,0.9126
1208,sparse,0.2389,True,1,1,1,0.8677,0.8571,0.8677,0.6404,0.5566,0.6390
1209,very_dense,0.8083,False,1,0,0,0.8858,0.5768,0.5768,1.0949,0.6157,0.6169
1210,dense,0.5750,False,1,1,1,0.7757,0.7816,0.7816,1.8517,1.1411,1.1242
1211,very_dense,0.8639,False,1,0,0,0.8175,1.1053,1.1053,1.6943,0.6145,0.6129
1212,dense,0.7917,False,1,1,1,0.7642,0.7759,0.7759,2.0345,1.1826,1.1749
1213,very_dense,0.7556,False,0,0,0,0.4454,0.4856,0.4856,1.4756,0.6241,0.6118
1214,sparse,0.2028,True,1,1,1,0.8569,0.8357,0.8569,0.6094,0.5480,0.6183
1215,sparse,0.4056,False,1,1,1,0.8912,0.8789,0.8789,0.4952,0.4717,0.4663
1216,dense,0.5861,False,1,1,1,0.4834,0.5428,0.5428,3.4651,1.6607,1.6639
1217,very_dense,0.6028,False,1,1,1,0.8007,0.8914,0.8914,2.1879,1.2938,1.2702
1218,very_dense,0.8472,False,1,0,0,0.8396,0.8765,0.8765,1.4257,0.6008,0.5999
1219,dense,0.6806,False,1,1,1,0.8233,0.9834,0.9834,1.3991,0.8665,0.8849
1220,dense,0.6417,False,1,1,1,0.8264,1.0968,1.0968,0.9810,0.6436,0.6387
1221,dense,0.5972,False,1,1,1,0.5483,0.7670,0.7670,3.1542,1.4457,1.4672
1222,very_dense,0.6417,False,1,1,1,0.8124,1.1644,1.1644,1.8648,0.9539,0.9533
1223,dense,0.4806,False,1,1,1,0.8125,0.7768,0.7768,1.5477,1.0717,1.0896
1224,dense,0.4667,False,1,1,1,0.8370,1.0590,1.0590,1.0139,0.6655,0.6638
1225,very_dense,0.5972,False,1,1,1,0.7980,0.8802,0.8802,1.8676,1.0750,1.0729
1226,sparse,0.5389,False,1,1,1,0.7233,0.7054,0.7054,1.0088,0.7598,0.7492
1227,very_dense,0.8583,False,1,0,0,0.8403,0.4759,0.4759,0.9874,0.6030,0.6042
1228,sparse,0.3778,False,1,1,1,0.8805,0.9023,0.9023,0.5174,0.4651,0.4678
1229,sparse,0.4028,False,1,1,1,0.8466,0.8295,0.8295,0.5577,0.4985,0.4944
1230,very_dense,0.9139,False,0,0,0,0.2248,0.4125,0.4125,1.8327,0.6173,0.6163
1231,very_dense,0.7417,False,1,1,1,0.8543,1.1377,1.1377,1.1756,0.6549,0.6629
1232,very_dense,0.8917,False,1,1,1,0.8817,0.8978,0.8978,1.3439,0.9350,0.9089
1233,very_dense,0.8861,False,0,0,0,0.7244,0.3226,0.3226,0.8255,0.6352,0.6734
1234,dense,0.6806,False,1,0,0,0.7192,1.4744,1.4744,2.2512,0.5610,0.5543
1235,dense,0.7194,False,1,1,1,0.8571,1.0350,1.0350,0.9967,0.6784,0.6618
1236,sparse,0.5472,False,1,1,1,0.8459,0.8695,0.8695,0.5936,0.5119,0.5078
1237,sparse,0.3167,False,1,1,1,0.8752,0.8925,0.8925,0.5254,0.4805,0.4756
1238,sparse,0.2056,True,1,1,1,0.8150,0.8066,0.8150,0.9243,0.7234,0.9157
1239,sparse,0.2972,True,1,1,1,0.7654,0.7715,0.7654,0.6942,0.5785,0.6935
1240,dense,0.7750,False,1,1,1,0.7754,0.8901,0.8901,1.3214,0.8620,0.8554
1241,very_dense,0.8556,False,0,0,0,0.2263,0.1919,0.1919,1.5026,0.6335,0.6322
1242,very_dense,0.7556,False,1,1,1,0.9164,1.0585,1.0585,1.0074,0.7164,0.7087
1243,dense,0.9139,False,1,1,1,0.7976,0.9394,0.9394,1.4372,0.8557,0.8566
1244,very_dense,0.7417,False,1,1,1,0.8210,0.9077,0.9077,1.7079,1.0283,1.0475
1245,very_dense,0.8944,False,1,0,0,0.8196,0.9336,0.9336,1.5074,0.6099,0.6165
1246,very_dense,0.8667,False,1,1,1,0.8621,1.1553,1.1553,1.2014,0.7358,0.7328
1247,dense,0.6611,False,1,1,1,0.7827,0.8472,0.8472,1.3126,0.8764,0.8668
1248,sparse,0.1583,True,1,1,1,0.6767,0.6926,0.6767,1.0043,0.7501,1.0090
1249,very_dense,0.9194,False,1,1,1,0.8889,0.9584,0.9584,1.0090,0.7423,0.7370
1250,sparse,0.3500,False,1,1,1,0.8098,0.7960,0.7960,0.7256,0.6125,0.6078
1251,dense,0.7056,False,1,1,1,0.9013,0.9759,0.9759,0.8470,0.6404,0.6396
1252,sparse,0.2222,True,1,1,1,0.9025,0.8743,0.9025,0.5380,0.4870,0.5341
1253,very_dense,0.7528,False,1,0,0,0.8869,0.3889,0.3889,0.9333,0.6071,0.6045
1254,dense,0.6167,False,1,1,1,0.8075,1.0139,1.0139,1.4314,0.8342,0.8276
1255,sparse,0.4000,False,1,1,1,0.8085,0.9852,0.9852,0.6196,0.5035,0.4898
1256,sparse,0.3250,False,1,1,1,0.8574,0.9182,0.9182,0.5392,0.4725,0.4732
1257,dense,0.4944,False,1,1,1,0.7967,0.8758,0.8758,1.6069,1.0036,0.9962
1258,dense,0.5750,False,1,1,1,0.7753,0.8648,0.8648,1.4737,0.9269,0.9093
1259,very_dense,0.8583,False,1,0,0,0.8155,0.7700,0.7700,1.4041,0.5997,0.5984
1260,sparse,0.4111,False,1,1,1,0.9056,0.9357,0.9357,0.5114,0.4694,0.4606
1261,very_dense,0.6861,False,1,1,1,0.9019,0.9902,0.9902,1.2976,0.8385,0.8447
1262,dense,0.4000,False,1,1,1,0.8748,0.9500,0.9500,0.9282,0.6883,0.6802
1263,very_dense,0.8000,False,1,0,0,0.7136,1.9527,1.9527,2.7139,0.5925,0.6076
1264,sparse,0.4444,False,1,1,1,0.9350,0.9507,0.9507,0.4584,0.4357,0.4255
1265,sparse,0.2500,True,1,1,1,0.8420,0.8470,0.8420,0.6425,0.5455,0.6562
1266,sparse,0.6861,False,1,1,1,0.8784,0.9174,0.9174,0.5070,0.4541,0.4527
1267,dense,0.4028,False,1,1,1,0.7981,0.8583,0.8583,1.3675,0.9117,0.8937
1268,very_dense,0.7139,False,1,1,1,0.8499,1.0935,1.0935,1.0611,0.7202,0.7209
1269,sparse,0.2417,True,1,1,1,0.7407,0.7552,0.7407,0.8542,0.6689,0.8681
1270,dense,0.6333,False,1,1,1,0.8859,1.1007,1.1007,0.9825,0.6554,0.6672
1271,sparse,0.1861,True,1,1,1,0.9176,0.9242,0.9176,0.4806,0.4458,0.4798
1272,very_dense,0.8806,False,1,1,1,0.8820,1.2518,1.2518,1.5965,0.8409,0.8564
1273,very_dense,0.7556,False,1,0,0,0.8537,1.2365,1.2365,1.3588,0.7526,0.7505
1274,very_dense,0.9694,False,0,0,0,0.1121,0.4699,0.4699,3.6272,0.6233,0.6198
1275,very_dense,0.7611,False,1,1,1,0.7511,0.8408,0.8408,2.7496,1.5466,1.5142
1276,dense,0.8111,False,0,0,0,0.3234,0.3328,0.3328,1.8321,1.0469,1.0355
1277,very_dense,0.8806,False,1,0,0,0.8214,0.7480,0.7480,1.2400,0.6165,0.6180
1278,sparse,0.4111,False,1,1,1,0.9026,0.9227,0.9227,0.5231,0.4750,0.4715
1279,very_dense,0.8639,False,0,0,0,0.6530,0.3787,0.3787,0.9658,0.6238,0.6230
1280,very_dense,0.8972,False,0,1,1,,,,3.6716,1.0856,1.0589
1281,very_dense,0.9028,False,0,0,0,0.2387,0.2652,0.2652,1.5815,0.6129,0.6095
1282,dense,0.7306,False,1,1,1,0.8144,0.8349,0.8349,1.3506,0.9107,0.9321
1283,very_dense,0.6833,False,1,1,1,0.8654,1.0418,1.0418,1.3647,0.8275,0.8354
1284,dense,0.9000,False,1,1,1,0.8440,0.8471,0.8471,1.1529,0.8179,0.8148
1285,sparse,0.7444,False,1,1,1,0.8852,0.9691,0.9691,0.4968,0.4620,0.4547
1286,very_dense,0.7778,False,1,1,1,0.7774,1.0015,1.0015,1.9129,1.0102,1.0125
1287,sparse,0.2333,True,1,1,1,0.9399,0.8833,0.9399,0.4909,0.4765,0.4919
1288,sparse,0.3500,False,1,1,1,0.8818,1.1457,1.1457,0.5132,0.4297,0.4333
1289,dense,0.6750,False,1,1,1,0.7792,0.8234,0.8234,1.6951,1.0267,1.0196
1290,sparse,0.4694,False,1,1,1,0.8095,0.8198,0.8198,0.8566,0.6483,0.6184
1291,very_dense,0.9028,False,0,0,0,0.1716,0.1748,0.1748,1.8469,0.6172,0.6190
1292,dense,0.6056,False,1,1,1,0.8793,1.0148,1.0148,1.0343,0.6612,0.6597
1293,sparse,0.1889,True,1,1,1,0.6794,0.7223,0.6794,1.0867,0.7873,1.0807
1294,very_dense,0.7250,False,1,1,1,0.7960,1.6642,1.6642,1.8590,0.7850,0.7752
1295,dense,0.7417,False,1,1,1,0.8554,0.9440,0.9440,0.9156,0.6724,0.6577
1296,sparse,0.4472,False,1,1,1,0.5491,0.5732,0.5732,1.7199,1.1046,1.0928
1297,very_dense,0.8444,False,0,0,0,0.0739,0.2918,0.2918,3.6792,0.6126,0.6167
1298,dense,0.7944,False,1,1,1,0.8792,0.9585,0.9585,0.9450,0.6944,0.7019
1299,sparse,0.1222,True,1,1,1,0.8346,0.8473,0.8346,0.6785,0.5550,0.6741
1300,very_dense,0.5528,False,1,1,1,0.6709,0.6585,0.6585,4.3155,2.2153,2.1886
1301,dense,0.7778,False,1,1,1,0.8822,0.9322,0.9322,1.0581,0.7631,0.7563
1302,very_dense,0.8361,False,0,0,0,0.7880,0.5649,0.5649,0.8393,0.6309,0.6281
1303,very_dense,0.8500,False,0,1,1,0.3170,1.0821,1.0821,3.2667,0.8406,0.8482
1304,dense,0.7528,False,1,1,1,0.8283,0.9427,0.9427,1.1828,0.7750,0.7752
1305,very_dense,0.7000,False,1,0,0,0.8502,1.3311,1.3311,1.4693,0.6241,0.6633
1306,sparse,0.3444,False,1,1,1,0.7511,0.7533,0.7533,0.8036,0.6693,0.6624
1307,sparse,0.5806,False,1,1,1,0.8746,0.8742,0.8742,0.5795,0.5198,0.5165
1308,dense,0.9083,False,1,1,1,0.8321,0.9796,0.9796,1.2540,0.7989,0.7847
1309,very_dense,0.6722,False,1,1,1,0.8604,1.3026,1.3026,1.5054,0.6769,0.6744
1310,dense,0.7583,False,1,1,1,0.8905,1.0137,1.0137,0.8576,0.5800,0.5790
1311,dense,0.8139,False,1,0,0,0.8670,1.0985,1.0985,0.8270,0.5084,0.5089
1312,very_dense,0.8917,False,1,1,1,0.8008,1.0268,1.0268,1.9684,1.0278,1.0244
1313,very_dense,0.9056,False,1,1,1,0.8777,1.0868,1.0868,1.1625,0.7616,0.7611
1314,very_dense,0.8417,False,1,1,1,0.7860,0.8782,0.8782,2.2459,1.2603,1.2555
1315,sparse,0.4639,False,1,1,1,0.9354,1.0495,1.0495,0.4736,0.4279,0.4302
1316,very_dense,0.8639,False,1,0,0,0.8789,0.4250,0.4250,0.9333,0.6102,0.6106
1317,dense,0.3833,False,1,1,1,0.8609,0.9539,0.9539,1.0107,0.7092,0.7052
1318,dense,0.7500,False,1,1,1,0.8611,1.0156,1.0156,0.7969,0.6058,0.5935
1319,dense,0.6750,False,1,1,1,0.8098,0.8069,0.8069,1.4007,0.9691,0.9597
1320,sparse,0.3694,False,1,1,1,0.8832,0.9260,0.9260,0.5579,0.4839,0.4818
1321,sparse,0.4194,False,1,0,0,0.8885,0.7370,0.7370,0.4877,0.4705,0.4674
1322,dense,0.7417,False,1,1,1,0.8709,0.9709,0.9709,0.8711,0.6662,0.6375
1323,very_dense,0.7500,False,0,0,0,0.6893,0.3228,0.3228,0.8830,0.6318,0.6207
1324,very_dense,0.8278,False,1,0,0,0.8580,0.6006,0.6006,1.0637,0.6021,0.6017
1325,sparse,0.1556,True,1,1,1,0.9038,0.9180,0.9038,0.4868,0.4722,0.4860
1326,very_dense,0.7417,False,1,1,1,0.8972,1.1391,1.1391,0.9407,0.6694,0.6677
1327,sparse,0.3250,False,1,1,1,0.8353,0.7932,0.7932,0.6039,0.5363,0.5328
1328,very_dense,0.7250,False,1,1,1,0.8291,0.9307,0.9307,1.6226,0.9816,0.9860
1329,dense,0.6222,False,1,1,1,0.7310,0.7716,0.7716,2.3013,1.3485,1.3492
1330,dense,0.7778,False,1,1,1,0.8632,0.9784,0.9784,0.9256,0.6721,0.6650
1331,very_dense,0.8778,False,1,1,1,0.8625,0.9619,0.9619,1.3227,0.8688,0.8589
1332,dense,0.6694,False,1,1,1,0.8560,0.9060,0.9060,1.1132,0.7817,0.7670
1333,very_dense,0.9000,False,0,0,0,0.7081,0.2152,0.2152,0.8453,0.6176,0.6281
1334,dense,0.5333,False,1,0,0,0.8495,1.5179,1.5179,1.2123,0.5037,0.4979
1335,very_dense,0.8556,False,0,0,0,0.0767,0.6625,0.6625,3.8865,0.6170,0.6142
1336,dense,0.4222,False,1,1,1,0.8437,0.9053,0.9053,1.2542,0.8297,0.8292
1337,sparse,0.7639,False,1,1,1,0.8800,1.0846,1.0846,0.6325,0.4841,0.4810
1338,very_dense,0.8583,False,1,1,1,0.8658,0.9019,0.9019,1.1477,0.8098,0.8107
1339,dense,0.6500,False,1,1,1,0.7987,0.7632,0.7632,1.2723,0.9294,0.9341
1340,dense,0.4417,False,1,1,1,0.8152,0.7714,0.7714,1.7363,1.1616,1.1594
1341,sparse,0.2306,True,1,1,1,0.8715,0.8687,0.8715,0.5199,0.4757,0.5207
1342,sparse,0.1833,True,1,1,1,0.6801,0.6946,0.6801,0.8758,0.6685,0.8653
1343,dense,0.4444,False,1,1,1,0.8731,1.3720,1.3720,1.1025,0.6239,0.6206
1344,sparse,0.1611,True,1,1,1,0.8055,0.8248,0.8055,0.8132,0.6265,0.8273
1345,very_dense,0.7528,False,1,0,0,0.7761,1.1860,1.1860,1.8572,0.5888,0.5838
1346,very_dense,0.6556,False,1,0,0,0.7709,1.5217,1.5217,1.6759,0.5913,0.5926
1347,very_dense,0.9083,False,0,0,0,0.1425,0.2486,0.2486,2.9464,1.1115,1.0971
1348,very_dense,0.8972,False,0,0,0,0.1747,0.5825,0.5825,2.6823,0.5901,0.6011
1349,dense,0.5556,False,1,1,1,,,,1.4145,0.8954,0.8908
1350,sparse,0.3861,False,1,1,1,0.8607,0.8550,0.8550,0.5565,0.4909,0.4895
1351,dense,0.7806,False,0,1,1,,,,3.4137,0.7943,0.7913
1352,dense,0.9056,False,1,1,1,0.9232,0.9692,0.9692,0.7866,0.6241,0.6311
1353,very_dense,0.6139,False,0,1,1,,,,2.4739,0.6357,0.6281
1354,sparse,0.7083,False,1,1,1,0.8972,0.9079,0.9079,0.4637,0.4364,0.4347
1355,dense,0.6111,False,1,1,1,0.8719,1.0996,1.0996,0.8941,0.6279,0.6315
1356,dense,0.4056,False,1,1,1,0.8982,1.0003,1.0003,0.8559,0.6325,0.6283
1357,sparse,0.1611,True,1,1,1,0.8167,0.7841,0.8167,0.7411,0.6218,0.7448
1358,sparse,0.5722,False,1,1,1,0.8679,1.2295,1.2295,0.5217,0.4164,0.4153
1359,dense,0.4222,False,1,1,1,0.8752,1.0364,1.0364,1.0686,0.7296,0.7267
1360,sparse,0.5361,False,1,1,1,0.8324,0.9215,0.9215,0.5539,0.4619,0.4619
1361,sparse,0.5556,False,1,1,1,0.9078,1.0374,1.0374,0.4491,0.4231,0.4198
1362,dense,0.8167,False,1,1,1,0.8027,0.8513,0.8513,1.2484,0.8354,0.8330
1363,sparse,0.5806,False,1,1,1,0.7963,0.9397,0.9397,0.6520,0.5005,0.4968
1364,dense,0.6944,False,1,1,1,0.8099,0.8514,0.8514,1.1058,0.7723,0.7708
1365,sparse,0.4306,False,1,1,1,0.7923,0.8645,0.8645,0.7325,0.5535,0.5432
1366,sparse,0.5611,False,1,1,1,0.7252,0.8688,0.8688,0.7393,0.5427,0.5366
1367,dense,0.7472,False,1,0,0,0.8726,0.8779,0.8779,0.8841,0.5185,0.5078
1368,very_dense,0.6083,False,1,1,1,0.7325,0.8564,0.8564,2.3057,1.2800,1.2732
1369,dense,0.3833,False,1,1,1,0.8879,0.9446,0.9446,0.9277,0.6751,0.6709
1370,very_dense,0.7361,False,0,0,0,0.5663,0.3008,0.3008,0.9708,0.6219,0.6164
1371,dense,0.6500,False,1,0,0,0.8864,1.1430,1.1430,0.8929,0.4968,0.4981
1372,dense,0.5472,False,1,1,1,0.8898,0.9189,0.9189,0.9448,0.6874,0.6874
1373,dense,0.7000,False,1,1,1,0.8962,0.8237,0.8237,1.1151,0.8496,0.8435
1374,very_dense,0.6972,False,1,1,1,0.7605,0.8545,0.8545,2.9689,1.4835,1.4733
1375,very_dense,0.8417,False,0,1,1,0.0730,0.1131,0.1131,4.0702,1.5277,1.5231
1376,very_dense,0.7722,False,1,1,1,0.7563,0.8796,0.8796,1.5831,0.9492,0.9480
1377,very_dense,0.6833,False,1,1,1,0.8115,1.0274,1.0274,1.9296,1.0865,1.0881
1378,dense,0.5028,False,1,1,1,0.7593,0.6730,0.6730,2.2556,1.5319,1.5383
1379,dense,0.8417,False,1,1,1,0.8285,0.8393,0.8393,1.1085,0.7865,0.7838
1380,very_dense,0.8722,False,0,0,0,0.6824,0.2862,0.2862,0.9000,0.6192,0.6152
1381,sparse,0.0278,True,1,1,1,0.5912,0.5971,0.5912,1.2413,0.8549,1.2393
1382,dense,0.6472,False,1,1,1,0.8284,0.9144,0.9144,1.2234,0.8320,0.8409
1383,very_dense,0.8778,False,0,1,1,0.2567,0.5523,0.5523,1.5130,0.6887,0.6854
1384,dense,0.6694,False,1,1,1,0.8731,0.9599,0.9599,0.9361,0.6388,0.6384
1385,sparse,0.4194,False,1,1,1,0.8097,0.7993,0.7993,0.6846,0.5470,0.5441
1386,dense,0.4444,False,1,1,1,0.7506,0.8055,0.8055,1.7364,1.0943,1.0968
1387,sparse,0.4139,False,1,1,1,0.8110,0.9450,0.9450,0.5505,0.4730,0.4658
1388,very_dense,0.7194,False,0,1,1,,,,2.2524,0.7583,0.7511
1389,very_dense,0.8667,False,1,0,0,0.9050,0.5505,0.5505,1.0524,0.5866,0.5982
1390,sparse,0.4222,False,1,1,1,0.7671,0.7803,0.7803,0.6523,0.5485,0.5383
1391,dense,0.5972,False,1,0,0,0.8645,0.7601,0.7601,0.9620,0.4937,0.4959
1392,very_dense,0.8722,False,0,1,1,,,,4.9003,0.6675,0.6913
1393,very_dense,0.8750,False,1,0,0,0.8577,0.4339,0.4339,0.9890,0.5995,0.5952
1394,sparse,0.2056,True,1,1,1,0.8197,1.0664,0.8197,0.5700,0.4425,0.5634
1395,dense,0.8889,False,0,1,1,,,,2.8939,0.5905,0.5926
1396,dense,0.7167,False,1,1,1,0.8815,0.9408,0.9408,1.1200,0.7759,0.7742
1397,dense,0.7194,False,0,1,1,0.1713,1.2999,1.2999,4.1588,0.6336,0.6287
1398,sparse,0.5583,False,1,1,1,0.9024,0.8727,0.8727,0.4959,0.4559,0.4524
1399,sparse,0.3778,False,1,1,1,0.8114,0.8643,0.8643,0.6345,0.5205,0.5172
1400,very_dense,0.6833,False,1,1,1,0.8433,1.5889,1.5889,1.6660,0.7784,0.7698
1401,sparse,0.6806,False,1,1,1,0.8275,0.8294,0.8294,0.6524,0.5466,0.5382
1402,sparse,0.2417,True,1,1,1,0.8822,0.8722,0.8822,0.6528,0.5536,0.6593
1403,sparse,0.2833,True,1,1,1,0.8487,0.9833,0.8487,0.6202,0.4882,0.6090
1404,sparse,0.1861,True,1,1,1,0.9024,0.8689,0.9024,0.5503,0.4935,0.5468
1405,sparse,0.4583,False,1,1,1,0.8241,0.9600,0.9600,0.7686,0.5431,0.5423
1406,dense,0.7750,False,1,1,1,0.7914,1.4421,1.4421,1.3804,0.5103,0.5058
1407,very_dense,0.6000,False,1,1,1,0.8082,0.9820,0.9820,1.4298,0.8603,0.8648
1408,sparse,0.6722,False,1,1,1,0.9211,0.9053,0.9053,0.4865,0.4500,0.4519
1409,sparse,0.6833,False,1,1,1,0.8878,0.8135,0.8135,0.5425,0.4988,0.4996
1410,sparse,0.5000,False,1,1,1,,,,0.7148,0.4589,0.4666
1411,dense,0.7028,False,1,1,1,,,,2.4238,1.1996,1.1856
1412,sparse,0.5833,False,1,1,1,0.7770,0.9750,0.9750,0.7450,0.5292,0.5266
1413,very_dense,0.6389,False,1,1,1,0.6972,0.8524,0.8524,2.6095,1.3500,1.3466
1414,dense,0.6722,False,1,1,1,0.8161,0.8661,0.8661,1.2722,0.8755,0.8666
1415,very_dense,0.6917,False,1,1,1,0.8180,0.9568,0.9568,1.6554,0.9953,0.9676
1416,dense,0.9194,False,1,1,1,0.7807,0.8900,0.8900,1.3584,0.8181,0.8198
1417,dense,0.4139,False,1,1,1,0.6065,0.6000,0.6000,2.7111,1.7243,1.7015
1418,very_dense,0.7306,False,1,1,1,0.8246,0.9797,0.9797,1.2531,0.8020,0.8104
1419,dense,0.4889,False,0,1,1,,,,5.3512,0.7050,0.7054
1420,very_dense,0.6361,False,1,1,1,0.8405,1.0254,1.0254,1.5238,0.9129,0.9021
1421,very_dense,0.8167,False,1,1,1,0.8259,1.1168,1.1168,1.4460,0.8009,0.7962
1422,dense,0.3972,False,1,1,1,0.6260,0.5040,0.5040,2.5261,1.8429,1.8288
1423,very_dense,0.8444,False,1,0,0,0.8052,1.8358,1.8358,1.4130,0.5949,0.5857
1424,sparse,0.1750,True,1,1,1,0.7851,0.8414,0.7851,0.6819,0.5363,0.6797
1425,very_dense,0.8639,False,1,1,1,0.8523,0.9629,0.9629,1.2681,0.8317,0.8340
1426,very_dense,0.7667,False,1,1,1,0.8475,1.1638,1.1638,1.4465,0.7945,0.8166
1427,very_dense,0.8694,False,0,0,0,0.2925,0.2712,0.2712,1.3987,0.6118,0.6114
1428,sparse,0.1056,True,1,1,1,0.7937,0.8585,0.7937,0.8001,0.5936,0.7799
1429,very_dense,0.8833,False,0,1,1,,,,1.7372,0.7468,0.7505
1430,dense,0.4444,False,1,1,1,0.7709,0.9223,0.9223,1.4188,0.8179,0.8109
1431,sparse,0.3417,False,1,1,1,0.7189,0.7452,0.7452,0.8829,0.6720,0.6747
1432,sparse,0.1611,True,1,1,1,0.8045,0.7955,0.8045,0.6630,0.5495,0.6539
1433,dense,0.5111,False,1,1,1,0.7870,0.7941,0.7941,1.5062,1.0403,1.0326
1434,sparse,0.2361,True,1,1,1,0.8308,0.9882,0.8308,0.5454,0.4520,0.5457
1435,sparse,0.2306,True,1,1,1,0.7696,0.8511,0.7696,0.7980,0.5745,0.8177
1436,dense,0.7194,False,1,1,1,0.8681,1.1064,1.1064,0.8185,0.5479,0.5448
1437,dense,0.5250,False,1,1,1,0.8838,1.1347,1.1347,0.8503,0.5403,0.5424
1438,sparse,0.3889,False,1,0,0,0.8419,0.8112,0.8112,0.5400,0.4845,0.4797
1439,very_dense,0.6667,False,1,1,1,0.6372,3.4568,3.4568,3.1261,0.7268,0.7264
1440,very_dense,0.7444,False,1,0,0,0.7474,1.8538,1.8538,1.9319,0.5830,0.5780
1441,dense,0.7556,False,1,1,1,0.8178,0.8808,0.8808,1.1422,0.8031,0.8010
1442,very_dense,0.7000,False,0,0,0,,,,3.8709,0.5933,0.5918
1443,dense,0.6611,False,1,1,1,0.9253,1.0410,1.0410,0.9759,0.6877,0.6907
1444,sparse,0.5583,False,1,1,1,0.9277,0.9510,0.9510,0.4452,0.4314,0.4293
1445,sparse,0.3639,False,1,1,1,0.8480,1.0438,1.0438,0.5439,0.4450,0.4459
1446,very_dense,0.7833,False,0,1,1,,,,1.6013,0.8063,0.7977
1447,very_dense,0.7667,False,1,1,1,0.8870,1.0338,1.0338,1.0368,0.7257,0.7320
1448,very_dense,0.7167,False,1,1,1,0.8452,0.9553,0.9553,1.5073,0.9282,0.9255
1449,sparse,0.1944,True,1,1,1,0.8478,0.9394,0.8478,0.6523,0.5096,0.6564
1450,sparse,0.1972,True,1,1,1,0.8099,0.9247,0.8099,0.5812,0.4717,0.5792
1451,sparse,0.1944,True,1,1,1,0.8871,0.8444,0.8871,0.5190,0.4731,0.5177
1452,sparse,0.2889,True,1,1,1,0.9256,0.9061,0.9256,0.4945,0.4571,0.5008
1453,sparse,0.1306,True,1,1,1,0.9065,0.9440,0.9065,0.4933,0.4502,0.4959
1454,dense,0.7222,False,1,0,0,0.8703,0.9765,0.9765,0.9136,0.5123,0.5101
1455,sparse,0.3306,False,1,1,1,0.8706,0.9030,0.9030,0.5524,0.4895,0.4866
1456,very_dense,0.7389,False,1,1,1,0.8290,1.0953,1.0953,1.6243,0.7940,0.8119
1457,dense,0.7389,False,1,1,1,0.8509,1.0153,1.0153,0.9215,0.6435,0.6392
1458,sparse,0.5389,False,1,1,1,0.9125,0.9171,0.9171,0.5400,0.4915,0.4880
1459,dense,0.4444,False,1,1,1,0.8140,0.8466,0.8466,1.5753,1.1243,1.1293
1460,very_dense,0.9472,False,0,0,0,,,,6.7129,0.6378,0.6257
1461,sparse,0.1472,True,1,1,1,0.8215,0.7749,0.8215,0.6606,0.5777,0.6592
1462,sparse,0.2000,True,1,1,1,0.8237,0.8589,0.8237,0.6724,0.5563,0.6675
1463,sparse,0.1472,True,1,1,1,,,,0.5325,0.4842,0.5325
1464,very_dense,0.9083,False,0,0,0,0.7962,0.3516,0.3516,0.8252,0.6447,0.6484
1465,sparse,0.5417,False,1,1,1,0.7402,0.7646,0.7646,0.6810,0.5659,0.5575
1466,dense,0.5722,False,1,1,1,0.9097,1.1176,1.1176,0.9067,0.6161,0.6149
1467,dense,0.6583,False,1,1,1,0.7097,0.8958,0.8958,2.3746,1.1420,1.1280
1468,very_dense,0.8667,False,1,0,0,0.8848,0.4254,0.4254,1.0226,0.6201,0.6124
1469,sparse,0.6917,False,1,1,1,0.8929,1.2081,1.2081,0.5448,0.4420,0.4306
1470,very_dense,0.8583,False,1,1,1,0.8088,0.8412,0.8412,1.5872,1.0379,1.0655
1471,very_dense,0.8611,False,0,0,0,0.3084,0.2405,0.2405,2.0842,1.2254,1.2293
1472,dense,0.6333,False,1,1,1,0.8644,1.0057,1.0057,1.2108,0.7980,0.7907
1473,sparse,0.5722,False,1,1,1,0.7966,0.9076,0.9076,0.6796,0.5368,0.5295
1474,very_dense,0.7167,False,1,1,1,0.8049,0.9900,0.9900,2.0499,1.0896,1.0847
1475,sparse,0.2083,True,1,1,1,0.9090,0.8912,0.9090,0.5513,0.5037,0.5494
1476,dense,0.5750,False,1,1,1,0.9136,1.2038,1.2038,0.9252,0.6584,0.6425
1477,dense,0.5361,False,1,1,1,0.7626,0.7691,0.7691,1.5474,1.0948,1.0909
1478,sparse,0.1917,True,1,1,1,0.7533,0.9876,0.7533,0.7028,0.5390,0.7001
1479,dense,0.5500,False,1,1,1,0.7648,0.7934,0.7934,1.7606,1.1716,1.1749
1480,sparse,0.3944,False,1,1,1,0.7427,0.7176,0.7176,0.9680,0.7644,0.7870
1481,sparse,0.6417,False,1,1,1,0.8827,0.9056,0.9056,0.5676,0.5094,0.4992
1482,sparse,0.2222,True,1,1,1,0.8314,0.8171,0.8314,0.7184,0.6315,0.7169
1483,sparse,0.5722,False,1,1,1,0.8063,1.5824,1.5824,0.7063,0.4678,0.4712
1484,dense,0.3583,False,1,0,0,0.8634,1.3491,1.3491,1.0974,0.5309,0.5240
1485,very_dense,0.8667,False,1,1,1,0.7625,1.0142,1.0142,1.7891,0.9822,0.9747
1486,sparse,0.4417,False,1,1,1,0.9098,0.9052,0.9052,0.5022,0.4718,0.4695
1487,sparse,0.6778,False,1,0,0,0.9281,0.2026,0.2026,0.4681,0.6856,0.6757
1488,sparse,0.4694,False,1,1,1,0.8795,1.1109,1.1109,0.5190,0.4408,0.4376
1489,dense,0.7194,False,1,1,1,0.8210,0.8817,0.8817,1.1291,0.8102,0.8081
1490,sparse,0.2222,True,1,1,1,0.9005,0.8793,0.9005,0.5484,0.5026,0.5457
1491,dense,0.7167,False,1,1,1,0.8967,0.9199,0.9199,0.9737,0.7311,0.7260
1492,sparse,0.3444,False,1,1,1,0.6634,0.8622,0.8622,1.1978,0.7480,0.7473
1493,sparse,0.1583,True,1,1,1,0.8405,0.8428,0.8405,0.6810,0.5709,0.6818
1494,dense,0.6778,False,1,1,1,0.8639,1.0415,1.0415,0.9359,0.6679,0.6641
1495,dense,0.6750,False,1,1,1,0.7468,0.7851,0.7851,1.8923,1.1315,1.1194
1496,dense,0.7361,False,1,0,0,0.8915,0.9831,0.9831,0.8195,0.5269,0.5171
1497,very_dense,0.8944,False,0,0,0,0.1903,0.2032,0.2032,1.6531,0.6407,0.6389
1498,dense,0.6639,False,1,1,1,0.8920,0.9625,0.9625,0.8922,0.6636,0.6409
1499,very_dense,0.9028,False,1,0,0,0.9094,0.6604,0.6604,1.1107,0.6043,0.6192
