condition,trial,rho0,used_astar,astar,bc,adaptive,astar_route_efficiency,bc_route_efficiency,adaptive_route_efficiency
static,0,0.1611,True,1,1,1,0.7271,0.9776,0.7271
static,1,0.1750,True,1,1,1,0.7501,0.9217,0.7501
static,2,0.2306,True,1,1,1,0.6981,0.9847,0.6981
static,3,0.2278,True,1,1,1,0.6881,1.6607,0.6881
static,4,0.1778,True,1,1,1,0.7130,0.7904,0.7130
static,5,0.7333,False,1,1,1,0.9006,0.8996,0.8996
static,6,0.2306,True,1,1,1,0.7958,0.8317,0.7958
static,7,0.6583,False,1,1,1,0.8631,0.8683,0.8683
static,8,0.2389,True,1,1,1,0.8072,0.8836,0.8072
static,9,0.6583,False,1,1,1,0.9569,1.0141,1.0141
static,10,0.2194,True,1,1,1,0.7619,0.8351,0.7619
static,11,0.6806,False,1,1,1,0.8084,0.9522,0.9522
static,12,0.5278,False,1,1,1,0.7680,0.9046,0.9046
static,13,0.2194,True,1,1,1,0.7151,0.7710,0.7151
static,14,0.5750,False,0,1,1,,,
static,15,0.5694,False,1,1,1,0.8144,0.8547,0.8547
static,16,0.2917,True,1,1,1,0.8289,1.0916,0.8289
static,17,0.0972,True,1,1,1,0.6826,0.7554,0.6826
static,18,0.1917,True,1,1,1,0.8340,0.8209,0.8340
static,19,0.0972,True,1,1,1,0.8161,0.8432,0.8161
static,20,0.1500,True,1,1,1,0.8138,0.8994,0.8138
static,21,0.3361,False,1,1,1,0.7158,0.7079,0.7079
static,22,0.5583,False,1,1,1,0.8176,0.9253,0.9253
static,23,0.2083,True,1,1,1,0.8757,0.8750,0.8757
static,24,0.1583,True,1,1,1,0.8704,0.8833,0.8704
static,25,0.1667,True,1,1,1,0.7539,0.7467,0.7539
static,26,0.4556,False,1,1,1,0.7707,1.3877,1.3877
static,27,0.5500,False,1,1,1,0.8144,0.8817,0.8817
static,28,0.2917,True,1,1,1,0.8151,0.9137,0.8151
static,29,0.3611,False,1,1,1,0.9228,0.9246,0.9246
static,30,0.1583,True,1,1,1,0.7561,0.7834,0.7561
static,31,0.6417,False,1,1,1,0.8902,0.9032,0.9032
static,32,0.7333,False,1,1,1,0.8486,0.8780,0.8780
static,33,0.2556,True,1,1,1,0.8736,0.9385,0.8736
static,34,0.1417,True,1,1,1,0.8652,0.8491,0.8652
static,35,0.7500,False,1,1,1,0.5355,0.6015,0.6015
static,36,0.1556,True,1,1,1,0.5568,0.6010,0.5568
static,37,0.2389,True,1,1,1,,,
static,38,0.6028,False,1,1,1,0.8372,0.8572,0.8572
static,39,0.2500,True,1,1,1,0.7540,0.6814,0.7540
static,40,0.6917,False,1,1,1,0.8738,1.0660,1.0660
static,41,0.6500,False,1,1,1,0.9011,0.9312,0.9312
static,42,0.1278,True,1,1,1,0.8770,0.8192,0.8770
static,43,0.7306,False,1,1,1,0.9085,0.8907,0.8907
static,44,0.2667,True,1,1,1,0.6434,0.8405,0.6434
static,45,0.7139,False,1,1,1,0.8493,0.9941,0.9941
static,46,0.6889,False,1,1,1,0.9279,0.9748,0.9748
static,47,0.5806,False,1,1,1,0.8803,1.0074,1.0074
static,48,0.6278,False,1,1,1,0.8043,0.8745,0.8745
static,49,0.0750,True,1,1,1,0.8405,0.8339,0.8405
static,50,0.2306,True,1,1,1,0.7384,1.2137,0.7384
static,51,0.6194,False,1,1,1,0.8901,0.9222,0.9222
static,52,0.5917,False,1,1,1,0.8819,0.9386,0.9386
static,53,0.7278,False,1,1,1,0.9037,0.8598,0.8598
static,54,0.1833,True,1,1,1,0.8412,0.8237,0.8412
static,55,0.7500,False,1,1,1,0.8384,0.8750,0.8750
static,56,0.5889,False,1,1,1,0.8511,1.0272,1.0272
static,57,0.4611,False,1,1,1,0.8737,0.9384,0.9384
static,58,0.6694,False,1,1,1,0.6064,2.6382,2.6382
static,59,0.1750,True,1,1,1,0.8370,0.7940,0.8370
static,60,0.5417,False,1,1,1,0.7990,0.9957,0.9957
static,61,0.7444,False,1,1,1,0.7640,0.7491,0.7491
static,62,0.1056,True,1,1,1,0.7296,0.7908,0.7296
static,63,0.5833,False,1,1,1,0.8444,0.9993,0.9993
static,64,0.3528,False,1,1,1,0.8611,0.9411,0.9411
static,65,0.7417,False,1,1,1,0.8898,0.9649,0.9649
static,66,0.6444,False,1,1,1,,,
static,67,0.2389,True,1,1,1,0.7877,0.8316,0.7877
static,68,0.1694,True,1,1,1,0.8703,0.8431,0.8703
static,69,0.4361,False,1,1,1,0.7699,0.7913,0.7913
static,70,0.2167,True,1,1,1,0.8007,0.9575,0.8007
static,71,0.0333,True,1,1,1,,,
static,72,0.6444,False,1,1,1,0.9032,0.9476,0.9476
static,73,0.1889,True,1,1,1,0.8626,0.8736,0.8626
static,74,0.3944,False,1,1,1,0.8185,0.9796,0.9796
static,75,0.6306,False,1,1,1,0.8250,0.8813,0.8813
static,76,0.1528,True,1,1,1,0.8068,0.8374,0.8068
static,77,0.1500,True,1,1,1,0.7295,1.0596,0.7295
static,78,0.1444,True,1,1,1,0.8362,0.8778,0.8362
static,79,0.1667,True,1,1,1,0.7224,0.6300,0.7224
static,80,0.0167,True,1,1,1,0.8099,0.8236,0.8099
static,81,0.7389,False,1,1,1,0.9434,0.9371,0.9371
static,82,0.3694,False,1,1,1,0.8479,0.9092,0.9092
static,83,0.5444,False,1,1,1,0.8801,0.9750,0.9750
static,84,0.5944,False,1,1,1,0.8205,0.8862,0.8862
static,85,0.5500,False,1,1,1,0.7898,0.9898,0.9898
static,86,0.1139,True,1,1,1,0.7263,0.7234,0.7263
static,87,0.6833,False,1,1,1,0.9074,0.9301,0.9301
static,88,0.2528,True,1,1,1,0.7943,0.8768,0.7943
static,89,0.5917,False,1,1,1,0.9022,0.9779,0.9779
static,90,0.1194,True,1,1,1,0.8236,0.8151,0.8236
static,91,0.1528,True,1,1,1,0.8252,0.7850,0.8252
static,92,0.2472,True,1,1,1,,,
static,93,0.7278,False,1,1,1,0.7650,0.8789,0.8789
static,94,0.3250,False,1,1,1,0.7234,0.8733,0.8733
static,95,0.0944,True,1,1,1,0.8529,0.8802,0.8529
static,96,0.7417,False,1,1,1,0.6388,0.6833,0.6833
static,97,0.7500,False,1,1,1,0.8730,0.8709,0.8709
static,98,0.5694,False,1,1,1,0.8448,0.9977,0.9977
static,99,0.3278,False,1,1,1,,,
static,100,0.0333,True,1,1,1,0.7338,0.6951,0.7338
static,101,0.0806,True,1,1,1,0.7695,0.8202,0.7695
static,102,0.3417,False,1,1,1,0.8165,0.9598,0.9598
static,103,0.0556,True,1,1,1,0.6594,0.6952,0.6594
static,104,0.2528,True,1,1,1,0.7244,0.7611,0.7244
static,105,0.7250,False,1,1,1,0.8877,0.9072,0.9072
static,106,0.1611,True,1,1,1,0.8405,0.8303,0.8405
static,107,0.2000,True,1,1,1,0.7918,0.8247,0.7918
static,108,0.6556,False,1,1,1,0.9166,0.9694,0.9694
static,109,0.3000,False,1,1,1,0.5597,0.6267,0.6267
static,110,0.1000,True,1,1,1,0.7626,0.7909,0.7626
static,111,0.5667,False,1,1,1,0.8460,0.8990,0.8990
static,112,0.1444,True,1,1,1,0.7550,0.7542,0.7550
static,113,0.7444,False,1,1,1,0.9382,0.9511,0.9511
static,114,0.0889,True,1,1,1,0.6817,0.6517,0.6817
static,115,0.3611,False,1,1,1,0.7601,0.9879,0.9879
static,116,0.2000,True,1,1,1,0.5706,0.6046,0.5706
static,117,0.2222,True,1,1,1,0.9003,0.8990,0.9003
static,118,0.2861,True,1,1,1,0.8471,0.8449,0.8471
static,119,0.6139,False,1,1,1,0.8035,1.2068,1.2068
static,120,0.4333,False,1,1,1,0.9371,0.9665,0.9665
static,121,0.1333,True,1,1,1,0.8087,0.7652,0.8087
static,122,0.5194,False,1,1,1,0.8533,0.8949,0.8949
static,123,0.1583,True,1,1,1,0.7533,0.7931,0.7533
static,124,0.7139,False,1,1,1,0.7336,0.7601,0.7601
static,125,0.1750,True,1,1,1,,,
static,126,0.5917,False,1,1,1,0.8049,0.8193,0.8193
static,127,0.6306,False,1,1,1,0.9127,0.9760,0.9760
static,128,0.4278,False,1,1,1,0.8650,0.9216,0.9216
static,129,0.3556,False,1,1,1,0.6288,0.5548,0.5548
static,130,0.3278,False,1,1,1,0.8154,0.9652,0.9652
static,131,0.7472,False,1,1,1,0.8672,0.8255,0.8255
static,132,0.2111,True,1,1,1,0.7649,0.8164,0.7649
static,133,0.6278,False,1,1,1,0.7803,0.7846,0.7846
static,134,0.6111,False,1,1,1,0.5593,0.5858,0.5858
static,135,0.5917,False,1,1,1,0.6818,1.7913,1.7913
static,136,0.6389,False,1,1,1,0.8892,1.0485,1.0485
static,137,0.3639,False,1,1,1,0.8630,1.0316,1.0316
static,138,0.2861,True,1,1,1,0.8955,0.9046,0.8955
static,139,0.2583,True,1,1,1,0.8571,0.8555,0.8571
static,140,0.7444,False,1,1,1,0.8860,1.0455,1.0455
static,141,0.2611,True,1,1,1,0.7436,0.7394,0.7436
static,142,0.1111,True,1,1,1,0.7872,0.8109,0.7872
static,143,0.6417,False,1,1,1,0.8984,1.0120,1.0120
static,144,0.3667,False,1,1,1,0.8951,0.8756,0.8756
static,145,0.0861,True,1,1,1,0.7311,0.6813,0.7311
static,146,0.7444,False,1,1,1,0.8861,0.8904,0.8904
static,147,0.1639,True,1,1,1,0.8109,0.8586,0.8109
static,148,0.3611,False,1,1,1,0.8223,0.8073,0.8073
static,149,0.7278,False,1,1,1,0.8313,1.0532,1.0532
static,150,0.4778,False,1,1,1,0.8795,0.8625,0.8625
static,151,0.1500,True,1,1,1,0.7349,0.7856,0.7349
static,152,0.7111,False,1,1,1,0.8888,0.9167,0.9167
static,153,0.3028,False,1,1,1,,,
static,154,0.1222,True,1,1,1,0.6422,0.6469,0.6422
static,155,0.7472,False,1,1,1,0.9012,0.9460,0.9460
static,156,0.2889,True,1,1,1,0.8627,0.9072,0.8627
static,157,0.5028,False,1,1,1,0.8290,0.8891,0.8891
static,158,0.7167,False,1,1,1,0.9471,0.9747,0.9747
static,159,0.2028,True,1,1,1,0.8230,0.8867,0.8230
static,160,0.6083,False,1,1,1,0.8489,0.9181,0.9181
static,161,0.7361,False,1,1,1,0.6751,0.7521,0.7521
static,162,0.2333,True,1,1,1,0.8649,0.8580,0.8649
static,163,0.2972,True,1,1,1,0.7440,0.7398,0.7440
static,164,0.6278,False,1,1,1,0.9091,0.8947,0.8947
static,165,0.7417,False,1,1,1,0.8916,0.8806,0.8806
static,166,0.5611,False,1,1,1,0.8226,0.9347,0.9347
static,167,0.2306,True,1,1,1,0.8864,0.8874,0.8864
static,168,0.2889,True,1,1,1,0.8113,0.9071,0.8113
static,169,0.1083,True,1,1,1,0.7648,0.8034,0.7648
static,170,0.2972,True,1,1,1,0.8274,0.9905,0.8274
static,171,0.2361,True,1,1,1,0.7529,0.9502,0.7529
static,172,0.6778,False,1,1,1,0.8586,0.8197,0.8197
static,173,0.1611,True,1,1,1,0.8386,0.8516,0.8386
static,174,0.6250,False,1,1,1,0.8885,0.9219,0.9219
static,175,0.7333,False,1,1,1,,,
static,176,0.4833,False,1,1,1,0.8475,1.0179,1.0179
static,177,0.6278,False,1,1,1,0.8462,1.0659,1.0659
static,178,0.0694,True,1,1,1,0.8810,0.8592,0.8810
static,179,0.2722,True,1,1,1,0.8732,0.9162,0.8732
static,180,0.5972,False,1,1,1,0.8681,0.9205,0.9205
static,181,0.1889,True,1,1,1,,,
static,182,0.1250,True,1,1,1,0.7281,0.7108,0.7281
static,183,0.7139,False,1,1,1,0.8449,0.8587,0.8587
static,184,0.1861,True,1,1,1,0.5936,0.5870,0.5936
static,185,0.2778,True,1,1,1,0.8690,0.8802,0.8690
static,186,0.4917,False,1,1,1,0.9047,0.9679,0.9679
static,187,0.0167,True,1,1,1,0.7141,0.7784,0.7141
static,188,0.3361,False,1,1,1,0.7854,0.8349,0.8349
static,189,0.6500,False,1,1,1,0.9220,0.9853,0.9853
static,190,0.1361,True,1,1,1,0.7049,0.6985,0.7049
static,191,0.1056,True,1,1,1,0.7193,0.9244,0.7193
static,192,0.7222,False,1,1,1,0.8904,0.9280,0.9280
static,193,0.7306,False,1,1,1,0.8819,0.9559,0.9559
static,194,0.2194,True,1,1,1,0.8489,1.0077,0.8489
static,195,0.5917,False,1,1,1,0.7717,0.9852,0.9852
static,196,0.7472,False,1,1,1,0.8556,0.8758,0.8758
static,197,0.6833,False,1,1,1,0.8234,0.9892,0.9892
static,198,0.4889,False,1,1,1,0.8376,1.1059,1.1059
static,199,0.3167,False,1,1,1,0.8701,0.9768,0.9768
static,200,0.4833,False,1,1,1,0.8208,0.8311,0.8311
static,201,0.2278,True,1,1,1,0.6621,1.0196,0.6621
static,202,0.7278,False,1,1,1,0.7169,0.7355,0.7355
static,203,0.4361,False,1,1,1,,,
static,204,0.4833,False,1,1,1,0.9049,0.9961,0.9961
static,205,0.3306,False,1,1,1,,,
static,206,0.6472,False,1,1,1,,,
static,207,0.2611,True,1,1,1,0.5840,0.8064,0.5840
static,208,0.4694,False,1,1,1,0.8671,1.0810,1.0810
static,209,0.6528,False,1,1,1,0.8687,0.9074,0.9074
static,210,0.6056,False,1,1,1,,,
static,211,0.2889,True,1,1,1,0.9035,0.8624,0.9035
static,212,0.2028,True,1,1,1,0.7182,0.9138,0.7182
static,213,0.7167,False,1,1,1,0.9361,1.0293,1.0293
static,214,0.5833,False,1,1,1,0.6600,0.7178,0.7178
static,215,0.7111,False,1,1,1,0.8727,0.9569,0.9569
static,216,0.1972,True,1,1,1,0.8418,0.8765,0.8418
static,217,0.5222,False,1,1,1,0.8367,0.9895,0.9895
static,218,0.3556,False,1,1,1,0.8507,0.9017,0.9017
static,219,0.2056,True,1,1,1,0.7559,0.9338,0.7559
static,220,0.7500,False,1,1,1,0.9297,0.9630,0.9630
static,221,0.3194,False,1,1,1,0.8601,1.0313,1.0313
static,222,0.5639,False,1,1,1,0.7844,0.8537,0.8537
static,223,0.1889,True,1,1,1,0.7590,0.7843,0.7590
static,224,0.7472,False,1,1,1,0.8733,0.8762,0.8762
static,225,0.6833,False,1,1,1,0.9147,0.8737,0.8737
static,226,0.4889,False,1,1,1,0.8450,0.9199,0.9199
static,227,0.1750,True,1,1,1,0.8563,0.8381,0.8563
static,228,0.4972,False,1,1,1,0.8368,0.8454,0.8454
static,229,0.3278,False,1,1,1,0.6826,0.6558,0.6558
static,230,0.1556,True,1,1,1,0.7113,0.7108,0.7113
static,231,0.2972,True,1,1,1,0.8609,0.9377,0.8609
static,232,0.4167,False,1,1,1,0.6926,0.7423,0.7423
static,233,0.2750,True,1,1,1,0.8616,0.8790,0.8616
static,234,0.1750,True,1,1,1,0.7997,0.7937,0.7997
static,235,0.5750,False,1,1,1,0.9032,0.9648,0.9648
static,236,0.2611,True,1,1,1,0.7844,0.7956,0.7844
static,237,0.3389,False,1,1,1,0.8117,0.7808,0.7808
static,238,0.1806,True,1,1,1,0.6576,0.7167,0.6576
static,239,0.6333,False,1,1,1,0.8574,0.9579,0.9579
static,240,0.3750,False,1,1,1,0.7662,0.8293,0.8293
static,241,0.1833,True,1,1,1,0.6062,0.7842,0.6062
static,242,0.3389,False,1,1,1,0.8511,0.8460,0.8460
static,243,0.2972,True,1,1,1,0.8017,1.0159,0.8017
static,244,0.5194,False,1,1,1,0.8535,0.9301,0.9301
static,245,0.1028,True,1,1,1,0.8181,0.8313,0.8181
static,246,0.7278,False,1,1,1,0.8982,0.8891,0.8891
static,247,0.3056,False,1,1,1,0.8251,0.8038,0.8038
static,248,0.2806,True,1,1,1,0.8715,0.8791,0.8715
static,249,0.2278,True,1,1,1,0.7528,0.9397,0.7528
static,250,0.1778,True,1,1,1,0.8374,0.9064,0.8374
static,251,0.6139,False,1,1,1,0.8875,0.9508,0.9508
static,252,0.2972,True,1,1,1,0.6900,0.9458,0.6900
static,253,0.7167,False,1,1,1,0.7422,0.8163,0.8163
static,254,0.5306,False,1,1,1,0.9163,1.0080,1.0080
static,255,0.5361,False,1,1,1,0.6071,0.7560,0.7560
static,256,0.2722,True,1,1,1,0.7937,0.9275,0.7937
static,257,0.1861,True,1,1,1,0.8525,0.9587,0.8525
static,258,0.7417,False,1,1,1,0.8565,0.8863,0.8863
static,259,0.1194,True,1,1,1,0.8075,0.8081,0.8075
static,260,0.2139,True,1,1,1,0.7857,0.7688,0.7857
static,261,0.1556,True,1,1,1,0.7783,0.7540,0.7783
static,262,0.3056,False,1,1,1,0.9189,0.9866,0.9866
static,263,0.2694,True,1,1,1,0.8720,0.8842,0.8720
static,264,0.2139,True,1,1,1,0.8532,0.8690,0.8532
static,265,0.1972,True,1,1,1,0.5586,0.5783,0.5586
static,266,0.5750,False,1,1,1,0.8951,1.1013,1.1013
static,267,0.6389,False,1,1,1,0.8771,0.9298,0.9298
static,268,0.5528,False,1,1,1,0.8240,0.9858,0.9858
static,269,0.6972,False,1,1,1,0.8617,0.8513,0.8513
static,270,0.6500,False,1,1,1,0.8876,0.9806,0.9806
static,271,0.0417,True,1,1,1,0.6358,0.5762,0.6358
static,272,0.7417,False,1,1,1,0.7496,0.6089,0.6089
static,273,0.1417,True,1,1,1,0.8059,0.7533,0.8059
static,274,0.3694,False,1,1,1,0.8749,0.8801,0.8801
static,275,0.0806,True,1,1,1,0.7683,0.7893,0.7683
static,276,0.1861,True,1,1,1,0.8085,0.8052,0.8085
static,277,0.4611,False,1,1,1,0.8153,0.8024,0.8024
static,278,0.6389,False,1,1,1,0.9116,0.9715,0.9715
static,279,0.0500,True,1,1,1,0.8120,0.8196,0.8120
static,280,0.6778,False,1,1,1,0.8980,0.9170,0.9170
static,281,0.1889,True,1,1,1,0.8724,0.8516,0.8724
static,282,0.1806,True,1,1,1,0.7453,0.7869,0.7453
static,283,0.2278,True,1,1,1,0.8658,0.8196,0.8658
static,284,0.1500,True,1,1,1,0.8368,0.8838,0.8368
static,285,0.7000,False,1,1,1,0.8761,0.8969,0.8969
static,286,0.2694,True,1,1,1,0.8905,0.8999,0.8905
static,287,0.7028,False,1,1,1,0.7543,0.8740,0.8740
static,288,0.1944,True,1,1,1,0.6855,1.0720,0.6855
static,289,0.5917,False,1,1,1,0.8778,0.8863,0.8863
static,290,0.4639,False,1,1,1,0.8299,0.8708,0.8708
static,291,0.2250,True,1,1,1,,,
static,292,0.2444,True,1,1,1,0.8112,0.8680,0.8112
static,293,0.1444,True,1,1,1,0.6861,0.6859,0.6861
static,294,0.5167,False,1,1,1,0.8841,0.9723,0.9723
static,295,0.6278,False,1,1,1,0.8751,0.9466,0.9466
static,296,0.3167,False,1,1,1,0.8940,0.9196,0.9196
static,297,0.1889,True,1,1,1,0.8395,0.8765,0.8395
static,298,0.1778,True,1,1,1,0.9021,0.9438,0.9021
static,299,0.4500,False,1,1,1,0.8176,0.8875,0.8875
static,300,0.7333,False,1,1,1,0.9138,0.9340,0.9340
static,301,0.1139,True,1,1,1,0.8479,0.8740,0.8479
static,302,0.7250,False,1,1,1,0.8546,0.9346,0.9346
static,303,0.6944,False,1,1,1,0.7876,0.8167,0.8167
static,304,0.5556,False,1,1,1,,,
static,305,0.5611,False,1,1,1,0.8957,0.9714,0.9714
static,306,0.2278,True,1,1,1,0.8876,0.8391,0.8876
static,307,0.7333,False,1,1,1,0.8542,0.9108,0.9108
static,308,0.2583,True,1,1,1,0.8571,0.9214,0.8571
static,309,0.4917,False,1,1,1,0.8693,0.9332,0.9332
static,310,0.6083,False,1,1,1,0.7885,0.7626,0.7626
static,311,0.1361,True,1,1,1,0.7562,0.8301,0.7562
static,312,0.1250,True,1,1,1,0.7093,0.7106,0.7093
static,313,0.7472,False,1,1,1,,,
static,314,0.2361,True,1,1,1,0.8899,0.8757,0.8899
static,315,0.2611,True,1,1,1,0.7599,0.9109,0.7599
static,316,0.2500,True,1,1,1,0.7128,0.7791,0.7128
static,317,0.7361,False,1,1,1,0.8303,0.9852,0.9852
static,318,0.2194,True,1,1,1,0.8021,0.9454,0.8021
static,319,0.2056,True,1,1,1,0.6837,0.6401,0.6837
static,320,0.5722,False,1,1,1,0.5986,0.6439,0.6439
static,321,0.1417,True,1,1,1,0.8778,0.8512,0.8778
static,322,0.6333,False,1,1,1,0.8754,0.9906,0.9906
static,323,0.6667,False,1,1,1,0.8662,1.0061,1.0061
static,324,0.5278,False,1,1,1,0.9204,0.9589,0.9589
static,325,0.2000,True,1,1,1,0.8710,0.8780,0.8710
static,326,0.1444,True,1,1,1,0.8861,0.8917,0.8861
static,327,0.2694,True,1,1,1,0.8001,0.9952,0.8001
static,328,0.6833,False,1,1,1,0.8879,0.9491,0.9491
static,329,0.1778,True,1,1,1,0.7201,0.7142,0.7201
static,330,0.4750,False,1,1,1,0.7899,0.8466,0.8466
static,331,0.6333,False,1,1,1,0.8315,0.8277,0.8277
static,332,0.7056,False,1,1,1,0.8279,0.9708,0.9708
static,333,0.3583,False,1,1,1,0.8027,1.0156,1.0156
static,334,0.7083,False,1,1,1,0.8473,1.0129,1.0129
static,335,0.1500,True,1,1,1,0.6561,0.7491,0.6561
static,336,0.2222,True,1,1,1,,,
static,337,0.2528,True,1,1,1,0.7541,0.8194,0.7541
static,338,0.1889,True,1,1,1,0.8664,0.8886,0.8664
static,339,0.1861,True,1,1,1,0.5025,0.5861,0.5025
static,340,0.2861,True,1,1,1,0.9167,0.9671,0.9167
static,341,0.6111,False,0,1,1,,,
static,342,0.1694,True,1,1,1,0.7976,0.8661,0.7976
static,343,0.2778,True,1,1,1,0.8917,0.8852,0.8917
static,344,0.4056,False,1,1,1,0.8528,0.9965,0.9965
static,345,0.2833,True,1,1,1,0.8101,1.0106,0.8101
static,346,0.2917,True,1,1,1,0.7637,0.9335,0.7637
static,347,0.1833,True,1,1,1,0.7274,0.7547,0.7274
static,348,0.6667,False,1,1,1,0.8232,0.9919,0.9919
static,349,0.2306,True,1,1,1,0.7741,1.0013,0.7741
static,350,0.1167,True,1,1,1,0.8226,0.7815,0.8226
static,351,0.2194,True,1,1,1,0.7373,0.8347,0.7373
static,352,0.5139,False,1,1,1,0.8560,1.0152,1.0152
static,353,0.6889,False,1,1,1,0.8416,0.8723,0.8723
static,354,0.3389,False,1,1,1,0.8968,0.8816,0.8816
static,355,0.3694,False,1,1,1,0.9064,0.9315,0.9315
static,356,0.1111,True,1,1,1,0.7789,0.7502,0.7789
static,357,0.1833,True,1,1,1,0.8174,0.8672,0.8174
static,358,0.7028,False,1,1,1,0.8629,0.9726,0.9726
static,359,0.7417,False,1,1,1,,,
static,360,0.6306,False,1,1,1,0.8734,0.9469,0.9469
static,361,0.6833,False,1,1,1,0.7449,0.8332,0.8332
static,362,0.1917,True,1,1,1,0.6986,1.0604,0.6986
static,363,0.7500,False,1,1,1,0.8831,0.8466,0.8466
static,364,0.4500,False,1,1,1,0.8513,1.2187,1.2187
static,365,0.5111,False,1,1,1,0.8341,0.8598,0.8598
static,366,0.4583,False,1,1,1,0.9041,0.9628,0.9628
static,367,0.2306,True,0,1,0,,,
static,368,0.1528,True,1,1,1,0.7976,0.7903,0.7976
static,369,0.6833,False,1,1,1,0.9159,0.9318,0.9318
static,370,0.3556,False,1,1,1,0.6083,0.5939,0.5939
static,371,0.1611,True,1,1,1,0.8627,0.8462,0.8627
static,372,0.1389,True,1,1,1,0.7732,0.7988,0.7732
static,373,0.1750,True,1,1,1,0.7979,0.9705,0.7979
static,374,0.3083,False,1,1,1,0.6665,0.7000,0.7000
static,375,0.7000,False,1,1,1,0.6301,0.7602,0.7602
static,376,0.3222,False,1,1,1,0.7806,0.8169,0.8169
static,377,0.1028,True,1,1,1,0.7532,0.7464,0.7532
static,378,0.0389,True,1,1,1,0.6312,0.6663,0.6312
static,379,0.5000,False,1,1,1,0.8829,0.9911,0.9911
static,380,0.2611,True,1,1,1,0.8276,0.8352,0.8276
static,381,0.4750,False,1,1,1,0.8281,0.8428,0.8428
static,382,0.2250,True,1,1,1,0.8354,0.8187,0.8354
static,383,0.1444,True,1,1,1,0.8403,0.8379,0.8403
static,384,0.2444,True,1,1,1,0.8669,0.9495,0.8669
static,385,0.1472,True,1,1,1,0.8208,0.7882,0.8208
static,386,0.5694,False,1,1,1,0.8026,1.0484,1.0484
static,387,0.7167,False,1,1,1,0.8933,1.0185,1.0185
static,388,0.1472,True,1,1,1,0.7275,0.7621,0.7275
static,389,0.6417,False,1,1,1,0.8324,0.9283,0.9283
static,390,0.6778,False,1,1,1,0.8322,0.8678,0.8678
static,391,0.1694,True,1,1,1,0.8740,0.9353,0.8740
static,392,0.0722,True,1,1,1,0.6879,0.8866,0.6879
static,393,0.1972,True,1,1,1,0.8728,0.9421,0.8728
static,394,0.2889,True,1,1,1,0.8865,1.1672,0.8865
static,395,0.1444,True,1,1,1,0.8024,0.8014,0.8024
static,396,0.2222,True,1,1,1,0.8082,0.9544,0.8082
static,397,0.3333,False,1,1,1,0.8022,0.9075,0.9075
static,398,0.5556,False,1,1,1,0.8305,0.8910,0.8910
static,399,0.1611,True,1,1,1,0.6351,1.0390,0.6351
static,400,0.6167,False,1,1,1,0.7298,0.7371,0.7371
static,401,0.1083,True,1,1,1,0.8249,0.8019,0.8249
static,402,0.4667,False,1,1,1,0.8776,1.0994,1.0994
static,403,0.3056,False,1,1,1,0.5666,1.1263,1.1263
static,404,0.5639,False,1,1,1,0.8448,1.0565,1.0565
static,405,0.2806,True,1,1,1,0.7456,0.8033,0.7456
static,406,0.2222,True,1,1,1,0.7956,0.8482,0.7956
static,407,0.5806,False,1,1,1,0.7035,0.7235,0.7235
static,408,0.1056,True,1,1,1,0.7863,0.8793,0.7863
static,409,0.4833,False,1,1,1,0.6495,0.6830,0.6830
static,410,0.7194,False,1,1,1,0.9246,0.9390,0.9390
static,411,0.1306,True,1,1,1,0.8491,0.8135,0.8491
static,412,0.5056,False,1,1,1,0.7826,0.9754,0.9754
static,413,0.2028,True,1,1,1,,,
static,414,0.2917,True,1,1,1,0.6951,0.7169,0.6951
static,415,0.3278,False,1,1,1,0.8332,0.8279,0.8279
static,416,0.1722,True,1,1,1,0.8522,0.8264,0.8522
static,417,0.1472,True,1,1,1,0.7053,0.7433,0.7053
static,418,0.4500,False,1,1,1,0.8726,0.9395,0.9395
static,419,0.4528,False,1,1,1,0.8892,1.0876,1.0876
static,420,0.1139,True,1,1,1,0.8043,0.7692,0.8043
static,421,0.1750,True,1,1,1,0.8822,0.8790,0.8822
static,422,0.1778,True,1,1,1,0.8611,0.8401,0.8611
static,423,0.1944,True,1,1,1,0.8126,1.0056,0.8126
static,424,0.4889,False,1,1,1,,,
static,425,0.4306,False,1,1,1,0.8481,0.9247,0.9247
static,426,0.7139,False,0,1,1,,,
static,427,0.5778,False,1,1,1,0.8448,0.8780,0.8780
static,428,0.6417,False,1,1,1,0.8397,1.3082,1.3082
static,429,0.7472,False,1,1,1,0.8546,0.9951,0.9951
static,430,0.6028,False,1,1,1,0.7958,1.0883,1.0883
static,431,0.7500,False,1,1,1,0.8534,0.8624,0.8624
static,432,0.7472,False,1,1,1,0.8695,0.8761,0.8761
static,433,0.1917,True,1,1,1,0.8455,0.8854,0.8455
static,434,0.1389,True,1,1,1,0.8662,0.8981,0.8662
static,435,0.2194,True,1,1,1,0.6721,0.7291,0.6721
static,436,0.1639,True,1,1,1,0.8742,0.8894,0.8742
static,437,0.3000,False,1,1,1,0.6639,0.6793,0.6793
static,438,0.5722,False,1,1,1,0.8627,1.0827,1.0827
static,439,0.2944,True,1,1,1,0.8080,0.8303,0.8080
static,440,0.6944,False,1,1,1,0.8658,1.1088,1.1088
static,441,0.3333,False,1,1,1,0.8826,0.9042,0.9042
static,442,0.3333,False,1,1,1,0.7635,0.8634,0.8634
static,443,0.7389,False,1,1,1,0.9065,0.8933,0.8933
static,444,0.5972,False,1,1,1,0.7910,0.8843,0.8843
static,445,0.5556,False,1,1,1,0.7923,0.8677,0.8677
static,446,0.5361,False,1,1,1,0.8719,0.9509,0.9509
static,447,0.4833,False,1,1,1,0.8250,0.9170,0.9170
static,448,0.1806,True,1,1,1,0.8026,0.8452,0.8026
static,449,0.7194,False,1,1,1,0.8770,0.8220,0.8220
static,450,0.1278,True,1,1,1,0.8866,0.9015,0.8866
static,451,0.1750,True,1,1,1,0.8478,0.8741,0.8478
static,452,0.2861,True,1,1,1,0.8010,0.9061,0.8010
static,453,0.1889,True,1,1,1,0.8167,0.7623,0.8167
static,454,0.5250,False,1,1,1,0.9194,0.9605,0.9605
static,455,0.2389,True,1,1,1,0.8959,0.9152,0.8959
static,456,0.2361,True,1,1,1,0.7238,0.7864,0.7238
static,457,0.7139,False,1,1,1,0.8741,0.9417,0.9417
static,458,0.5694,False,1,1,1,0.9109,1.0771,1.0771
static,459,0.0583,True,1,1,1,0.7503,0.7468,0.7503
static,460,0.2750,True,0,1,0,,,
static,461,0.1083,True,1,1,1,0.8038,0.8134,0.8038
static,462,0.3444,False,1,1,1,0.7788,0.7990,0.7990
static,463,0.2167,True,1,1,1,0.7627,0.8208,0.7627
static,464,0.3222,False,1,1,1,0.6801,0.7232,0.7232
static,465,0.6361,False,1,1,1,0.8653,1.0888,1.0888
static,466,0.1194,True,1,1,1,0.7353,0.7071,0.7353
static,467,0.6528,False,1,1,1,0.7159,0.9340,0.9340
static,468,0.7333,False,1,1,1,0.8912,0.8771,0.8771
static,469,0.5667,False,1,1,1,,,
static,470,0.7500,False,1,1,1,0.8619,1.0250,1.0250
static,471,0.6056,False,1,1,1,0.8439,0.9643,0.9643
static,472,0.5417,False,1,1,1,,,
static,473,0.7500,False,1,1,1,0.8937,0.9362,0.9362
static,474,0.6528,False,1,1,1,0.8418,0.7983,0.7983
static,475,0.2889,True,1,1,1,0.8968,0.9260,0.8968
static,476,0.4167,False,1,1,1,0.5437,0.6877,0.6877
static,477,0.5722,False,0,1,1,,,
static,478,0.4222,False,1,1,1,0.8436,0.9674,0.9674
static,479,0.2111,True,1,1,1,0.7663,0.7427,0.7663
static,480,0.3389,False,1,1,1,0.5902,0.5892,0.5892
static,481,0.4972,False,1,1,1,0.8723,0.8418,0.8418
static,482,0.1389,True,1,1,1,0.8432,0.8231,0.8432
static,483,0.7417,False,1,1,1,0.8391,0.8630,0.8630
static,484,0.3667,False,1,1,1,0.8534,0.9050,0.9050
static,485,0.7444,False,1,1,1,0.8403,0.8902,0.8902
static,486,0.1694,True,1,1,1,0.7453,0.7054,0.7453
static,487,0.1778,True,1,1,1,0.6029,0.8523,0.6029
static,488,0.1472,True,1,1,1,0.9045,0.9514,0.9045
static,489,0.2444,True,1,1,1,0.6286,1.1951,0.6286
static,490,0.1056,True,1,1,1,0.8427,0.8427,0.8427
static,491,0.3917,False,1,1,1,0.9013,0.9139,0.9139
static,492,0.6444,False,1,1,1,0.8509,0.9330,0.9330
static,493,0.6583,False,1,1,1,0.9268,0.9656,0.9656
static,494,0.5028,False,1,1,1,0.7867,0.9163,0.9163
static,495,0.7333,False,1,1,1,0.8811,0.8673,0.8673
static,496,0.3528,False,1,1,1,0.8235,0.9307,0.9307
static,497,0.2778,True,1,1,1,0.7770,0.8257,0.7770
static,498,0.3361,False,1,1,1,0.8233,0.7949,0.7949
static,499,0.7417,False,1,1,1,0.9288,0.9545,0.9545
dynamic,0,0.1611,True,1,1,1,0.7271,0.9143,0.7271
dynamic,1,0.1750,True,1,1,1,0.7501,0.8201,0.7501
dynamic,2,0.2306,True,1,1,1,0.6981,1.2244,0.6981
dynamic,3,0.2278,True,0,0,0,0.0445,0.2686,0.0445
dynamic,4,0.1778,True,1,1,1,0.7130,0.8824,0.7130
dynamic,5,0.7333,False,1,1,1,0.9006,0.9125,0.9125
dynamic,6,0.2306,True,0,1,0,0.2001,1.0310,0.2001
dynamic,7,0.6583,False,1,1,1,0.8631,0.8695,0.8695
dynamic,8,0.2389,True,0,0,0,0.1050,0.1262,0.1050
dynamic,9,0.6583,False,1,1,1,0.9569,1.0256,1.0256
dynamic,10,0.2194,True,0,0,0,0.1716,0.1542,0.1716
dynamic,11,0.6806,False,1,1,1,0.8084,0.9398,0.9398
dynamic,12,0.5278,False,1,1,1,0.7680,0.9537,0.9537
dynamic,13,0.2194,True,0,0,0,0.0835,0.0637,0.0835
dynamic,14,0.5750,False,0,1,1,,,
dynamic,15,0.5694,False,1,1,1,0.8144,0.8816,0.8816
dynamic,16,0.2917,True,1,1,1,0.8289,1.0750,0.8289
dynamic,17,0.0972,True,1,0,1,0.6826,0.3505,0.6826
dynamic,18,0.1917,True,1,1,1,0.8340,0.8879,0.8340
dynamic,19,0.0972,True,0,0,0,0.2389,0.2477,0.2389
dynamic,20,0.1500,True,0,0,0,0.0910,0.0937,0.0910
dynamic,21,0.3361,False,0,0,0,0.4693,0.4802,0.4802
dynamic,22,0.5583,False,0,0,0,0.2866,0.2894,0.2894
dynamic,23,0.2083,True,1,1,1,0.8757,1.0200,0.8757
dynamic,24,0.1583,True,1,1,1,0.8704,0.9198,0.8704
dynamic,25,0.1667,True,1,1,1,0.7539,0.9172,0.7539
dynamic,26,0.4556,False,0,1,1,0.3153,1.5459,1.5459
dynamic,27,0.5500,False,0,0,0,0.0049,0.0056,0.0056
dynamic,28,0.2917,True,0,0,0,0.3483,0.3524,0.3483
dynamic,29,0.3611,False,0,0,0,0.1994,0.1882,0.1882
dynamic,30,0.1583,True,0,0,0,0.2203,0.2338,0.2203
dynamic,31,0.6417,False,1,1,1,0.8902,0.9247,0.9247
dynamic,32,0.7333,False,1,1,1,0.8486,0.8978,0.8978
dynamic,33,0.2556,True,1,1,1,0.8736,0.9357,0.8736
dynamic,34,0.1417,True,1,1,1,0.8652,0.8508,0.8652
dynamic,35,0.7500,False,1,1,1,0.5355,0.6200,0.6200
dynamic,36,0.1556,True,1,1,1,0.5568,0.5663,0.5568
dynamic,37,0.2389,True,1,1,1,,,
dynamic,38,0.1583,True,0,0,0,0.0822,0.0362,0.0822
dynamic,39,0.2500,True,1,1,1,0.7540,0.7028,0.7540
dynamic,40,0.6917,False,0,0,0,0.0032,1.0584,1.0584
dynamic,41,0.6500,False,0,0,0,0.8734,0.8486,0.8486
dynamic,42,0.1278,True,1,1,1,0.8770,0.8496,0.8770
dynamic,43,0.7306,False,1,1,1,0.9085,0.8918,0.8918
dynamic,44,0.2667,True,1,1,1,0.6434,0.7169,0.6434
dynamic,45,0.7139,False,1,1,1,0.8493,1.0116,1.0116
dynamic,46,0.6889,False,1,1,1,0.9279,0.9442,0.9442
dynamic,47,0.5806,False,0,1,1,0.2583,0.9763,0.9763
dynamic,48,0.6278,False,1,1,1,0.8043,0.8453,0.8453
dynamic,49,0.0750,True,0,0,0,0.0558,0.0443,0.0558
dynamic,50,0.2306,True,1,0,1,0.7384,0.3223,0.7384
dynamic,51,0.6194,False,1,1,1,0.8901,0.8986,0.8986
dynamic,52,0.5917,False,1,1,1,0.8819,0.9790,0.9790
dynamic,53,0.7278,False,1,1,1,0.9037,0.8597,0.8597
dynamic,54,0.1833,True,0,0,0,0.1058,0.1074,0.1058
dynamic,55,0.7500,False,0,0,0,0.2107,0.8142,0.8142
dynamic,56,0.5889,False,1,1,1,0.8511,0.9933,0.9933
dynamic,57,0.4611,False,0,0,0,0.0083,0.0124,0.0124
dynamic,58,0.6694,False,1,1,1,0.6064,1.6740,1.6740
dynamic,59,0.1750,True,1,1,1,0.8370,0.9340,0.8370
dynamic,60,0.5417,False,1,1,1,0.7990,1.0795,1.0795
dynamic,61,0.7444,False,1,1,1,0.7640,0.7511,0.7511
dynamic,62,0.1056,True,1,1,1,0.7296,0.9697,0.7296
dynamic,63,0.5833,False,1,1,1,0.8444,0.9399,0.9399
dynamic,64,0.3528,False,0,0,0,0.2038,0.2202,0.2202
dynamic,65,0.7417,False,1,1,1,0.8898,0.9546,0.9546
dynamic,66,0.6444,False,1,1,1,,,
dynamic,67,0.2389,True,1,1,1,0.7877,0.8506,0.7877
dynamic,68,0.1694,True,0,0,0,0.1317,0.1178,0.1317
dynamic,69,0.4361,False,1,1,1,0.7699,0.8309,0.8309
dynamic,70,0.2167,True,1,1,1,0.8007,0.9826,0.8007
dynamic,71,0.0333,True,0,0,0,,,
dynamic,72,0.6444,False,1,1,1,0.9032,0.9406,0.9406
dynamic,73,0.1889,True,1,1,1,0.8626,0.9699,0.8626
dynamic,74,0.3944,False,0,0,0,0.2514,0.2352,0.2352
dynamic,75,0.6306,False,1,1,1,0.8250,0.9030,0.9030
dynamic,76,0.1528,True,0,0,0,0.0917,0.1378,0.0917
dynamic,77,0.1500,True,1,1,1,0.7295,1.3973,0.7295
dynamic,78,0.1444,True,1,1,1,0.8362,0.8849,0.8362
dynamic,79,0.1667,True,1,1,1,0.7224,0.6420,0.7224
dynamic,80,0.0167,True,0,0,0,0.1716,0.2045,0.1716
dynamic,81,0.7389,False,1,1,1,0.9434,0.9227,0.9227
dynamic,82,0.3694,False,0,0,0,0.2418,0.2433,0.2433
dynamic,83,0.5444,False,1,1,1,0.8801,0.9773,0.9773
dynamic,84,0.5944,False,0,1,1,0.2819,0.8393,0.8393
dynamic,85,0.3139,False,1,1,1,0.6558,0.6318,0.6318
dynamic,86,0.1139,True,0,0,0,0.2367,0.2762,0.2367
dynamic,87,0.6833,False,1,1,1,0.9074,0.9156,0.9156
dynamic,88,0.2528,True,1,1,1,0.7943,0.8353,0.7943
dynamic,89,0.5917,False,0,1,1,0.1832,0.9693,0.9693
dynamic,90,0.1194,True,0,0,0,0.2477,0.1823,0.2477
dynamic,91,0.1528,True,0,0,0,0.1628,0.1682,0.1628
dynamic,92,0.2472,True,1,1,1,,,
dynamic,93,0.7278,False,1,1,1,0.7650,0.9322,0.9322
dynamic,94,0.3250,False,1,1,1,0.7234,1.1162,1.1162
dynamic,95,0.0944,True,0,0,0,0.1795,0.2054,0.1795
dynamic,96,0.6972,False,1,1,1,0.8490,0.8405,0.8405
dynamic,97,0.7500,False,1,1,1,0.8730,0.8747,0.8747
dynamic,98,0.5694,False,1,1,1,0.8448,0.9929,0.9929
dynamic,99,0.3278,False,0,0,0,,,
dynamic,100,0.0333,True,1,1,1,0.7338,0.7180,0.7338
dynamic,101,0.0806,True,0,1,0,0.4889,1.1405,0.4889
dynamic,102,0.3417,False,0,0,0,0.4209,0.4095,0.4095
dynamic,103,0.0556,True,0,0,0,0.2342,0.2657,0.2342
dynamic,104,0.2528,True,0,0,0,0.3912,0.3667,0.3912
dynamic,105,0.7250,False,1,1,1,0.8877,0.9242,0.9242
dynamic,106,0.1611,True,1,1,1,0.8405,0.7925,0.8405
dynamic,107,0.2000,True,1,1,1,0.7918,1.1347,0.7918
dynamic,108,0.6556,False,0,0,0,0.8990,0.8861,0.8861
dynamic,109,0.3000,False,1,1,1,0.5597,0.5915,0.5915
dynamic,110,0.1000,True,1,1,1,0.7626,0.8074,0.7626
dynamic,111,0.5667,False,1,1,1,0.8460,0.9629,0.9629
dynamic,112,0.1444,True,1,1,1,,,
dynamic,113,0.7444,False,1,1,1,0.9382,0.9608,0.9608
dynamic,114,0.0889,True,0,0,0,0.2171,0.2376,0.2171
dynamic,115,0.3611,False,0,0,0,0.3884,0.4387,0.4387
dynamic,116,0.2000,True,1,1,1,0.5706,1.1481,0.5706
dynamic,117,0.2222,True,0,0,0,0.0079,0.0067,0.0079
dynamic,118,0.2861,True,0,0,0,0.2412,0.2433,0.2412
dynamic,119,0.6139,False,1,1,1,0.8035,1.1816,1.1816
dynamic,120,0.4333,False,1,1,1,0.9371,0.9848,0.9848
dynamic,121,0.1333,True,0,0,0,0.2433,0.2467,0.2433
dynamic,122,0.5194,False,1,1,1,0.8533,0.8885,0.8885
dynamic,123,0.1583,True,0,0,0,0.3083,0.2580,0.3083
dynamic,124,0.7139,False,1,1,1,0.7336,0.7636,0.7636
dynamic,125,0.1750,True,1,1,1,,,
dynamic,126,0.5917,False,0,0,0,0.0182,0.0192,0.0192
dynamic,127,0.6306,False,1,0,0,0.9127,0.9888,0.9888
dynamic,128,0.4278,False,1,1,1,0.8650,0.9205,0.9205
dynamic,129,0.3556,False,1,1,1,0.6288,0.5448,0.5448
dynamic,130,0.3278,False,0,0,0,0.2463,0.2674,0.2674
dynamic,131,0.7472,False,1,1,1,0.8672,0.8277,0.8277
dynamic,132,0.2111,True,1,0,1,0.7649,0.3688,0.7649
dynamic,133,0.6278,False,1,1,1,0.7803,0.7881,0.7881
dynamic,134,0.6111,False,1,1,1,0.5593,0.5963,0.5963
dynamic,135,0.5917,False,1,1,1,0.6818,1.6376,1.6376
dynamic,136,0.6389,False,1,0,0,0.8892,1.0047,1.0047
dynamic,137,0.3639,False,0,0,0,0.0037,0.0045,0.0045
dynamic,138,0.2861,True,1,1,1,0.8955,0.9292,0.8955
dynamic,139,0.2583,True,0,1,0,0.2106,0.8996,0.2106
dynamic,140,0.7444,False,1,1,1,0.8860,1.0524,1.0524
dynamic,141,0.2611,True,1,1,1,0.7436,0.7530,0.7436
dynamic,142,0.1111,True,1,1,1,0.8209,0.8638,0.8209
dynamic,143,0.6417,False,0,0,0,0.7985,0.7871,0.7871
dynamic,144,0.3667,False,0,0,0,0.1612,0.1530,0.1530
dynamic,145,0.0861,True,1,1,1,0.7311,0.7044,0.7311
dynamic,146,0.7444,False,1,1,1,0.8861,0.8865,0.8865
dynamic,147,0.1639,True,1,1,1,0.8109,0.8675,0.8109
dynamic,148,0.3611,False,1,1,1,0.8223,0.8029,0.8029
dynamic,149,0.7278,False,1,1,1,0.8313,1.4164,1.4164
dynamic,150,0.4778,False,1,1,1,0.8795,0.8739,0.8739
dynamic,151,0.1500,True,0,0,0,0.4294,0.4201,0.4294
dynamic,152,0.7111,False,0,0,0,0.2320,0.9615,0.9615
dynamic,153,0.3028,False,1,1,1,,,
dynamic,154,0.1222,True,0,0,0,0.4269,0.4282,0.4269
dynamic,155,0.7472,False,1,1,1,0.9012,0.9464,0.9464
dynamic,156,0.2889,True,0,1,0,0.1724,0.9171,0.1724
dynamic,157,0.5028,False,0,0,0,0.0101,0.0029,0.0029
dynamic,158,0.7167,False,1,1,1,0.9471,0.9934,0.9934
dynamic,159,0.2028,True,1,1,1,0.8230,0.9320,0.8230
dynamic,160,0.6083,False,1,1,1,0.8489,0.9448,0.9448
dynamic,161,0.7361,False,1,1,1,0.6751,0.7482,0.7482
dynamic,162,0.2333,True,1,1,1,0.8649,0.8438,0.8649
dynamic,163,0.2972,True,0,0,0,0.0336,0.0571,0.0336
dynamic,164,0.6278,False,0,0,0,0.8173,0.7816,0.7816
dynamic,165,0.7417,False,1,1,1,0.8916,0.8791,0.8791
dynamic,166,0.5611,False,1,1,1,0.8226,0.8339,0.8339
dynamic,167,0.2306,True,0,0,0,0.3933,0.3895,0.3933
dynamic,168,0.2889,True,1,0,1,0.8113,0.3566,0.8113
dynamic,169,0.1083,True,0,0,0,0.0903,0.1293,0.0903
dynamic,170,0.2972,True,1,1,1,0.8274,0.8410,0.8274
dynamic,171,0.2361,True,1,1,1,0.7529,1.1147,0.7529
dynamic,172,0.6778,False,1,1,1,0.8586,0.8036,0.8036
dynamic,173,0.1611,True,1,1,1,0.8386,0.9853,0.8386
dynamic,174,0.6250,False,1,1,1,0.8885,0.9238,0.9238
dynamic,175,0.7333,False,1,1,1,,,
dynamic,176,0.4833,False,1,0,0,0.8475,0.9536,0.9536
dynamic,177,0.6278,False,1,1,1,0.8462,1.1888,1.1888
dynamic,178,0.0694,True,1,1,1,0.8810,0.8960,0.8810
dynamic,179,0.2722,True,1,1,1,0.8732,0.9126,0.8732
dynamic,180,0.5972,False,0,0,0,0.2272,0.2334,0.2334
dynamic,181,0.1889,True,1,1,1,,,
dynamic,182,0.1250,True,1,1,1,0.7281,0.8820,0.7281
dynamic,183,0.7139,False,1,1,1,0.8449,0.8508,0.8508
dynamic,184,0.1861,True,1,1,1,0.5936,0.5750,0.5936
dynamic,185,0.2778,True,1,1,1,0.8690,0.8594,0.8690
dynamic,186,0.4917,False,1,0,0,0.9047,0.8697,0.8697
dynamic,187,0.0167,True,0,0,0,0.2872,0.3170,0.2872
dynamic,188,0.3361,False,1,1,1,0.7854,0.8117,0.8117
dynamic,189,0.6500,False,1,0,0,0.9220,0.9882,0.9882
dynamic,190,0.1361,True,0,0,0,0.4326,0.3889,0.4326
dynamic,191,0.1056,True,0,0,0,0.3002,0.2669,0.3002
dynamic,192,0.7222,False,1,1,1,0.8904,0.9111,0.9111
dynamic,193,0.7306,False,1,1,1,0.9281,0.9415,0.9415
dynamic,194,0.2194,True,1,1,1,0.6983,1.0300,0.6983
dynamic,195,0.5917,False,1,1,1,0.7717,1.0946,1.0946
dynamic,196,0.7472,False,1,1,1,0.8556,0.8740,0.8740
dynamic,197,0.6833,False,1,1,1,0.8234,0.8840,0.8840
dynamic,198,0.4889,False,1,1,1,0.8376,1.2568,1.2568
dynamic,199,0.3167,False,1,1,1,0.8701,1.0095,1.0095
dynamic,200,0.4833,False,1,1,1,0.8208,0.8259,0.8259
dynamic,201,0.2278,True,1,1,1,0.6621,0.7810,0.6621
dynamic,202,0.7278,False,1,1,1,0.7169,0.7042,0.7042
dynamic,203,0.4361,False,1,1,1,,,
dynamic,204,0.4833,False,1,1,1,0.9049,1.0511,1.0511
dynamic,205,0.3306,False,0,0,0,,,
dynamic,206,0.6472,False,1,1,1,,,
dynamic,207,0.2611,True,1,1,1,0.5840,0.6544,0.5840
dynamic,208,0.4694,False,0,0,0,0.0043,0.0041,0.0041
dynamic,209,0.6528,False,1,1,1,0.8687,0.9178,0.9178
dynamic,210,0.1778,True,1,1,1,0.5689,0.5417,0.5689
dynamic,211,0.2889,True,0,0,0,0.0052,0.0010,0.0052
dynamic,212,0.2028,True,1,1,1,0.7182,0.9434,0.7182
dynamic,213,0.7167,False,1,1,1,0.9361,1.0183,1.0183
dynamic,214,0.5833,False,1,1,1,0.6600,0.7813,0.7813
dynamic,215,0.7389,False,1,1,1,0.8558,1.0281,1.0281
dynamic,216,0.1972,True,0,0,0,0.1097,0.1141,0.1097
dynamic,217,0.5222,False,0,1,1,0.2801,1.0642,1.0642
dynamic,218,0.3556,False,0,0,0,0.0612,0.0517,0.0517
dynamic,219,0.2056,True,1,1,1,0.7559,0.9677,0.7559
dynamic,220,0.7500,False,1,1,1,0.9297,0.9664,0.9664
dynamic,221,0.3194,False,0,0,0,0.1628,0.1979,0.1979
dynamic,222,0.5639,False,1,1,1,0.7844,0.8648,0.8648
dynamic,223,0.1889,True,0,0,0,0.0512,0.0857,0.0512
dynamic,224,0.7472,False,1,1,1,0.8733,0.8741,0.8741
dynamic,225,0.6833,False,1,1,1,0.9147,0.8756,0.8756
dynamic,226,0.4889,False,1,1,1,0.7813,0.7825,0.7825
dynamic,227,0.1750,True,1,1,1,0.8563,0.8424,0.8563
dynamic,228,0.4972,False,1,1,1,0.8368,0.8699,0.8699
dynamic,229,0.3278,False,1,1,1,0.6826,0.6597,0.6597
dynamic,230,0.1556,True,1,1,1,0.7113,0.7393,0.7113
dynamic,231,0.2972,True,0,0,0,0.0248,0.0274,0.0248
dynamic,232,0.4167,False,1,1,1,0.6926,0.8898,0.8898
dynamic,233,0.2750,True,1,1,1,0.8616,1.0405,0.8616
dynamic,234,0.1750,True,0,0,0,0.2057,0.1872,0.2057
dynamic,235,0.5750,False,1,0,0,0.9032,0.9216,0.9216
dynamic,236,0.2611,True,1,1,1,0.7844,0.7430,0.7844
dynamic,237,0.3389,False,1,1,1,0.8117,0.8118,0.8118
dynamic,238,0.1806,True,0,0,0,0.0514,0.1116,0.0514
dynamic,239,0.6333,False,1,1,1,0.8574,0.9603,0.9603
dynamic,240,0.3750,False,1,1,1,0.7662,1.0862,1.0862
dynamic,241,0.1833,True,1,1,1,0.6062,0.7188,0.6062
dynamic,242,0.3389,False,1,1,1,0.8511,0.8156,0.8156
dynamic,243,0.2972,True,0,0,0,0.0092,0.0047,0.0092
dynamic,244,0.5194,False,0,0,0,0.0043,0.0051,0.0051
dynamic,245,0.1028,True,1,0,1,0.7558,0.1971,0.7558
dynamic,246,0.7278,False,1,1,1,0.8982,0.8703,0.8703
dynamic,247,0.3056,False,0,0,0,0.3185,0.3209,0.3209
dynamic,248,0.2806,True,1,1,1,0.8715,0.8892,0.8715
dynamic,249,0.2278,True,1,1,1,0.7528,0.8240,0.7528
dynamic,250,0.1778,True,1,1,1,0.8374,0.8550,0.8374
dynamic,251,0.6139,False,1,1,1,0.8875,0.9577,0.9577
dynamic,252,0.2972,True,0,0,0,0.0292,0.0235,0.0292
dynamic,253,0.7167,False,0,1,1,0.3603,0.8801,0.8801
dynamic,254,0.5306,False,1,1,1,0.9163,1.0352,1.0352
dynamic,255,0.5361,False,1,1,1,0.6071,0.8163,0.8163
dynamic,256,0.2722,True,0,0,0,0.2395,0.2013,0.2395
dynamic,257,0.1861,True,1,1,1,0.8525,1.0043,0.8525
dynamic,258,0.7417,False,1,0,0,0.8565,0.2847,0.2847
dynamic,259,0.1194,True,1,1,1,0.8075,0.9371,0.8075
dynamic,260,0.2139,True,1,0,1,0.7857,0.3104,0.7857
dynamic,261,0.1556,True,0,0,0,0.0955,0.0621,0.0955
dynamic,262,0.3056,False,1,1,1,0.9189,0.9772,0.9772
dynamic,263,0.2694,True,1,1,1,0.8720,0.8810,0.8720
dynamic,264,0.2139,True,0,0,0,0.1015,0.0980,0.1015
dynamic,265,0.1972,True,1,1,1,0.5586,0.5907,0.5586
dynamic,266,0.5750,False,1,1,1,0.8951,1.1383,1.1383
dynamic,267,0.6389,False,1,1,1,0.8771,0.8899,0.8899
dynamic,268,0.5528,False,1,1,1,0.8240,1.0103,1.0103
dynamic,269,0.6972,False,1,1,1,0.8617,0.8534,0.8534
dynamic,270,0.6500,False,1,1,1,0.9178,0.9456,0.9456
dynamic,271,0.0417,True,1,1,1,0.6358,0.5793,0.6358
dynamic,272,0.7417,False,1,1,1,0.7496,0.6155,0.6155
dynamic,273,0.1417,True,0,0,0,0.2511,0.2374,0.2511
dynamic,274,0.3694,False,0,0,0,0.0026,0.0018,0.0018
dynamic,275,0.0806,True,0,0,0,0.1793,0.2086,0.1793
dynamic,276,0.1861,True,0,0,0,0.2468,0.2976,0.2468
dynamic,277,0.4611,False,1,1,1,0.8153,0.8379,0.8379
dynamic,278,0.6389,False,1,1,1,0.9116,0.9759,0.9759
dynamic,279,0.0500,True,0,0,0,0.3666,0.3456,0.3666
dynamic,280,0.1139,True,0,0,0,0.2582,0.2695,0.2582
dynamic,281,0.1889,True,1,1,1,0.6711,1.2155,0.6711
dynamic,282,0.1806,True,1,1,1,0.7453,0.7522,0.7453
dynamic,283,0.2278,True,0,0,0,0.1247,0.1244,0.1247
dynamic,284,0.1500,True,0,0,0,0.1297,0.1435,0.1297
dynamic,285,0.7000,False,1,1,1,0.8761,0.9182,0.9182
dynamic,286,0.2694,True,1,1,1,0.8905,0.9723,0.8905
dynamic,287,0.7028,False,1,0,0,0.7543,0.4859,0.4859
dynamic,288,0.1944,True,1,1,1,0.6855,0.9092,0.6855
dynamic,289,0.5917,False,1,1,1,0.8552,0.9387,0.9387
dynamic,290,0.4639,False,1,1,1,0.8299,0.8532,0.8532
dynamic,291,0.2250,True,0,0,0,,,
dynamic,292,0.2444,True,0,0,0,0.2500,0.2454,0.2500
dynamic,293,0.1444,True,1,1,1,0.6861,0.7012,0.6861
dynamic,294,0.5167,False,1,0,0,0.8841,0.9189,0.9189
dynamic,295,0.6278,False,1,1,1,0.8751,0.9984,0.9984
dynamic,296,0.3167,False,0,1,1,0.1172,0.9387,0.9387
dynamic,297,0.1889,True,1,0,1,0.8395,0.2367,0.8395
dynamic,298,0.1778,True,0,0,0,0.0762,0.0809,0.0762
dynamic,299,0.4500,False,0,0,0,0.0205,0.0167,0.0167
dynamic,300,0.7333,False,1,1,1,0.9138,0.9195,0.9195
dynamic,301,0.1139,True,0,0,0,0.1174,0.1463,0.1174
dynamic,302,0.7250,False,1,1,1,0.8546,0.9020,0.9020
dynamic,303,0.6944,False,1,1,1,0.7876,0.8606,0.8606
dynamic,304,0.5556,False,1,1,1,,,
dynamic,305,0.5611,False,1,1,1,0.8058,0.8059,0.8059
dynamic,306,0.2278,True,0,0,0,0.0433,0.0422,0.0433
dynamic,307,0.7333,False,1,1,1,0.8542,0.9178,0.9178
dynamic,308,0.2583,True,0,0,0,0.0427,0.0323,0.0427
dynamic,309,0.4917,False,1,1,1,0.8693,0.9771,0.9771
dynamic,310,0.6083,False,1,1,1,0.7885,0.7659,0.7659
dynamic,311,0.1361,True,0,1,0,0.4400,0.8901,0.4400
dynamic,312,0.1250,True,1,0,1,0.7093,0.2404,0.7093
dynamic,313,0.7472,False,1,1,1,,,
dynamic,314,0.2361,True,1,1,1,0.8899,0.8838,0.8899
dynamic,315,0.2611,True,0,0,0,0.3914,0.3507,0.3914
dynamic,316,0.2500,True,0,0,0,0.0993,0.0278,0.0993
dynamic,317,0.7361,False,1,1,1,0.8303,1.0315,1.0315
dynamic,318,0.2194,True,1,0,1,0.8021,0.1575,0.8021
dynamic,319,0.2056,True,0,0,0,0.3995,0.4066,0.3995
dynamic,320,0.5722,False,1,1,1,0.5986,0.6479,0.6479
dynamic,321,0.1417,True,0,0,0,0.1530,0.1491,0.1530
dynamic,322,0.6333,False,1,0,0,0.8754,0.9297,0.9297
dynamic,323,0.6667,False,1,1,1,0.8610,0.8490,0.8490
dynamic,324,0.5278,False,1,1,1,0.9204,0.9632,0.9632
dynamic,325,0.2000,True,1,1,1,0.7502,0.7194,0.7502
dynamic,326,0.1444,True,0,1,0,0.1179,1.0648,0.1179
dynamic,327,0.2694,True,0,0,0,0.2294,0.1943,0.2294
dynamic,328,0.6833,False,1,1,1,0.8879,0.9283,0.9283
dynamic,329,0.1778,True,0,0,0,0.3740,0.3747,0.3740
dynamic,330,0.4750,False,1,1,1,0.7899,0.8566,0.8566
dynamic,331,0.6333,False,1,1,1,0.8315,0.8294,0.8294
dynamic,332,0.7056,False,1,1,1,0.8279,0.9725,0.9725
dynamic,333,0.3583,False,1,1,1,0.8027,1.0403,1.0403
dynamic,334,0.7083,False,1,1,1,0.8473,1.0026,1.0026
dynamic,335,0.1500,True,1,1,1,0.6561,0.7088,0.6561
dynamic,336,0.2222,True,1,1,1,,,
dynamic,337,0.2528,True,1,1,1,0.7541,0.8673,0.7541
dynamic,338,0.1889,True,1,1,1,0.8664,0.8780,0.8664
dynamic,339,0.1861,True,1,1,1,0.5025,0.5364,0.5025
dynamic,340,0.2861,True,0,0,0,0.0150,0.0169,0.0150
dynamic,341,0.6111,False,0,0,0,,,
dynamic,342,0.1694,True,1,1,1,0.7976,0.9112,0.7976
dynamic,343,0.2778,True,1,1,1,0.8917,0.8807,0.8917
dynamic,344,0.4056,False,0,1,1,0.0267,1.1581,1.1581
dynamic,345,0.2833,True,0,0,0,0.2396,0.2385,0.2396
dynamic,346,0.2917,True,0,0,0,0.3641,0.4049,0.3641
dynamic,347,0.1833,True,0,0,0,0.1778,0.2104,0.1778
dynamic,348,0.6667,False,1,1,1,0.8232,0.9697,0.9697
dynamic,349,0.2306,True,1,1,1,0.8559,1.0099,0.8559
dynamic,350,0.1167,True,0,0,0,0.0595,0.0479,0.0595
dynamic,351,0.2194,True,1,1,1,0.7373,0.8884,0.7373
dynamic,352,0.5139,False,1,1,1,0.8560,1.0099,1.0099
dynamic,353,0.6889,False,1,1,1,0.8416,0.8867,0.8867
dynamic,354,0.3389,False,0,0,0,0.1955,0.1709,0.1709
dynamic,355,0.3694,False,0,0,0,0.0050,0.0048,0.0048
dynamic,356,0.1111,True,1,1,1,0.7789,0.7653,0.7789
dynamic,357,0.1833,True,1,1,1,0.5688,0.5701,0.5688
dynamic,358,0.7028,False,1,1,1,0.8629,0.9992,0.9992
dynamic,359,0.7417,False,1,1,1,,,
dynamic,360,0.6306,False,0,0,0,0.7545,0.7375,0.7375
dynamic,361,0.6833,False,1,1,1,0.7449,0.8954,0.8954
dynamic,362,0.1917,True,0,0,0,0.0362,0.0820,0.0362
dynamic,363,0.7500,False,1,1,1,0.8831,0.8623,0.8623
dynamic,364,0.4500,False,1,1,1,0.8513,1.7337,1.7337
dynamic,365,0.5111,False,1,1,1,0.8341,0.8421,0.8421
dynamic,366,0.4583,False,1,1,1,0.9041,0.9827,0.9827
dynamic,367,0.2306,True,0,0,0,,,
dynamic,368,0.1528,True,0,0,0,0.1329,0.1734,0.1329
dynamic,369,0.6833,False,1,1,1,0.9159,0.9298,0.9298
dynamic,370,0.3556,False,1,1,1,0.6083,0.5997,0.5997
dynamic,371,0.1611,True,1,1,1,0.8627,0.8680,0.8627
dynamic,372,0.1389,True,1,1,1,0.7732,0.8048,0.7732
dynamic,373,0.1750,True,1,1,1,0.7979,1.0710,0.7979
dynamic,374,0.3083,False,0,0,0,0.0364,0.0744,0.0744
dynamic,375,0.7417,False,1,1,1,0.8865,0.9600,0.9600
dynamic,376,0.3222,False,1,1,1,0.7806,0.8329,0.8329
dynamic,377,0.1028,True,1,1,1,0.7532,0.8329,0.7532
dynamic,378,0.0389,True,0,0,0,0.5397,0.4901,0.5397
dynamic,379,0.5000,False,1,1,1,0.8829,0.8915,0.8915
dynamic,380,0.2611,True,1,1,1,0.8276,0.8586,0.8276
dynamic,381,0.4750,False,1,1,1,0.8281,0.8405,0.8405
dynamic,382,0.2250,True,1,1,1,0.8354,0.8896,0.8354
dynamic,383,0.1444,True,1,1,1,0.8403,1.0237,0.8403
dynamic,384,0.2444,True,1,1,1,0.8669,0.9246,0.8669
dynamic,385,0.1472,True,0,0,0,0.2135,0.2652,0.2135
dynamic,386,0.5694,False,1,1,1,0.8026,1.1178,1.1178
dynamic,387,0.7167,False,0,0,0,0.0034,0.0025,0.0025
dynamic,388,0.1472,True,0,0,0,0.1470,0.1458,0.1470
dynamic,389,0.6417,False,1,1,1,0.7916,0.9553,0.9553
dynamic,390,0.6778,False,1,1,1,0.8322,0.8611,0.8611
dynamic,391,0.1694,True,1,1,1,0.8740,0.9639,0.8740
dynamic,392,0.0722,True,0,0,0,0.3305,0.2685,0.3305
dynamic,393,0.1972,True,1,1,1,0.8728,0.9550,0.8728
dynamic,394,0.2889,True,1,1,1,0.8505,1.1568,0.8505
dynamic,395,0.1444,True,1,1,1,0.8024,0.7824,0.8024
dynamic,396,0.2222,True,1,0,1,0.8082,0.2530,0.8082
dynamic,397,0.3333,False,0,0,0,0.3194,0.2843,0.2843
dynamic,398,0.5556,False,1,1,1,0.8305,0.8341,0.8341
dynamic,399,0.1611,True,1,1,1,0.6351,0.8136,0.6351
dynamic,400,0.6167,False,1,1,1,0.7298,0.7470,0.7470
dynamic,401,0.1083,True,0,0,0,0.1629,0.1524,0.1629
dynamic,402,0.4667,False,1,1,1,0.8776,1.0033,1.0033
dynamic,403,0.3056,False,1,1,1,0.5666,1.5866,1.5866
dynamic,404,0.5639,False,1,0,0,0.8448,0.3343,0.3343
dynamic,405,0.2806,True,0,0,0,0.3067,0.3118,0.3067
dynamic,406,0.2222,True,1,1,1,0.7956,0.9927,0.7956
dynamic,407,0.5806,False,1,1,1,0.7035,0.7312,0.7312
dynamic,408,0.1056,True,0,0,0,0.1621,0.1224,0.1621
dynamic,409,0.4833,False,0,0,0,0.1148,0.0946,0.0946
dynamic,410,0.7194,False,1,1,1,0.9246,0.9704,0.9704
dynamic,411,0.1306,True,0,0,0,0.2174,0.1927,0.2174
dynamic,412,0.5056,False,1,1,1,0.7826,0.9953,0.9953
dynamic,413,0.2028,True,1,1,1,,,
dynamic,414,0.2917,True,1,1,1,0.6951,0.7059,0.6951
dynamic,415,0.3278,False,1,1,1,0.8332,0.8901,0.8901
dynamic,416,0.1722,True,0,0,0,0.1684,0.1291,0.1684
dynamic,417,0.1472,True,1,1,1,0.7053,0.7633,0.7053
dynamic,418,0.4500,False,1,1,1,0.8726,1.0155,1.0155
dynamic,419,0.4528,False,1,1,1,0.8892,1.1326,1.1326
dynamic,420,0.1139,True,1,1,1,0.8043,0.9207,0.8043
dynamic,421,0.1750,True,0,0,0,0.1106,0.1271,0.1106
dynamic,422,0.1778,True,0,0,0,0.0311,0.0205,0.0311
dynamic,423,0.1944,True,1,0,1,0.8126,0.1980,0.8126
dynamic,424,0.4889,False,1,1,1,,,
dynamic,425,0.4306,False,1,1,1,0.8481,0.9211,0.9211
dynamic,426,0.7139,False,0,0,0,,,
dynamic,427,0.5778,False,1,1,1,0.8448,0.8700,0.8700
dynamic,428,0.6417,False,1,1,1,0.8397,1.4140,1.4140
dynamic,429,0.5417,False,0,0,0,0.0042,0.0162,0.0162
dynamic,430,0.6028,False,1,1,1,0.7958,0.9753,0.9753
dynamic,431,0.7500,False,1,1,1,0.8534,0.8803,0.8803
dynamic,432,0.7472,False,1,1,1,0.8695,0.8913,0.8913
dynamic,433,0.1917,True,0,0,0,0.2451,0.2416,0.2451
dynamic,434,0.1389,True,1,1,1,0.8662,0.9245,0.8662
dynamic,435,0.2194,True,0,0,0,0.3079,0.3073,0.3079
dynamic,436,0.1639,True,1,1,1,0.8742,1.0132,0.8742
dynamic,437,0.3000,False,1,0,0,0.6639,0.6862,0.6862
dynamic,438,0.5722,False,1,1,1,0.8627,1.1494,1.1494
dynamic,439,0.2944,True,1,1,1,0.8080,0.8810,0.8080
dynamic,440,0.6944,False,1,0,0,0.8658,1.1787,1.1787
dynamic,441,0.3333,False,0,0,0,0.0065,0.0029,0.0029
dynamic,442,0.3333,False,0,0,0,0.0366,0.0167,0.0167
dynamic,443,0.7389,False,1,1,1,0.9065,0.9108,0.9108
dynamic,444,0.5972,False,1,1,1,0.7910,0.9058,0.9058
dynamic,445,0.5556,False,1,1,1,0.7923,0.8220,0.8220
dynamic,446,0.5361,False,1,1,1,0.8719,0.9656,0.9656
dynamic,447,0.4833,False,1,1,1,0.8250,0.8865,0.8865
dynamic,448,0.1806,True,1,1,1,0.8026,1.0201,0.8026
dynamic,449,0.7194,False,1,1,1,0.8770,0.8337,0.8337
dynamic,450,0.1278,True,0,0,0,0.2199,0.2030,0.2199
dynamic,451,0.1750,True,0,0,0,0.1289,0.1441,0.1289
dynamic,452,0.2861,True,0,0,0,0.2750,0.2973,0.2750
dynamic,453,0.1889,True,1,1,1,0.8167,0.9553,0.8167
dynamic,454,0.5250,False,0,1,1,0.1598,0.9572,0.9572
dynamic,455,0.2389,True,0,0,0,0.0479,0.0615,0.0479
dynamic,456,0.2361,True,0,0,0,0.0255,0.0207,0.0255
dynamic,457,0.7139,False,1,0,0,0.8741,0.8896,0.8896
dynamic,458,0.5694,False,1,1,1,0.9109,1.0972,1.0972
dynamic,459,0.0583,True,0,0,0,0.1277,0.1058,0.1277
dynamic,460,0.2750,True,0,0,0,,,
dynamic,461,0.1083,True,0,0,0,0.2875,0.2878,0.2875
dynamic,462,0.3444,False,1,1,1,0.7788,0.8039,0.8039
dynamic,463,0.2167,True,1,0,1,0.7627,0.3673,0.7627
dynamic,464,0.3222,False,1,1,1,0.6801,0.7323,0.7323
dynamic,465,0.6361,False,1,1,1,0.8653,1.1422,1.1422
dynamic,466,0.1194,True,0,0,0,0.1573,0.1762,0.1573
dynamic,467,0.6528,False,1,1,1,0.7159,1.1103,1.1103
dynamic,468,0.7333,False,1,1,1,0.8912,0.8705,0.8705
dynamic,469,0.5667,False,1,1,1,,,
dynamic,470,0.7500,False,1,1,1,0.8619,0.9908,0.9908
dynamic,471,0.1056,True,0,0,0,0.4083,0.4200,0.4083
dynamic,472,0.1944,True,0,0,0,0.2289,0.2288,0.2289
dynamic,473,0.7500,False,1,1,1,0.8937,0.9519,0.9519
dynamic,474,0.6528,False,1,1,1,0.8418,0.8045,0.8045
dynamic,475,0.2889,True,0,0,0,0.1216,0.1094,0.1216
dynamic,476,0.4167,False,1,1,1,0.5437,0.7678,0.7678
dynamic,477,0.5722,False,1,1,1,0.8128,1.1108,1.1108
dynamic,478,0.4222,False,0,0,0,0.2491,0.2825,0.2825
dynamic,479,0.2111,True,1,1,1,0.7663,0.9556,0.7663
dynamic,480,0.3389,False,1,1,1,0.5902,0.5941,0.5941
dynamic,481,0.4972,False,1,0,0,0.8723,0.2285,0.2285
dynamic,482,0.1389,True,0,0,0,0.1708,0.1814,0.1708
dynamic,483,0.7417,False,1,1,1,0.8391,0.8730,0.8730
dynamic,484,0.3667,False,0,0,0,0.1770,0.1666,0.1666
dynamic,485,0.7444,False,1,1,1,0.8403,0.8972,0.8972
dynamic,486,0.1694,True,0,0,0,0.3701,0.3771,0.3701
dynamic,487,0.1778,True,1,0,1,0.6029,0.3153,0.6029
dynamic,488,0.1472,True,1,1,1,0.9045,0.9650,0.9045
dynamic,489,0.2444,True,1,1,1,0.6286,0.7410,0.6286
dynamic,490,0.1056,True,0,0,0,0.1999,0.1962,0.1999
dynamic,491,0.3917,False,1,1,1,0.9013,0.9168,0.9168
dynamic,492,0.6444,False,1,1,1,0.8509,0.9699,0.9699
dynamic,493,0.6583,False,0,0,0,0.8118,0.7650,0.7650
dynamic,494,0.5028,False,1,1,1,0.7867,0.9310,0.9310
dynamic,495,0.7333,False,1,1,1,0.8811,0.8736,0.8736
dynamic,496,0.3528,False,0,0,0,0.0034,0.0030,0.0030
dynamic,497,0.2778,True,0,0,0,0.0250,0.0588,0.0250
dynamic,498,0.3361,False,1,1,1,0.8233,0.7982,0.7982
dynamic,499,0.2111,True,1,1,1,0.6886,0.6931,0.6886
dynamic_multi,0,0.1611,True,1,1,1,0.7271,0.7885,0.7271
dynamic_multi,1,0.1750,True,1,1,1,0.7501,0.7777,0.7501
dynamic_multi,2,0.2306,True,0,0,0,0.4498,0.3819,0.4498
dynamic_multi,3,0.2278,True,0,0,0,0.0445,0.1753,0.0445
dynamic_multi,4,0.1778,True,0,0,0,0.5769,0.5305,0.5769
dynamic_multi,5,0.1111,True,1,0,1,0.8087,0.3707,0.8087
dynamic_multi,6,0.2306,True,0,0,0,0.0162,0.0155,0.0162
dynamic_multi,7,0.6583,False,1,1,1,0.8631,0.8689,0.8689
dynamic_multi,8,0.2389,True,0,0,0,0.1050,0.1233,0.1050
dynamic_multi,9,0.6583,False,0,0,0,0.7440,0.7330,0.7330
dynamic_multi,10,0.2194,True,0,0,0,0.1716,0.1538,0.1716
dynamic_multi,11,0.6806,False,1,1,1,0.8084,0.9396,0.9396
dynamic_multi,12,0.5278,False,0,1,1,0.4288,1.0294,1.0294
dynamic_multi,13,0.2194,True,0,0,0,0.0835,0.0622,0.0835
dynamic_multi,14,0.5750,False,0,1,1,,,
dynamic_multi,15,0.5694,False,1,1,1,0.8144,0.9102,0.9102
dynamic_multi,16,0.2917,True,0,0,0,0.2956,0.3202,0.2956
dynamic_multi,17,0.0972,True,0,0,0,0.5300,0.4733,0.5300
dynamic_multi,18,0.1917,True,0,0,0,0.3367,0.3805,0.3367
dynamic_multi,19,0.0972,True,0,0,0,0.2389,0.2409,0.2389
dynamic_multi,20,0.1500,True,0,0,0,0.0910,0.0976,0.0910
dynamic_multi,21,0.3361,False,0,0,0,0.4693,0.4830,0.4830
dynamic_multi,22,0.5583,False,0,0,0,0.2866,0.2810,0.2810
dynamic_multi,23,0.2083,True,0,0,0,0.2294,0.2341,0.2294
dynamic_multi,24,0.1583,True,1,1,1,0.8704,1.2729,0.8704
dynamic_multi,25,0.1667,True,0,0,0,0.3235,0.3626,0.3235
dynamic_multi,26,0.4556,False,0,0,0,0.0060,0.0035,0.0035
dynamic_multi,27,0.5500,False,0,0,0,0.0049,0.0059,0.0059
dynamic_multi,28,0.2917,True,0,0,0,0.3483,0.3930,0.3483
dynamic_multi,29,0.3611,False,0,0,0,0.1994,0.1841,0.1841
dynamic_multi,30,0.1583,True,0,0,0,0.1913,0.2028,0.1913
dynamic_multi,31,0.6417,False,1,1,1,0.8902,0.9480,0.9480
dynamic_multi,32,0.0722,True,1,1,1,0.6805,0.7531,0.6805
dynamic_multi,33,0.2556,True,0,0,0,0.2095,0.1934,0.2095
dynamic_multi,34,0.1417,True,1,1,1,0.8652,0.8384,0.8652
dynamic_multi,35,0.7500,False,1,1,1,0.5355,0.6723,0.6723
dynamic_multi,36,0.1556,True,1,1,1,0.5568,0.5564,0.5568
dynamic_multi,37,0.2389,True,0,1,0,,,
dynamic_multi,38,0.1583,True,0,0,0,0.0822,0.0355,0.0822
dynamic_multi,39,0.2500,True,0,0,0,0.5484,0.5852,0.5484
dynamic_multi,40,0.6917,False,0,0,0,0.0029,0.7323,0.7323
dynamic_multi,41,0.6500,False,0,0,0,0.2567,0.8911,0.8911
dynamic_multi,42,0.1278,True,0,0,0,0.2331,0.2663,0.2331
dynamic_multi,43,0.7306,False,1,1,1,0.9085,0.8970,0.8970
dynamic_multi,44,0.2667,True,0,0,0,0.4047,0.4396,0.4047
dynamic_multi,45,0.7139,False,0,0,0,0.2956,0.9967,0.9967
dynamic_multi,46,0.6889,False,1,1,1,0.9279,0.9482,0.9482
dynamic_multi,47,0.5806,False,0,1,1,0.2583,0.9673,0.9673
dynamic_multi,48,0.6278,False,1,1,1,0.8043,0.9390,0.9390
dynamic_multi,49,0.0750,True,0,0,0,0.1705,0.1318,0.1705
dynamic_multi,50,0.2306,True,0,0,0,0.0933,0.1135,0.0933
dynamic_multi,51,0.6194,False,0,1,1,0.6542,1.0989,1.0989
dynamic_multi,52,0.5917,False,1,1,1,0.8819,1.0324,1.0324
dynamic_multi,53,0.2194,True,0,0,0,0.1374,0.1070,0.1374
dynamic_multi,54,0.1833,True,0,0,0,0.1058,0.1074,0.1058
dynamic_multi,55,0.7500,False,0,0,0,0.2107,0.8268,0.8268
dynamic_multi,56,0.5889,False,0,0,0,0.2843,0.2354,0.2354
dynamic_multi,57,0.4611,False,0,0,0,0.0083,0.0113,0.0113
dynamic_multi,58,0.6694,False,1,0,0,0.6064,1.0804,1.0804
dynamic_multi,59,0.1750,True,0,0,0,0.3729,0.3736,0.3729
dynamic_multi,60,0.5417,False,0,0,0,0.0038,0.0105,0.0105
dynamic_multi,61,0.7444,False,1,1,1,0.7640,0.7542,0.7542
dynamic_multi,62,0.1056,True,1,0,1,0.7296,0.4340,0.7296
dynamic_multi,63,0.5833,False,0,0,0,0.2775,0.2865,0.2865
dynamic_multi,64,0.3528,False,0,0,0,0.2038,0.2262,0.2262
dynamic_multi,65,0.7417,False,0,0,0,0.5671,0.6142,0.6142
dynamic_multi,66,0.5306,False,1,0,0,0.8749,0.8366,0.8366
dynamic_multi,67,0.2389,True,1,1,1,0.7877,1.1907,0.7877
dynamic_multi,68,0.1694,True,0,0,0,0.1012,0.1054,0.1012
dynamic_multi,69,0.4361,False,1,1,1,0.7699,1.0434,1.0434
dynamic_multi,70,0.2167,True,1,1,1,0.8007,1.0009,0.8007
dynamic_multi,71,0.0333,True,0,0,0,,,
dynamic_multi,72,0.6444,False,1,1,1,0.9032,0.9722,0.9722
dynamic_multi,73,0.1889,True,0,0,0,0.3021,0.3144,0.3021
dynamic_multi,74,0.3944,False,0,0,0,,,
dynamic_multi,75,0.6306,False,1,1,1,0.8250,0.9108,0.9108
dynamic_multi,76,0.1528,True,0,0,0,0.0642,0.0711,0.0642
dynamic_multi,77,0.1500,True,1,1,1,0.7295,1.4713,0.7295
dynamic_multi,78,0.1444,True,0,1,0,0.2209,1.0436,0.2209
dynamic_multi,79,0.1667,True,1,1,1,0.7224,0.6466,0.7224
dynamic_multi,80,0.0167,True,0,0,0,0.1517,0.1570,0.1517
dynamic_multi,81,0.7389,False,0,1,1,0.8356,1.0231,1.0231
dynamic_multi,82,0.3694,False,0,0,0,0.5404,0.5478,0.5478
dynamic_multi,83,0.5444,False,0,1,1,0.3006,1.0203,1.0203
dynamic_multi,84,0.5944,False,0,1,1,0.2819,0.8768,0.8768
dynamic_multi,85,0.3139,False,1,1,1,0.6558,0.6938,0.6938
dynamic_multi,86,0.1139,True,0,0,0,0.2367,0.2417,0.2367
dynamic_multi,87,0.6833,False,1,1,1,0.9074,0.9333,0.9333
dynamic_multi,88,0.2528,True,1,1,1,0.7943,0.8239,0.7943
dynamic_multi,89,0.5917,False,0,0,0,0.1832,0.7382,0.7382
dynamic_multi,90,0.1194,True,0,0,0,0.2477,0.1205,0.2477
dynamic_multi,91,0.1528,True,0,0,0,0.1628,0.1112,0.1628
dynamic_multi,92,0.2472,True,0,0,0,,,
dynamic_multi,93,0.7278,False,1,1,1,0.7650,0.8193,0.8193
dynamic_multi,94,0.3250,False,1,1,1,0.7234,1.4585,1.4585
dynamic_multi,95,0.0944,True,0,0,0,0.1795,0.1795,0.1795
dynamic_multi,96,0.6972,False,1,1,1,0.8490,0.8037,0.8037
dynamic_multi,97,0.7500,False,0,0,0,0.3049,0.9849,0.9849
dynamic_multi,98,0.5694,False,0,0,0,0.2334,0.2084,0.2084
dynamic_multi,99,0.3278,False,0,0,0,,,
dynamic_multi,100,0.0333,True,1,0,1,0.7338,0.5857,0.7338
dynamic_multi,101,0.0806,True,0,1,0,0.4889,1.3533,0.4889
dynamic_multi,102,0.3417,False,0,0,0,0.4209,0.4081,0.4081
dynamic_multi,103,0.0556,True,0,0,0,0.2342,0.2237,0.2342
dynamic_multi,104,0.2528,True,0,0,0,0.2023,0.2211,0.2023
dynamic_multi,105,0.7250,False,1,1,1,0.8877,0.9721,0.9721
dynamic_multi,106,0.1611,True,0,0,0,0.2656,0.2165,0.2656
dynamic_multi,107,0.2000,True,0,1,0,0.3273,1.2399,0.3273
dynamic_multi,108,0.6556,False,0,0,0,0.8990,0.8983,0.8983
dynamic_multi,109,0.3000,False,0,0,0,0.1345,0.0574,0.0574
dynamic_multi,110,0.1000,True,1,1,1,0.7626,0.8739,0.7626
dynamic_multi,111,0.5667,False,1,0,0,0.8460,0.7982,0.7982
dynamic_multi,112,0.1444,True,0,0,0,,,
dynamic_multi,113,0.7444,False,0,0,0,0.8007,0.2320,0.2320
dynamic_multi,114,0.0889,True,0,0,0,0.2171,0.2051,0.2171
dynamic_multi,115,0.3611,False,0,0,0,0.3884,0.4481,0.4481
dynamic_multi,116,0.2000,True,1,1,1,0.5706,0.6315,0.5706
dynamic_multi,117,0.2222,True,0,0,0,0.0079,0.0065,0.0079
dynamic_multi,118,0.2861,True,0,0,0,0.2412,0.2506,0.2412
dynamic_multi,119,0.6139,False,0,1,1,0.3556,1.3048,1.3048
dynamic_multi,120,0.4333,False,0,0,0,0.0092,0.3142,0.3142
dynamic_multi,121,0.1333,True,0,0,0,0.2433,0.2805,0.2433
dynamic_multi,122,0.5194,False,0,0,0,0.3132,0.3178,0.3178
dynamic_multi,123,0.1583,True,0,0,0,0.3083,0.2351,0.3083
dynamic_multi,124,0.7222,False,1,1,1,0.8629,0.8654,0.8654
dynamic_multi,125,0.1750,True,1,1,1,,,
dynamic_multi,126,0.5917,False,0,0,0,0.0182,0.0186,0.0186
dynamic_multi,127,0.6306,False,1,0,0,0.9127,0.9826,0.9826
dynamic_multi,128,0.4278,False,1,1,1,0.8650,1.0211,1.0211
dynamic_multi,129,0.3556,False,1,1,1,0.6288,0.5508,0.5508
dynamic_multi,130,0.3278,False,1,0,0,0.6449,0.7469,0.7469
dynamic_multi,131,0.2278,True,0,0,0,0.1606,0.2120,0.1606
dynamic_multi,132,0.2111,True,0,0,0,0.4456,0.3846,0.4456
dynamic_multi,133,0.6278,False,1,0,0,0.7803,0.2792,0.2792
dynamic_multi,134,0.6111,False,1,1,1,0.5593,0.5999,0.5999
dynamic_multi,135,0.5917,False,1,1,1,0.6818,0.9332,0.9332
dynamic_multi,136,0.6389,False,1,1,1,0.8892,1.2061,1.2061
dynamic_multi,137,0.3639,False,0,0,0,0.0037,0.0044,0.0044
dynamic_multi,138,0.2861,True,1,1,1,0.7123,0.7617,0.7123
dynamic_multi,139,0.2583,True,0,0,0,0.0530,0.0420,0.0530
dynamic_multi,140,0.2111,True,0,0,0,0.0472,0.0844,0.0472
dynamic_multi,141,0.2611,True,1,0,1,0.7436,0.3717,0.7436
dynamic_multi,142,0.1111,True,0,0,0,0.2440,0.2773,0.2440
dynamic_multi,143,0.6417,False,0,0,0,0.2256,0.7898,0.7898
dynamic_multi,144,0.3667,False,0,0,0,0.0273,0.0281,0.0281
dynamic_multi,145,0.0861,True,0,0,0,0.5092,0.4562,0.5092
dynamic_multi,146,0.1556,True,0,0,0,0.1483,0.1496,0.1483
dynamic_multi,147,0.1639,True,0,0,0,0.3619,0.3232,0.3619
dynamic_multi,148,0.3611,False,0,0,0,0.0176,0.0178,0.0178
dynamic_multi,149,0.7278,False,1,0,0,0.8313,1.4009,1.4009
dynamic_multi,150,0.4778,False,0,0,0,0.6394,0.6418,0.6418
dynamic_multi,151,0.1500,True,0,0,0,0.2971,0.2890,0.2971
dynamic_multi,152,0.7111,False,0,1,1,0.2320,0.9376,0.9376
dynamic_multi,153,0.3028,False,0,0,0,0.0083,0.0065,0.0065
dynamic_multi,154,0.1222,True,0,0,0,0.4269,0.4798,0.4269
dynamic_multi,155,0.7472,False,0,1,1,0.7349,1.0607,1.0607
dynamic_multi,156,0.2889,True,0,0,0,0.1724,0.2226,0.1724
dynamic_multi,157,0.5028,False,0,0,0,0.0101,0.0030,0.0030
dynamic_multi,158,0.7167,False,0,0,0,0.6675,0.6552,0.6552
dynamic_multi,159,0.2028,True,1,1,1,0.8230,0.9329,0.8230
dynamic_multi,160,0.6083,False,0,1,1,0.3893,1.0081,1.0081
dynamic_multi,161,0.7361,False,1,1,1,0.6751,0.7439,0.7439
dynamic_multi,162,0.2333,True,0,0,0,0.3040,0.3252,0.3040
dynamic_multi,163,0.2972,True,0,0,0,0.0336,0.0570,0.0336
dynamic_multi,164,0.6278,False,0,0,0,0.7726,0.7833,0.7833
dynamic_multi,165,0.7417,False,1,1,1,0.8916,0.8713,0.8713
dynamic_multi,166,0.5611,False,1,0,0,0.8226,0.2089,0.2089
dynamic_multi,167,0.2306,True,0,0,0,0.3933,0.4231,0.3933
dynamic_multi,168,0.2889,True,1,1,1,0.8113,1.1662,0.8113
dynamic_multi,169,0.1083,True,0,0,0,0.0903,0.1219,0.0903
dynamic_multi,170,0.2972,True,0,0,0,0.3895,0.3530,0.3895
dynamic_multi,171,0.2361,True,1,0,1,0.7529,0.4403,0.7529
dynamic_multi,172,0.6778,False,1,0,0,0.8586,0.3354,0.3354
dynamic_multi,173,0.1611,True,0,0,0,0.2336,0.2664,0.2336
dynamic_multi,174,0.6250,False,1,0,0,0.8885,0.8567,0.8567
dynamic_multi,175,0.7333,False,1,1,1,,,
dynamic_multi,176,0.4833,False,0,1,1,0.4422,0.9922,0.9922
dynamic_multi,177,0.3222,False,1,1,1,0.6597,1.4729,1.4729
dynamic_multi,178,0.0694,True,1,1,1,0.8810,0.8812,0.8810
dynamic_multi,179,0.2722,True,1,0,1,0.8732,0.9446,0.8732
dynamic_multi,180,0.5972,False,0,0,0,0.2272,0.2326,0.2326
dynamic_multi,181,0.1889,True,0,0,0,,,
dynamic_multi,182,0.1250,True,0,0,0,0.4299,0.4445,0.4299
dynamic_multi,183,0.7139,False,1,1,1,0.8449,0.8626,0.8626
dynamic_multi,184,0.1861,True,1,1,1,0.5936,0.5969,0.5936
dynamic_multi,185,0.2778,True,0,0,0,0.2075,0.2068,0.2075
dynamic_multi,186,0.4917,False,0,0,0,0.2097,0.8849,0.8849
dynamic_multi,187,0.0167,True,0,0,0,0.2872,0.2501,0.2872
dynamic_multi,188,0.3361,False,1,0,0,0.7854,0.3782,0.3782
dynamic_multi,189,0.6500,False,0,0,0,0.2850,1.0032,1.0032
dynamic_multi,190,0.1361,True,0,0,0,0.4326,0.4928,0.4326
dynamic_multi,191,0.1056,True,0,0,0,0.3002,0.2970,0.3002
dynamic_multi,192,0.7222,False,1,1,1,0.8904,0.9325,0.9325
dynamic_multi,193,0.7306,False,0,0,0,0.7470,0.7137,0.7137
dynamic_multi,194,0.2194,True,0,0,0,0.0535,0.0542,0.0535
dynamic_multi,195,0.5917,False,1,1,1,0.7717,1.1434,1.1434
dynamic_multi,196,0.7472,False,1,1,1,0.8556,0.8897,0.8897
dynamic_multi,197,0.1417,True,0,0,0,0.4069,0.4820,0.4069
dynamic_multi,198,0.4889,False,0,0,0,0.0049,0.0011,0.0011
dynamic_multi,199,0.3167,False,0,0,0,0.2090,0.2415,0.2415
dynamic_multi,200,0.4833,False,0,0,0,0.3463,0.3596,0.3596
dynamic_multi,201,0.2278,True,0,0,0,0.6017,0.4888,0.6017
dynamic_multi,202,0.7278,False,1,1,1,0.7169,0.7090,0.7090
dynamic_multi,203,0.4361,False,1,0,0,,,
dynamic_multi,204,0.4833,False,1,0,0,0.9049,0.3416,0.3416
dynamic_multi,205,0.3306,False,0,0,0,,,
dynamic_multi,206,0.6472,False,1,1,1,,,
dynamic_multi,207,0.2611,True,0,0,0,0.1450,0.1552,0.1450
dynamic_multi,208,0.4694,False,0,0,0,0.0043,0.0038,0.0038
dynamic_multi,209,0.6528,False,1,1,1,0.8687,0.9228,0.9228
dynamic_multi,210,0.1778,True,1,1,1,0.5689,0.5484,0.5689
dynamic_multi,211,0.2889,True,0,0,0,0.0052,0.0017,0.0052
dynamic_multi,212,0.2028,True,1,0,1,0.7182,0.4676,0.7182
dynamic_multi,213,0.7167,False,0,1,1,0.7677,1.1703,1.1703
dynamic_multi,214,0.5833,False,0,0,0,0.0208,0.0304,0.0304
dynamic_multi,215,0.7389,False,0,1,1,0.2817,1.1969,1.1969
dynamic_multi,216,0.1972,True,0,0,0,0.0279,0.0194,0.0279
dynamic_multi,217,0.5222,False,0,1,1,0.2801,1.0600,1.0600
dynamic_multi,218,0.3556,False,0,0,0,0.0612,0.0523,0.0523
dynamic_multi,219,0.2056,True,1,1,1,0.7559,1.0249,0.7559
dynamic_multi,220,0.5528,False,0,0,0,0.0025,0.0019,0.0019
dynamic_multi,221,0.3194,False,0,0,0,0.0070,0.0056,0.0056
dynamic_multi,222,0.5639,False,1,1,1,0.7844,0.8683,0.8683
dynamic_multi,223,0.1889,True,0,0,0,0.0512,0.0799,0.0512
dynamic_multi,224,0.7472,False,1,1,1,0.8733,0.8963,0.8963
dynamic_multi,225,0.2500,True,0,0,0,,,
dynamic_multi,226,0.4889,False,0,0,0,0.0050,0.0056,0.0056
dynamic_multi,227,0.1750,True,0,0,0,0.2679,0.2361,0.2679
dynamic_multi,228,0.4972,False,0,0,0,0.3253,0.3218,0.3218
dynamic_multi,229,0.3278,False,1,1,1,0.6826,0.7254,0.7254
dynamic_multi,230,0.1556,True,1,1,1,0.7113,0.7900,0.7113
dynamic_multi,231,0.2972,True,0,0,0,0.0197,0.0379,0.0197
dynamic_multi,232,0.4167,False,0,1,1,0.5193,1.0019,1.0019
dynamic_multi,233,0.2750,True,0,0,0,0.0602,0.0590,0.0602
dynamic_multi,234,0.1750,True,0,0,0,0.1400,0.2127,0.1400
dynamic_multi,235,0.5750,False,1,0,0,0.9032,0.9315,0.9315
dynamic_multi,236,0.2611,True,0,0,0,0.3889,0.4085,0.3889
dynamic_multi,237,0.3389,False,0,0,0,0.3613,0.4075,0.4075
dynamic_multi,238,0.1806,True,0,0,0,0.0514,0.0969,0.0514
dynamic_multi,239,0.5639,False,0,1,1,0.7295,0.8826,0.8826
dynamic_multi,240,0.3750,False,0,0,0,0.0307,0.5989,0.5989
dynamic_multi,241,0.1833,True,0,0,0,0.0431,0.1286,0.0431
dynamic_multi,242,0.3389,False,1,1,1,0.8511,0.8189,0.8189
dynamic_multi,243,0.2972,True,0,0,0,0.0092,0.0043,0.0092
dynamic_multi,244,0.5194,False,0,0,0,0.0043,0.0056,0.0056
dynamic_multi,245,0.1028,True,0,0,0,0.2220,0.1913,0.2220
dynamic_multi,246,0.7278,False,1,1,1,0.8982,0.8728,0.8728
dynamic_multi,247,0.3056,False,0,0,0,0.3185,0.3449,0.3449
dynamic_multi,248,0.2806,True,0,0,0,0.0178,0.0115,0.0178
dynamic_multi,249,0.2278,True,1,1,1,0.7528,0.8228,0.7528
dynamic_multi,250,0.1778,True,0,0,0,0.3049,0.3379,0.3049
dynamic_multi,251,0.6139,False,0,1,1,0.3116,0.9361,0.9361
dynamic_multi,252,0.2972,True,0,0,0,0.0292,0.0222,0.0292
dynamic_multi,253,0.7167,False,0,1,1,0.3603,0.8392,0.8392
dynamic_multi,254,0.1806,True,1,1,1,0.5413,0.4791,0.5413
dynamic_multi,255,0.5361,False,1,1,1,0.6071,0.7731,0.7731
dynamic_multi,256,0.2722,True,0,0,0,0.0755,0.0440,0.0755
dynamic_multi,257,0.1861,True,1,0,1,0.8525,0.3008,0.8525
dynamic_multi,258,0.7417,False,1,0,0,0.8565,0.2682,0.2682
dynamic_multi,259,0.1194,True,1,1,1,0.8075,0.8300,0.8075
dynamic_multi,260,0.2139,True,0,0,0,0.3175,0.3182,0.3175
dynamic_multi,261,0.1556,True,0,0,0,0.0955,0.0616,0.0955
dynamic_multi,262,0.3056,False,0,0,0,0.2196,0.2255,0.2255
dynamic_multi,263,0.2694,True,0,0,0,0.2056,0.2274,0.2056
dynamic_multi,264,0.2139,True,0,0,0,0.0663,0.0915,0.0663
dynamic_multi,265,0.1972,True,1,1,1,0.5586,0.6160,0.5586
dynamic_multi,266,0.5750,False,1,0,0,0.8951,0.0459,0.0459
dynamic_multi,267,0.6389,False,1,1,1,0.8771,0.9535,0.9535
dynamic_multi,268,0.5528,False,0,1,1,0.2448,1.2116,1.2116
dynamic_multi,269,0.6972,False,1,1,1,0.8617,0.8657,0.8657
dynamic_multi,270,0.1528,True,0,0,0,0.2814,0.3131,0.2814
dynamic_multi,271,0.0417,True,1,1,1,0.6358,0.6310,0.6358
dynamic_multi,272,0.1111,True,1,0,1,0.6486,0.5296,0.6486
dynamic_multi,273,0.1417,True,0,0,0,0.2511,0.2177,0.2511
dynamic_multi,274,0.3694,False,0,0,0,0.0026,0.0021,0.0021
dynamic_multi,275,0.0806,True,0,0,0,0.1793,0.2177,0.1793
dynamic_multi,276,0.1861,True,0,0,0,0.2468,0.2966,0.2468
dynamic_multi,277,0.4611,False,1,1,1,0.8153,0.8233,0.8233
dynamic_multi,278,0.6389,False,1,0,0,0.9116,0.9000,0.9000
dynamic_multi,279,0.0500,True,0,0,0,0.3666,0.3430,0.3666
dynamic_multi,280,0.1139,True,0,0,0,0.2100,0.1839,0.2100
dynamic_multi,281,0.1889,True,1,0,1,0.6711,0.6407,0.6711
dynamic_multi,282,0.1806,True,0,0,0,0.5304,0.5044,0.5304
dynamic_multi,283,0.2278,True,0,0,0,0.1247,0.1215,0.1247
dynamic_multi,284,0.1500,True,0,0,0,0.1297,0.1428,0.1297
dynamic_multi,285,0.1278,True,0,0,0,0.1707,0.2421,0.1707
dynamic_multi,286,0.2694,True,1,1,1,0.8905,1.1819,0.8905
dynamic_multi,287,0.7028,False,1,0,0,0.7543,0.5279,0.5279
dynamic_multi,288,0.1944,True,0,0,0,0.0945,0.0343,0.0945
dynamic_multi,289,0.5917,False,0,0,0,0.2789,0.2755,0.2755
dynamic_multi,290,0.4639,False,0,1,1,0.7719,0.8524,0.8524
dynamic_multi,291,0.2250,True,0,0,0,,,
dynamic_multi,292,0.2444,True,0,0,0,0.2500,0.2540,0.2500
dynamic_multi,293,0.1444,True,0,1,0,0.4082,1.0367,0.4082
dynamic_multi,294,0.5167,False,1,0,0,0.8841,0.3779,0.3779
dynamic_multi,295,0.6278,False,1,1,1,0.8751,1.0247,1.0247
dynamic_multi,296,0.3167,False,0,0,0,0.0051,0.0030,0.0030
dynamic_multi,297,0.1889,True,0,0,0,0.3248,0.2527,0.3248
dynamic_multi,298,0.1778,True,0,0,0,0.0762,0.0753,0.0762
dynamic_multi,299,0.4500,False,0,0,0,0.0205,0.0166,0.0166
dynamic_multi,300,0.7333,False,0,0,0,0.8408,0.8173,0.8173
dynamic_multi,301,0.1139,True,0,0,0,0.1174,0.1777,0.1174
dynamic_multi,302,0.7250,False,1,0,0,0.8546,0.7029,0.7029
dynamic_multi,303,0.6944,False,1,1,1,0.7876,0.7866,0.7866
dynamic_multi,304,0.5556,False,1,1,1,,,
dynamic_multi,305,0.1222,True,1,0,1,0.8169,0.3027,0.8169
dynamic_multi,306,0.2278,True,0,0,0,0.0433,0.0417,0.0433
dynamic_multi,307,0.7333,False,0,0,0,0.7949,0.8195,0.8195
dynamic_multi,308,0.2583,True,0,0,0,0.0427,0.0354,0.0427
dynamic_multi,309,0.7139,False,1,0,0,0.8563,0.8553,0.8553
dynamic_multi,310,0.6083,False,0,0,0,0.0228,0.0129,0.0129
dynamic_multi,311,0.1361,True,0,0,0,0.4400,0.4252,0.4400
dynamic_multi,312,0.1250,True,1,0,1,0.7093,0.2520,0.7093
dynamic_multi,313,0.7472,False,1,1,1,,,
dynamic_multi,314,0.2361,True,0,0,0,0.2601,0.2664,0.2601
dynamic_multi,315,0.2611,True,0,0,0,0.3914,0.3484,0.3914
dynamic_multi,316,0.2500,True,0,0,0,0.0993,0.0288,0.0993
dynamic_multi,317,0.7361,False,1,1,1,0.8303,1.0928,1.0928
dynamic_multi,318,0.2194,True,0,0,0,0.1713,0.1447,0.1713
dynamic_multi,319,0.2056,True,0,0,0,0.3995,0.4102,0.3995
dynamic_multi,320,0.1111,True,0,0,0,0.2230,0.1785,0.2230
dynamic_multi,321,0.1417,True,0,0,0,0.1530,0.1441,0.1530
dynamic_multi,322,0.6333,False,1,0,0,0.8754,0.9950,0.9950
dynamic_multi,323,0.6667,False,1,1,1,0.8610,0.8650,0.8650
dynamic_multi,324,0.5278,False,1,0,0,0.8073,0.3650,0.3650
dynamic_multi,325,0.2000,True,1,0,1,0.7502,0.4901,0.7502
dynamic_multi,326,0.1444,True,0,0,0,0.1179,0.1775,0.1179
dynamic_multi,327,0.2694,True,0,0,0,0.2294,0.1922,0.2294
dynamic_multi,328,0.6833,False,1,1,1,0.8879,0.9589,0.9589
dynamic_multi,329,0.1778,True,0,0,0,0.2430,0.2069,0.2430
dynamic_multi,330,0.4750,False,0,1,1,0.3537,0.9021,0.9021
dynamic_multi,331,0.6333,False,1,1,1,0.8315,0.8115,0.8115
dynamic_multi,332,0.7056,False,0,0,0,0.2860,0.2846,0.2846
dynamic_multi,333,0.3583,False,0,0,0,0.3749,0.3616,0.3616
dynamic_multi,334,0.7083,False,0,1,1,0.6452,1.1081,1.1081
dynamic_multi,335,0.1500,True,1,1,1,0.6561,0.7250,0.6561
dynamic_multi,336,0.2222,True,1,1,1,,,
dynamic_multi,337,0.2528,True,0,0,0,0.3249,0.2995,0.3249
dynamic_multi,338,0.1889,True,0,0,0,0.3088,0.3283,0.3088
dynamic_multi,339,0.1861,True,1,1,1,0.5025,0.5930,0.5025
dynamic_multi,340,0.2861,True,0,0,0,0.0150,0.0209,0.0150
dynamic_multi,341,0.6111,False,0,0,0,,,
dynamic_multi,342,0.1694,True,1,1,1,0.7976,0.8240,0.7976
dynamic_multi,343,0.2778,True,0,0,0,0.2320,0.2188,0.2320
dynamic_multi,344,0.4056,False,0,0,0,0.0049,0.0246,0.0246
dynamic_multi,345,0.2833,True,0,0,0,0.0252,0.0696,0.0252
dynamic_multi,346,0.2917,True,0,0,0,0.3641,0.4097,0.3641
dynamic_multi,347,0.1833,True,0,0,0,0.1778,0.2106,0.1778
dynamic_multi,348,0.6667,False,0,0,0,0.2491,0.2571,0.2571
dynamic_multi,349,0.2306,True,0,0,0,0.2189,0.8762,0.2189
dynamic_multi,350,0.1167,True,0,0,0,0.0711,0.0609,0.0711
dynamic_multi,351,0.2194,True,1,1,1,0.7373,0.7912,0.7373
dynamic_multi,352,0.5139,False,1,1,1,0.8560,1.0260,1.0260
dynamic_multi,353,0.6889,False,0,0,0,0.0092,0.0068,0.0068
dynamic_multi,354,0.3389,False,0,0,0,0.0549,0.0523,0.0523
dynamic_multi,355,0.3694,False,0,0,0,0.0050,0.0070,0.0070
dynamic_multi,356,0.1111,True,0,0,0,0.3000,0.2789,0.3000
dynamic_multi,357,0.1833,True,1,1,1,0.5688,0.5731,0.5688
dynamic_multi,358,0.7028,False,0,0,0,0.2324,0.9429,0.9429
dynamic_multi,359,0.7417,False,1,1,1,,,
dynamic_multi,360,0.6306,False,0,0,0,0.7545,0.7420,0.7420
dynamic_multi,361,0.6833,False,0,1,1,0.6914,1.1344,1.1344
dynamic_multi,362,0.1917,True,0,0,0,0.0362,0.0795,0.0362
dynamic_multi,363,0.1472,True,1,0,1,0.7276,0.6437,0.7276
dynamic_multi,364,0.4500,False,1,0,0,0.8513,0.9950,0.9950
dynamic_multi,365,0.5111,False,0,0,0,0.2939,0.3140,0.3140
dynamic_multi,366,0.4583,False,1,0,0,0.9041,0.6650,0.6650
dynamic_multi,367,0.2306,True,0,0,0,,,
dynamic_multi,368,0.1528,True,0,0,0,0.1329,0.1403,0.1329
dynamic_multi,369,0.6833,False,0,1,1,0.6883,1.0362,1.0362
dynamic_multi,370,0.3556,False,0,0,0,0.0613,0.0801,0.0801
dynamic_multi,371,0.1611,True,0,0,0,0.2554,0.2505,0.2554
dynamic_multi,372,0.1389,True,1,1,1,0.7732,0.8173,0.7732
dynamic_multi,373,0.1750,True,0,0,0,0.0678,0.1287,0.0678
dynamic_multi,374,0.3083,False,0,0,0,0.0364,0.0738,0.0738
dynamic_multi,375,0.7417,False,1,0,0,0.8865,0.2898,0.2898
dynamic_multi,376,0.3222,False,1,1,1,0.7806,0.8261,0.8261
dynamic_multi,377,0.1028,True,0,0,0,0.3670,0.4034,0.3670
dynamic_multi,378,0.0389,True,0,0,0,0.5397,0.4973,0.5397
dynamic_multi,379,0.5000,False,1,1,1,0.8829,1.0915,1.0915
dynamic_multi,380,0.2611,True,0,0,0,0.3139,0.3504,0.3139
dynamic_multi,381,0.4750,False,1,1,1,0.8281,0.8683,0.8683
dynamic_multi,382,0.2250,True,0,0,0,0.2627,0.2914,0.2627
dynamic_multi,383,0.1444,True,0,0,0,0.5212,0.4982,0.5212
dynamic_multi,384,0.2444,True,0,0,0,0.3707,0.3970,0.3707
dynamic_multi,385,0.1472,True,0,0,0,0.2135,0.2718,0.2135
dynamic_multi,386,0.5944,False,0,0,0,0.2718,0.2807,0.2807
dynamic_multi,387,0.7167,False,0,0,0,0.0034,0.0028,0.0028
dynamic_multi,388,0.1472,True,0,0,0,0.1470,0.1683,0.1470
dynamic_multi,389,0.4583,False,0,0,0,0.5606,0.5338,0.5338
dynamic_multi,390,0.6778,False,1,1,1,0.8322,0.9093,0.9093
dynamic_multi,391,0.1694,True,0,0,0,0.2982,0.3101,0.2982
dynamic_multi,392,0.0722,True,0,0,0,0.3305,0.1451,0.3305
dynamic_multi,393,0.1972,True,1,0,1,0.8728,1.2419,0.8728
dynamic_multi,394,0.2889,True,0,0,0,0.3707,0.3705,0.3707
dynamic_multi,395,0.1444,True,1,1,1,0.8024,0.8489,0.8024
dynamic_multi,396,0.2222,True,0,0,0,0.0958,0.1135,0.0958
dynamic_multi,397,0.3333,False,0,0,0,0.0712,0.1119,0.1119
dynamic_multi,398,0.5556,False,1,1,1,0.8305,0.9532,0.9532
dynamic_multi,399,0.1611,True,1,1,1,0.6351,0.6735,0.6351
dynamic_multi,400,0.6167,False,1,1,1,0.7298,0.7479,0.7479
dynamic_multi,401,0.1083,True,0,0,0,0.1629,0.1539,0.1629
dynamic_multi,402,0.4667,False,1,1,1,0.8776,1.0139,1.0139
dynamic_multi,403,0.3056,False,1,1,1,0.5666,0.7242,0.7242
dynamic_multi,404,0.5639,False,0,1,1,0.4492,1.1179,1.1179
dynamic_multi,405,0.2806,True,0,0,0,0.3067,0.2980,0.3067
dynamic_multi,406,0.2222,True,1,1,1,0.7956,0.8001,0.7956
dynamic_multi,407,0.5806,False,1,1,1,0.7035,0.8090,0.8090
dynamic_multi,408,0.1056,True,0,0,0,0.1621,0.1627,0.1621
dynamic_multi,409,0.4833,False,0,0,0,0.1148,0.0857,0.0857
dynamic_multi,410,0.7167,False,0,1,1,0.5005,1.1081,1.1081
dynamic_multi,411,0.1306,True,0,0,0,0.1493,0.1498,0.1493
dynamic_multi,412,0.5056,False,0,0,0,0.3361,0.3480,0.3480
dynamic_multi,413,0.2028,True,1,0,1,,,
dynamic_multi,414,0.2917,True,0,0,0,0.1674,0.1497,0.1674
dynamic_multi,415,0.3278,False,0,0,0,0.1216,0.1119,0.1119
dynamic_multi,416,0.1722,True,0,0,0,0.1684,0.1155,0.1684
dynamic_multi,417,0.1472,True,0,1,0,0.4320,0.7711,0.4320
dynamic_multi,418,0.4500,False,1,1,1,0.8726,1.0080,1.0080
dynamic_multi,419,0.4528,False,1,0,0,0.8892,0.5270,0.5270
dynamic_multi,420,0.1139,True,0,0,0,0.3234,0.4000,0.3234
dynamic_multi,421,0.1750,True,0,0,0,0.1106,0.1155,0.1106
dynamic_multi,422,0.1778,True,0,0,0,0.0311,0.0324,0.0311
dynamic_multi,423,0.1944,True,0,0,0,0.1377,0.1537,0.1377
dynamic_multi,424,0.4889,False,0,0,0,,,
dynamic_multi,425,0.4306,False,0,0,0,0.2741,0.2972,0.2972
dynamic_multi,426,0.7139,False,1,0,0,0.8892,1.0825,1.0825
dynamic_multi,427,0.5778,False,1,1,1,0.8448,0.8980,0.8980
dynamic_multi,428,0.1583,True,0,1,0,0.2056,1.0424,0.2056
dynamic_multi,429,0.5417,False,0,0,0,0.0042,0.0168,0.0168
dynamic_multi,430,0.6028,False,0,0,0,0.2459,0.2360,0.2360
dynamic_multi,431,0.1750,True,0,0,0,0.2338,0.2458,0.2338
dynamic_multi,432,0.7472,False,1,1,1,0.8695,0.8859,0.8859
dynamic_multi,433,0.1917,True,1,1,1,0.7556,0.8960,0.7556
dynamic_multi,434,0.1389,True,0,0,0,0.2586,0.2360,0.2586
dynamic_multi,435,0.2194,True,0,0,0,0.1924,0.1747,0.1924
dynamic_multi,436,0.1639,True,0,0,0,0.1681,0.2213,0.1681
dynamic_multi,437,0.3000,False,1,0,0,0.6639,0.7127,0.7127
dynamic_multi,438,0.5722,False,0,0,0,0.0034,0.0057,0.0057
dynamic_multi,439,0.2944,True,0,0,0,0.0558,0.0405,0.0558
dynamic_multi,440,0.1722,True,0,0,0,0.0988,0.0957,0.0988
dynamic_multi,441,0.3333,False,0,0,0,0.0065,0.0034,0.0034
dynamic_multi,442,0.3333,False,0,0,0,0.0366,0.0191,0.0191
dynamic_multi,443,0.7389,False,1,1,1,0.9065,0.8956,0.8956
dynamic_multi,444,0.5972,False,1,1,1,0.7910,0.9574,0.9574
dynamic_multi,445,0.5556,False,0,0,0,0.4521,0.4348,0.4348
dynamic_multi,446,0.5361,False,1,1,1,0.8719,0.9739,0.9739
dynamic_multi,447,0.4833,False,0,1,1,0.3345,0.9899,0.9899
dynamic_multi,448,0.1806,True,0,1,0,0.2411,1.0617,0.2411
dynamic_multi,449,0.6722,False,1,1,1,0.8479,0.8980,0.8980
dynamic_multi,450,0.1278,True,1,1,1,0.5955,0.6125,0.5955
dynamic_multi,451,0.1750,True,0,0,0,0.0580,0.0770,0.0580
dynamic_multi,452,0.2861,True,0,0,0,0.1130,0.1638,0.1130
dynamic_multi,453,0.1889,True,0,0,0,0.3746,0.4250,0.3746
dynamic_multi,454,0.5250,False,0,0,0,0.1598,0.7708,0.7708
dynamic_multi,455,0.2389,True,0,0,0,0.0763,0.0949,0.0763
dynamic_multi,456,0.2361,True,0,0,0,0.0255,0.0229,0.0255
dynamic_multi,457,0.7139,False,1,0,0,0.8741,0.8983,0.8983
dynamic_multi,458,0.5694,False,0,1,1,0.3105,1.5782,1.5782
dynamic_multi,459,0.0583,True,0,0,0,0.0971,0.0856,0.0971
dynamic_multi,460,0.2750,True,0,0,0,0.2946,0.3221,0.2946
dynamic_multi,461,0.1083,True,0,0,0,0.2875,0.3733,0.2875
dynamic_multi,462,0.3444,False,0,0,0,0.4506,0.4709,0.4709
dynamic_multi,463,0.2167,True,0,0,0,0.1488,0.1393,0.1488
dynamic_multi,464,0.3222,False,1,0,0,0.6801,0.8243,0.8243
dynamic_multi,465,0.6361,False,1,0,0,0.8653,0.6694,0.6694
dynamic_multi,466,0.1194,True,0,0,0,0.1573,0.1712,0.1573
dynamic_multi,467,0.0944,True,0,0,0,0.2082,0.2151,0.2082
dynamic_multi,468,0.7333,False,0,1,1,0.7782,0.8590,0.8590
dynamic_multi,469,0.6444,False,0,0,0,0.0272,0.0196,0.0196
dynamic_multi,470,0.7500,False,0,0,0,0.6796,0.7362,0.7362
dynamic_multi,471,0.1056,True,0,0,0,0.4083,0.4236,0.4083
dynamic_multi,472,0.1944,True,0,0,0,0.1985,0.2202,0.1985
dynamic_multi,473,0.1778,True,0,0,0,0.0593,0.0505,0.0593
dynamic_multi,474,0.6528,False,1,1,1,0.8418,0.8977,0.8977
dynamic_multi,475,0.2889,True,0,0,0,0.0147,0.0367,0.0147
dynamic_multi,476,0.4167,False,1,1,1,0.5437,0.7209,0.7209
dynamic_multi,477,0.1722,True,1,1,1,,,
dynamic_multi,478,0.4222,False,1,1,1,0.5670,0.5463,0.5463
dynamic_multi,479,0.2111,True,0,1,0,0.4755,1.1218,0.4755
dynamic_multi,480,0.3389,False,1,1,1,0.5902,0.6019,0.6019
dynamic_multi,481,0.4972,False,0,0,0,0.2425,0.2237,0.2237
dynamic_multi,482,0.1389,True,0,0,0,0.1708,0.0958,0.1708
dynamic_multi,483,0.7417,False,1,1,1,0.8391,0.8937,0.8937
dynamic_multi,484,0.3667,False,0,0,0,0.1770,0.1629,0.1629
dynamic_multi,485,0.7444,False,1,1,1,0.8403,0.8935,0.8935
dynamic_multi,486,0.1694,True,0,0,0,0.3701,0.3240,0.3701
dynamic_multi,487,0.1778,True,0,0,0,0.0771,0.1821,0.0771
dynamic_multi,488,0.1472,True,1,1,1,0.9045,1.1498,0.9045
dynamic_multi,489,0.2444,True,0,0,0,0.2296,0.2667,0.2296
dynamic_multi,490,0.1056,True,0,0,0,0.4012,0.4179,0.4012
dynamic_multi,491,0.3917,False,0,0,0,0.2492,0.2460,0.2460
dynamic_multi,492,0.5833,False,1,1,1,0.8271,1.0857,1.0857
dynamic_multi,493,0.6583,False,1,1,1,0.5606,0.7739,0.7739
dynamic_multi,494,0.5028,False,1,1,1,0.7867,0.9240,0.9240
dynamic_multi,495,0.4500,False,0,0,0,0.3921,0.3680,0.3680
dynamic_multi,496,0.3528,False,0,0,0,0.0034,0.0035,0.0035
dynamic_multi,497,0.2778,True,0,0,0,0.0250,0.0609,0.0250
dynamic_multi,498,0.3361,False,1,1,1,0.8233,0.8260,0.8260
dynamic_multi,499,0.2111,True,0,0,0,0.4826,0.5321,0.4826
dynamic_fast,0,0.1611,True,0,0,0,0.1717,0.0803,0.1717
dynamic_fast,1,0.1750,True,0,0,0,0.0248,0.0489,0.0248
dynamic_fast,2,0.2306,True,0,0,0,0.1707,0.1954,0.1707
dynamic_fast,3,0.2278,True,0,0,0,0.0223,0.0688,0.0223
dynamic_fast,4,0.1778,True,0,0,0,0.2135,0.1973,0.2135
dynamic_fast,5,0.1111,True,0,0,0,0.1497,0.1073,0.1497
dynamic_fast,6,0.2306,True,0,0,0,0.0054,0.0050,0.0054
dynamic_fast,7,0.6583,False,0,0,0,0.4045,0.4636,0.4636
dynamic_fast,8,0.2389,True,0,0,0,0.0183,0.0232,0.0183
dynamic_fast,9,0.6583,False,0,0,0,0.6198,0.5913,0.5913
dynamic_fast,10,0.2194,True,0,0,0,0.0847,0.0696,0.0847
dynamic_fast,11,0.6806,False,0,0,0,0.4108,0.3696,0.3696
dynamic_fast,12,0.5278,False,0,0,0,0.2206,0.6085,0.6085
dynamic_fast,13,0.2194,True,0,0,0,0.0256,0.0137,0.0256
dynamic_fast,14,0.5750,False,0,0,0,,,
dynamic_fast,15,0.5694,False,0,0,0,0.6266,0.5779,0.5779
dynamic_fast,16,0.2917,True,1,0,1,0.8289,0.6930,0.8289
dynamic_fast,17,0.0972,True,0,0,0,0.2256,0.2408,0.2256
dynamic_fast,18,0.1917,True,0,0,0,0.1213,0.1104,0.1213
dynamic_fast,19,0.0972,True,0,0,0,0.0522,0.0557,0.0522
dynamic_fast,20,0.1500,True,0,0,0,0.0276,0.0333,0.0276
dynamic_fast,21,0.3361,False,0,1,1,0.2759,0.7100,0.7100
dynamic_fast,22,0.5583,False,0,1,1,0.6535,0.9759,0.9759
dynamic_fast,23,0.2083,True,0,0,0,0.1124,0.0949,0.1124
dynamic_fast,24,0.1583,True,0,0,0,0.0460,0.0202,0.0460
dynamic_fast,25,0.1667,True,0,0,0,0.1250,0.1234,0.1250
dynamic_fast,26,0.4556,False,0,0,0,0.0000,0.0000,0.0000
dynamic_fast,27,0.5500,False,0,0,0,0.0000,0.0000,0.0000
dynamic_fast,28,0.2917,True,1,1,1,0.8151,1.0373,0.8151
dynamic_fast,29,0.3611,False,1,1,1,0.9228,0.9309,0.9309
dynamic_fast,30,0.1583,True,0,0,0,0.0712,0.0674,0.0712
dynamic_fast,31,0.6417,False,0,0,0,0.3110,0.2982,0.2982
dynamic_fast,32,0.0722,True,0,1,0,0.3672,0.6499,0.3672
dynamic_fast,33,0.2556,True,0,0,0,0.0690,0.0910,0.0690
dynamic_fast,34,0.1417,True,0,0,0,0.1262,0.1213,0.1262
dynamic_fast,35,0.7500,False,1,1,1,0.5355,0.6856,0.6856
dynamic_fast,36,0.1556,True,0,1,0,0.2769,0.5630,0.2769
dynamic_fast,37,0.2389,True,1,0,1,,,
dynamic_fast,38,0.1583,True,0,0,0,0.0123,0.0067,0.0123
dynamic_fast,39,0.2500,True,1,1,1,0.7540,0.7308,0.7540
dynamic_fast,40,0.6917,False,0,0,0,0.0000,0.0000,0.0000
dynamic_fast,41,0.6500,False,0,0,0,0.1357,0.3626,0.3626
dynamic_fast,42,0.1278,True,0,0,0,0.1194,0.1193,0.1194
dynamic_fast,43,0.7306,False,0,0,0,0.3537,0.3770,0.3770
dynamic_fast,44,0.2667,True,0,0,0,0.1914,0.1955,0.1914
dynamic_fast,45,0.7139,False,0,0,0,0.1661,0.3593,0.3593
dynamic_fast,46,0.6889,False,0,0,0,0.5707,0.5508,0.5508
dynamic_fast,47,0.5806,False,0,1,1,0.1117,0.9619,0.9619
dynamic_fast,48,0.6278,False,1,0,0,0.8043,0.3651,0.3651
dynamic_fast,49,0.0750,True,0,0,0,0.0811,0.0436,0.0811
dynamic_fast,50,0.2306,True,1,0,1,0.7384,0.2060,0.7384
dynamic_fast,51,0.6194,False,0,0,0,0.5015,0.4631,0.4631
dynamic_fast,52,0.5917,False,0,0,0,0.2285,0.6909,0.6909
dynamic_fast,53,0.2194,True,0,0,0,0.0462,0.0357,0.0462
dynamic_fast,54,0.1833,True,0,0,0,0.0388,0.0623,0.0388
dynamic_fast,55,0.7500,False,0,0,0,0.5519,0.6486,0.6486
dynamic_fast,56,0.5889,False,0,0,0,0.1509,0.6413,0.6413
dynamic_fast,57,0.4611,False,0,0,0,0.0041,0.0044,0.0044
dynamic_fast,58,0.6694,False,1,0,0,0.6064,1.5326,1.5326
dynamic_fast,59,0.1750,True,0,0,0,0.1944,0.1693,0.1944
dynamic_fast,60,0.5417,False,0,0,0,0.0000,0.0000,0.0000
dynamic_fast,61,0.7444,False,1,1,1,0.7640,0.7542,0.7542
dynamic_fast,62,0.1056,True,0,0,0,0.1734,0.1207,0.1734
dynamic_fast,63,0.5833,False,1,0,0,0.8444,0.7669,0.7669
dynamic_fast,64,0.3528,False,0,0,0,0.0908,0.1005,0.1005
dynamic_fast,65,0.7417,False,0,0,0,0.7743,0.5191,0.5191
dynamic_fast,66,0.5306,False,1,0,0,0.8749,0.7059,0.7059
dynamic_fast,67,0.2389,True,1,0,1,0.7877,0.1846,0.7877
dynamic_fast,68,0.1694,True,0,0,0,0.0122,0.0194,0.0122
dynamic_fast,69,0.4361,False,1,1,1,0.7699,0.8783,0.8783
dynamic_fast,70,0.2167,True,1,1,1,0.8007,0.9030,0.8007
dynamic_fast,71,0.0333,True,0,0,0,,,
dynamic_fast,72,0.6444,False,0,1,1,0.7193,0.9698,0.9698
dynamic_fast,73,0.1889,True,0,1,0,0.1296,1.0207,0.1296
dynamic_fast,74,0.3944,False,0,0,0,,,
dynamic_fast,75,0.6306,False,0,0,0,0.4235,0.3872,0.3872
dynamic_fast,76,0.1528,True,0,0,0,0.0173,0.0227,0.0173
dynamic_fast,77,0.1500,True,0,0,0,0.2718,0.2345,0.2718
dynamic_fast,78,0.1444,True,0,0,0,0.0865,0.0958,0.0865
dynamic_fast,79,0.1667,True,0,0,0,0.2269,0.2164,0.2269
dynamic_fast,80,0.0167,True,0,0,0,0.0798,0.0826,0.0798
dynamic_fast,81,0.7389,False,0,0,0,0.6393,0.5961,0.5961
dynamic_fast,82,0.3694,False,0,1,1,0.2959,1.0674,1.0674
dynamic_fast,83,0.5444,False,1,0,0,0.8801,0.9575,0.9575
dynamic_fast,84,0.5944,False,1,1,1,0.8205,0.8601,0.8601
dynamic_fast,85,0.3139,False,1,1,1,0.6558,0.6883,0.6883
dynamic_fast,86,0.1139,True,0,0,0,0.0379,0.0739,0.0379
dynamic_fast,87,0.6833,False,0,0,0,0.7129,0.7037,0.7037
dynamic_fast,88,0.2528,True,1,1,1,0.7943,0.8574,0.7943
dynamic_fast,89,0.5917,False,0,1,1,0.0971,0.9712,0.9712
dynamic_fast,90,0.1194,True,0,0,0,0.0263,0.0248,0.0263
dynamic_fast,91,0.1528,True,0,0,0,0.0431,0.0352,0.0431
dynamic_fast,92,0.2472,True,0,0,0,,,
dynamic_fast,93,0.7278,False,1,1,1,0.7650,0.8648,0.8648
dynamic_fast,94,0.3250,False,1,1,1,0.7234,0.9485,0.9485
dynamic_fast,95,0.0944,True,0,0,0,0.0733,0.0682,0.0733
dynamic_fast,96,0.6972,False,1,1,1,0.8490,0.8332,0.8332
dynamic_fast,97,0.7500,False,0,0,0,0.3947,0.3891,0.3891
dynamic_fast,98,0.5694,False,0,0,0,0.1048,0.1012,0.1012
dynamic_fast,99,0.3278,False,0,0,0,,,
dynamic_fast,100,0.0333,True,1,0,1,0.7338,0.2117,0.7338
dynamic_fast,101,0.0806,True,0,0,0,0.1876,0.2032,0.1876
dynamic_fast,102,0.3417,False,1,0,0,0.8165,0.9132,0.9132
dynamic_fast,103,0.0556,True,0,0,0,0.0494,0.0467,0.0494
dynamic_fast,104,0.2528,True,0,0,0,0.0726,0.0809,0.0726
dynamic_fast,105,0.7250,False,0,0,0,0.7997,0.2429,0.2429
dynamic_fast,106,0.1611,True,0,0,0,0.1068,0.0811,0.1068
dynamic_fast,107,0.2000,True,0,0,0,0.1482,0.1958,0.1482
dynamic_fast,108,0.6556,False,0,0,0,0.6185,0.5391,0.5391
dynamic_fast,109,0.3000,False,0,0,0,0.0337,0.0167,0.0167
dynamic_fast,110,0.1000,True,1,1,1,0.7626,0.8252,0.7626
dynamic_fast,111,0.5667,False,0,0,0,0.4149,0.2351,0.2351
dynamic_fast,112,0.1444,True,0,0,0,,,
dynamic_fast,113,0.7444,False,0,0,0,0.5773,0.5715,0.5715
dynamic_fast,114,0.0889,True,0,0,0,0.1253,0.1049,0.1253
dynamic_fast,115,0.3611,False,1,0,0,0.7601,1.2724,1.2724
dynamic_fast,116,0.2000,True,1,1,1,0.5706,0.6212,0.5706
dynamic_fast,117,0.2222,True,0,0,0,0.0026,0.0023,0.0026
dynamic_fast,118,0.2861,True,0,0,0,0.1135,0.1025,0.1135
dynamic_fast,119,0.6139,False,1,0,0,0.8035,0.6856,0.6856
dynamic_fast,120,0.4333,False,0,0,0,0.0031,0.0029,0.0029
dynamic_fast,121,0.1333,True,0,0,0,0.1032,0.1116,0.1032
dynamic_fast,122,0.5194,False,0,0,0,0.7388,0.7303,0.7303
dynamic_fast,123,0.1583,True,0,0,0,0.0444,0.0384,0.0444
dynamic_fast,124,0.7222,False,1,0,0,0.8629,0.7666,0.7666
dynamic_fast,125,0.1750,True,0,0,0,,,
dynamic_fast,126,0.5917,False,0,0,0,0.0000,0.0000,0.0000
dynamic_fast,127,0.6306,False,0,0,0,0.3395,0.2028,0.2028
dynamic_fast,128,0.4278,False,0,0,0,0.7204,0.7390,0.7390
dynamic_fast,129,0.3556,False,1,1,1,0.6288,0.5451,0.5451
dynamic_fast,130,0.3278,False,1,1,1,0.6449,0.7578,0.7578
dynamic_fast,131,0.2278,True,0,1,0,0.0420,1.1297,0.0420
dynamic_fast,132,0.2111,True,0,0,0,0.2091,0.1721,0.2091
dynamic_fast,133,0.6278,False,1,0,0,0.7803,0.1040,0.1040
dynamic_fast,134,0.6111,False,1,1,1,0.5593,0.5991,0.5991
dynamic_fast,135,0.5917,False,1,0,0,0.6818,1.1746,1.1746
dynamic_fast,136,0.6389,False,0,0,0,0.1640,0.1505,0.1505
dynamic_fast,137,0.3639,False,0,0,0,0.0000,0.0000,0.0000
dynamic_fast,138,0.2861,True,1,1,1,0.7123,0.7326,0.7123
dynamic_fast,139,0.2583,True,0,0,0,0.0125,0.0192,0.0125
dynamic_fast,140,0.2111,True,0,0,0,0.0071,0.0166,0.0071
dynamic_fast,141,0.2611,True,1,1,1,0.7436,0.7594,0.7436
dynamic_fast,142,0.1111,True,0,0,0,0.0831,0.0708,0.0831
dynamic_fast,143,0.6417,False,0,0,0,0.1250,0.4917,0.4917
dynamic_fast,144,0.3667,False,0,0,0,0.0124,0.0131,0.0131
dynamic_fast,145,0.0861,True,0,0,0,0.1640,0.1642,0.1640
dynamic_fast,146,0.1556,True,0,0,0,0.0362,0.0502,0.0362
dynamic_fast,147,0.1639,True,0,0,0,0.0277,0.0194,0.0277
dynamic_fast,148,0.3611,False,0,0,0,0.0085,0.0106,0.0106
dynamic_fast,149,0.7278,False,0,0,0,0.7157,0.3301,0.3301
dynamic_fast,150,0.4778,False,0,0,0,0.5649,0.8266,0.8266
dynamic_fast,151,0.1500,True,0,0,0,0.2040,0.1986,0.2040
dynamic_fast,152,0.7111,False,0,0,0,0.6869,0.8130,0.8130
dynamic_fast,153,0.3028,False,0,0,0,0.0041,0.0027,0.0027
dynamic_fast,154,0.1222,True,0,0,0,0.2282,0.2192,0.2282
dynamic_fast,155,0.7472,False,0,0,0,0.5560,0.5234,0.5234
dynamic_fast,156,0.2889,True,0,1,0,0.0403,0.9114,0.0403
dynamic_fast,157,0.5028,False,0,0,0,0.0000,0.0000,0.0000
dynamic_fast,158,0.7167,False,0,0,0,0.5433,0.5985,0.5985
dynamic_fast,159,0.2028,True,0,1,0,0.0846,0.8687,0.0846
dynamic_fast,160,0.6083,False,0,0,0,0.1959,0.6145,0.6145
dynamic_fast,161,0.7361,False,1,1,1,0.6751,0.7987,0.7987
dynamic_fast,162,0.2333,True,1,0,1,0.8649,0.7538,0.8649
dynamic_fast,163,0.2972,True,0,0,0,0.0069,0.0133,0.0069
dynamic_fast,164,0.6278,False,0,0,0,0.2418,0.2622,0.2622
dynamic_fast,165,0.7417,False,0,1,1,0.8022,0.8689,0.8689
dynamic_fast,166,0.5611,False,0,0,0,0.5536,0.2185,0.2185
dynamic_fast,167,0.2306,True,0,0,0,0.1790,0.2045,0.1790
dynamic_fast,168,0.2889,True,0,0,0,0.6899,0.7122,0.6899
dynamic_fast,169,0.1083,True,0,0,0,0.0217,0.0523,0.0217
dynamic_fast,170,0.2972,True,1,0,1,0.8274,0.3444,0.8274
dynamic_fast,171,0.2361,True,0,0,0,0.3673,0.2066,0.3673
dynamic_fast,172,0.6778,False,1,0,0,0.8586,0.8540,0.8540
dynamic_fast,173,0.1611,True,0,0,0,0.0885,0.0955,0.0885
dynamic_fast,174,0.6250,False,0,0,0,0.8070,0.2052,0.2052
dynamic_fast,175,0.7333,False,0,0,0,,,
dynamic_fast,176,0.4833,False,0,1,1,0.1978,0.9232,0.9232
dynamic_fast,177,0.3222,False,1,1,1,0.6597,0.9884,0.9884
dynamic_fast,178,0.0694,True,0,0,0,0.2119,0.6525,0.2119
dynamic_fast,179,0.2722,True,0,0,0,0.0676,0.0575,0.0676
dynamic_fast,180,0.5972,False,0,1,1,0.4524,1.1570,1.1570
dynamic_fast,181,0.1889,True,0,0,0,,,
dynamic_fast,182,0.1250,True,0,0,0,0.1965,0.1976,0.1965
dynamic_fast,183,0.7139,False,0,0,0,0.7488,0.8187,0.8187
dynamic_fast,184,0.1861,True,0,0,0,0.4044,0.4030,0.4044
dynamic_fast,185,0.2778,True,0,1,0,0.8475,1.1595,0.8475
dynamic_fast,186,0.4917,False,0,0,0,0.0942,0.2539,0.2539
dynamic_fast,187,0.0167,True,0,0,0,0.0661,0.0804,0.0661
dynamic_fast,188,0.3361,False,1,1,1,0.7854,0.9540,0.9540
dynamic_fast,189,0.6500,False,0,0,0,0.6511,0.6261,0.6261
dynamic_fast,190,0.1361,True,0,0,0,0.1102,0.1128,0.1102
dynamic_fast,191,0.1056,True,0,0,0,0.0275,0.0943,0.0275
dynamic_fast,192,0.7222,False,0,0,0,0.3016,0.3002,0.3002
dynamic_fast,193,0.7306,False,0,0,0,0.6318,0.5965,0.5965
dynamic_fast,194,0.2194,True,0,0,0,0.0073,0.0049,0.0073
dynamic_fast,195,0.5917,False,0,0,0,0.6932,0.4424,0.4424
dynamic_fast,196,0.7472,False,0,0,0,0.3290,0.3137,0.3137
dynamic_fast,197,0.1417,True,0,0,0,0.2106,0.2101,0.2106
dynamic_fast,198,0.4889,False,0,0,0,0.0000,0.0000,0.0000
dynamic_fast,199,0.3167,False,0,0,0,0.5913,0.0932,0.0932
dynamic_fast,200,0.4833,False,0,0,0,0.1731,0.8417,0.8417
dynamic_fast,201,0.2278,True,0,0,0,0.2240,0.1729,0.2240
dynamic_fast,202,0.7278,False,1,1,1,0.7169,0.6916,0.6916
dynamic_fast,203,0.4361,False,0,0,0,,,
dynamic_fast,204,0.4833,False,0,0,0,0.3109,0.3528,0.3528
dynamic_fast,205,0.3306,False,0,0,0,,,
dynamic_fast,206,0.6472,False,1,1,1,,,
dynamic_fast,207,0.2611,True,0,0,0,0.0588,0.0372,0.0588
dynamic_fast,208,0.4694,False,0,0,0,0.0000,0.0000,0.0000
dynamic_fast,209,0.6528,False,0,0,0,0.3504,0.3291,0.3291
dynamic_fast,210,0.1778,True,1,1,1,0.5689,0.5560,0.5689
dynamic_fast,211,0.2889,True,0,0,0,0.0026,0.0010,0.0026
dynamic_fast,212,0.2028,True,0,0,0,0.1685,0.1827,0.1685
dynamic_fast,213,0.7167,False,0,0,0,0.5927,0.5415,0.5415
dynamic_fast,214,0.5833,False,0,0,0,0.0065,0.0157,0.0157
dynamic_fast,215,0.7389,False,0,0,0,0.8055,0.5649,0.5649
dynamic_fast,216,0.1972,True,0,0,0,0.0080,0.0064,0.0080
dynamic_fast,217,0.5222,False,0,0,0,0.1134,0.1013,0.1013
dynamic_fast,218,0.3556,False,0,0,0,0.0195,0.0149,0.0149
dynamic_fast,219,0.2056,True,1,1,1,0.7559,0.9840,0.7559
dynamic_fast,220,0.5528,False,0,0,0,0.0000,0.0000,0.0000
dynamic_fast,221,0.3194,False,0,0,0,0.0035,0.0021,0.0021
dynamic_fast,222,0.5639,False,0,0,0,0.6134,0.6540,0.6540
dynamic_fast,223,0.1889,True,0,0,0,0.0105,0.0157,0.0105
dynamic_fast,224,0.7472,False,0,0,0,0.5452,0.4965,0.4965
dynamic_fast,225,0.2500,True,0,0,0,,,
dynamic_fast,226,0.4889,False,0,0,0,0.0000,0.0000,0.0000
dynamic_fast,227,0.1750,True,0,0,0,0.5864,0.5382,0.5864
dynamic_fast,228,0.4972,False,0,0,0,0.5696,0.5683,0.5683
dynamic_fast,229,0.3278,False,1,1,1,0.6826,0.7067,0.7067
dynamic_fast,230,0.1556,True,0,0,0,0.3096,0.2381,0.3096
dynamic_fast,231,0.2972,True,0,0,0,0.0059,0.0171,0.0059
dynamic_fast,232,0.4167,False,0,0,0,0.2345,0.6552,0.6552
dynamic_fast,233,0.2750,True,0,0,0,0.4679,0.5853,0.4679
dynamic_fast,234,0.1750,True,0,0,0,0.0307,0.0530,0.0307
dynamic_fast,235,0.5750,False,0,0,0,0.6854,0.7613,0.7613
dynamic_fast,236,0.2611,True,1,1,1,0.7844,0.8075,0.7844
dynamic_fast,237,0.3389,False,1,1,1,0.8117,0.7886,0.7886
dynamic_fast,238,0.1806,True,0,0,0,0.0257,0.0102,0.0257
dynamic_fast,239,0.5639,False,1,0,0,0.8532,1.0030,1.0030
dynamic_fast,240,0.3750,False,0,0,0,0.0102,0.0087,0.0087
dynamic_fast,241,0.1833,True,0,0,0,0.0215,0.0265,0.0215
dynamic_fast,242,0.3389,False,0,0,0,0.7890,0.8187,0.8187
dynamic_fast,243,0.2972,True,0,0,0,0.0046,0.0032,0.0046
dynamic_fast,244,0.5194,False,0,0,0,0.0000,0.0000,0.0000
dynamic_fast,245,0.1028,True,0,0,0,0.0779,0.0965,0.0779
dynamic_fast,246,0.7278,False,0,0,0,0.4350,0.4265,0.4265
dynamic_fast,247,0.3056,False,0,0,0,0.1726,0.1613,0.1613
dynamic_fast,248,0.2806,True,0,0,0,0.0050,0.0057,0.0050
dynamic_fast,249,0.2278,True,1,1,1,0.7528,0.7883,0.7528
dynamic_fast,250,0.1778,True,0,0,0,0.0109,0.0118,0.0109
dynamic_fast,251,0.6139,False,0,0,0,0.5221,0.4832,0.4832
dynamic_fast,252,0.2972,True,0,0,0,0.0146,0.0060,0.0146
dynamic_fast,253,0.7167,False,1,1,1,0.7422,0.8163,0.8163
dynamic_fast,254,0.1806,True,1,1,1,0.5413,0.5429,0.5413
dynamic_fast,255,0.5361,False,1,1,1,0.6071,0.7540,0.7540
dynamic_fast,256,0.2722,True,0,0,0,0.0168,0.0184,0.0168
dynamic_fast,257,0.1861,True,0,0,0,0.1103,0.1187,0.1103
dynamic_fast,258,0.7417,False,0,0,0,0.7335,0.6512,0.6512
dynamic_fast,259,0.1194,True,0,0,0,0.2154,0.1633,0.2154
dynamic_fast,260,0.2139,True,0,0,0,0.1409,0.1580,0.1409
dynamic_fast,261,0.1556,True,0,0,0,0.0451,0.0274,0.0451
dynamic_fast,262,0.3056,False,0,0,0,0.8801,0.5633,0.5633
dynamic_fast,263,0.2694,True,0,0,0,0.1130,0.1262,0.1130
dynamic_fast,264,0.2139,True,0,0,0,0.0091,0.0149,0.0091
dynamic_fast,265,0.1972,True,0,0,0,0.3253,0.3250,0.3253
dynamic_fast,266,0.5750,False,0,0,0,0.6873,0.6929,0.6929
dynamic_fast,267,0.6389,False,0,0,0,0.8563,0.3851,0.3851
dynamic_fast,268,0.5528,False,0,0,0,0.1100,0.3939,0.3939
dynamic_fast,269,0.6972,False,0,0,0,0.3773,0.3526,0.3526
dynamic_fast,270,0.1528,True,0,0,0,0.0741,0.0755,0.0741
dynamic_fast,271,0.0417,True,0,0,0,0.3147,0.3306,0.3147
dynamic_fast,272,0.1111,True,0,0,0,0.1324,0.0792,0.1324
dynamic_fast,273,0.1417,True,0,0,0,0.0923,0.0776,0.0923
dynamic_fast,274,0.3694,False,0,0,0,0.0000,0.0000,0.0000
dynamic_fast,275,0.0806,True,0,0,0,0.0503,0.0792,0.0503
dynamic_fast,276,0.1861,True,0,0,0,0.1373,0.6395,0.1373
dynamic_fast,277,0.4611,False,0,0,0,0.6656,0.6296,0.6296
dynamic_fast,278,0.6389,False,1,0,0,0.9116,0.2407,0.2407
dynamic_fast,279,0.0500,True,0,0,0,0.0839,0.0670,0.0839
dynamic_fast,280,0.1139,True,0,0,0,0.0822,0.0698,0.0822
dynamic_fast,281,0.1889,True,1,0,1,0.6711,0.2488,0.6711
dynamic_fast,282,0.1806,True,0,0,0,0.1841,0.1368,0.1841
dynamic_fast,283,0.2278,True,0,0,0,0.0523,0.0336,0.0523
dynamic_fast,284,0.1500,True,0,0,0,0.0393,0.0434,0.0393
dynamic_fast,285,0.1278,True,0,0,0,0.0396,0.0582,0.0396
dynamic_fast,286,0.2694,True,0,0,0,0.0923,0.0811,0.0923
dynamic_fast,287,0.7028,False,1,1,1,0.7543,0.8868,0.8868
dynamic_fast,288,0.1944,True,0,0,0,0.0145,0.0149,0.0145
dynamic_fast,289,0.5917,False,0,0,0,0.8222,0.6781,0.6781
dynamic_fast,290,0.4639,False,1,1,1,0.8299,0.8743,0.8743
dynamic_fast,291,0.2250,True,0,0,0,,,
dynamic_fast,292,0.2444,True,0,0,0,0.0714,0.0760,0.0714
dynamic_fast,293,0.1444,True,0,0,0,0.0419,0.0465,0.0419
dynamic_fast,294,0.5167,False,0,0,0,0.6773,0.5798,0.5798
dynamic_fast,295,0.6278,False,1,0,0,0.8751,0.5421,0.5421
dynamic_fast,296,0.3167,False,0,0,0,0.0025,0.0011,0.0011
dynamic_fast,297,0.1889,True,0,0,0,0.1422,0.1157,0.1422
dynamic_fast,298,0.1778,True,0,0,0,0.0091,0.0241,0.0091
dynamic_fast,299,0.4500,False,0,0,0,0.0000,0.0000,0.0000
dynamic_fast,300,0.7333,False,0,0,0,0.6334,0.6182,0.6182
dynamic_fast,301,0.1139,True,0,0,0,0.0301,0.0479,0.0301
dynamic_fast,302,0.7250,False,0,0,0,0.2492,0.2440,0.2440
dynamic_fast,303,0.6944,False,1,1,1,0.7876,0.7956,0.7956
dynamic_fast,304,0.5556,False,1,1,1,,,
dynamic_fast,305,0.1222,True,0,0,0,0.0976,0.0694,0.0976
dynamic_fast,306,0.2278,True,0,0,0,0.0065,0.0012,0.0065
dynamic_fast,307,0.7333,False,1,0,0,0.8542,0.7123,0.7123
dynamic_fast,308,0.2583,True,0,0,0,0.0113,0.0094,0.0113
dynamic_fast,309,0.7139,False,0,0,0,0.4781,0.4666,0.4666
dynamic_fast,310,0.6083,False,0,0,0,0.0000,0.0000,0.0000
dynamic_fast,311,0.1361,True,0,0,0,0.1398,0.1182,0.1398
dynamic_fast,312,0.1250,True,0,0,0,0.0951,0.0964,0.0951
dynamic_fast,313,0.7472,False,1,1,1,,,
dynamic_fast,314,0.2361,True,0,1,0,0.1358,0.8745,0.1358
dynamic_fast,315,0.2611,True,0,0,0,0.2156,0.1873,0.2156
dynamic_fast,316,0.2500,True,0,0,0,0.0497,0.0118,0.0497
dynamic_fast,317,0.7361,False,0,0,0,0.2273,0.6706,0.6706
dynamic_fast,318,0.2194,True,0,0,0,0.0545,0.0434,0.0545
dynamic_fast,319,0.2056,True,0,0,0,0.1975,0.1768,0.1975
dynamic_fast,320,0.1111,True,0,0,0,0.1049,0.0672,0.1049
dynamic_fast,321,0.1417,True,0,0,0,0.0257,0.0435,0.0257
dynamic_fast,322,0.6333,False,0,0,0,0.1784,0.1908,0.1908
dynamic_fast,323,0.6667,False,0,0,0,0.3937,0.3974,0.3974
dynamic_fast,324,0.5278,False,1,1,1,0.8073,0.8034,0.8034
dynamic_fast,325,0.2000,True,1,1,1,0.7502,0.7448,0.7502
dynamic_fast,326,0.1444,True,0,0,0,0.0596,0.0852,0.0596
dynamic_fast,327,0.2694,True,0,0,0,0.0879,0.0646,0.0879
dynamic_fast,328,0.6833,False,0,0,0,0.7886,0.7482,0.7482
dynamic_fast,329,0.1778,True,0,0,0,0.0824,0.0768,0.0824
dynamic_fast,330,0.4750,False,0,0,0,0.2028,0.5090,0.5090
dynamic_fast,331,0.6333,False,0,0,0,0.4702,0.4838,0.4838
dynamic_fast,332,0.7056,False,0,0,0,0.5637,0.3786,0.3786
dynamic_fast,333,0.3583,False,0,0,0,0.1863,0.2075,0.2075
dynamic_fast,334,0.7083,False,1,0,0,0.8473,0.5255,0.5255
dynamic_fast,335,0.1500,True,1,1,1,0.6561,0.6668,0.6561
dynamic_fast,336,0.2222,True,1,1,1,,,
dynamic_fast,337,0.2528,True,1,1,1,0.7541,0.9421,0.7541
dynamic_fast,338,0.1889,True,1,0,1,0.8664,0.3437,0.8664
dynamic_fast,339,0.1861,True,0,0,0,0.2613,0.2973,0.2613
dynamic_fast,340,0.2861,True,0,0,0,0.0042,0.0060,0.0042
dynamic_fast,341,0.6111,False,0,0,0,,,
dynamic_fast,342,0.1694,True,0,0,0,0.1210,0.1170,0.1210
dynamic_fast,343,0.2778,True,0,0,0,0.0947,0.0815,0.0947
dynamic_fast,344,0.4056,False,0,0,0,0.0025,0.0054,0.0054
dynamic_fast,345,0.2833,True,0,0,0,0.0046,0.0136,0.0046
dynamic_fast,346,0.2917,True,1,0,1,0.7637,0.8242,0.7637
dynamic_fast,347,0.1833,True,0,0,0,0.0564,0.0761,0.0564
dynamic_fast,348,0.6667,False,1,0,0,0.8232,0.6925,0.6925
dynamic_fast,349,0.2306,True,0,0,0,0.1093,0.0992,0.1093
dynamic_fast,350,0.1167,True,0,0,0,0.0162,0.0076,0.0162
dynamic_fast,351,0.2194,True,1,0,1,0.7373,0.0730,0.7373
dynamic_fast,352,0.5139,False,0,0,0,0.6958,0.6189,0.6189
dynamic_fast,353,0.6889,False,0,0,0,0.0000,0.0000,0.0000
dynamic_fast,354,0.3389,False,0,0,0,0.0176,0.0152,0.0152
dynamic_fast,355,0.3694,False,0,0,0,0.0025,0.0024,0.0024
dynamic_fast,356,0.1111,True,0,0,0,0.1221,0.1013,0.1221
dynamic_fast,357,0.1833,True,1,1,1,0.5688,0.6145,0.5688
dynamic_fast,358,0.7028,False,0,0,0,0.3577,0.3699,0.3699
dynamic_fast,359,0.7417,False,0,0,0,,,
dynamic_fast,360,0.6306,False,0,0,0,0.3870,0.4471,0.4471
dynamic_fast,361,0.6833,False,1,1,1,0.7449,0.9216,0.9216
dynamic_fast,362,0.1917,True,0,0,0,0.0168,0.0261,0.0168
dynamic_fast,363,0.1472,True,0,0,0,0.2951,0.2134,0.2951
dynamic_fast,364,0.4500,False,0,0,0,0.7635,0.4362,0.4362
dynamic_fast,365,0.5111,False,1,0,0,0.8341,0.7600,0.7600
dynamic_fast,366,0.4583,False,0,0,0,0.3761,0.3729,0.3729
dynamic_fast,367,0.2306,True,0,0,0,,,
dynamic_fast,368,0.1528,True,0,0,0,0.0352,0.0350,0.0352
dynamic_fast,369,0.6833,False,0,0,0,0.4996,0.4993,0.4993
dynamic_fast,370,0.3556,False,0,0,0,0.0233,0.0346,0.0346
dynamic_fast,371,0.1611,True,0,0,0,0.1350,0.1262,0.1350
dynamic_fast,372,0.1389,True,0,0,0,0.1334,0.1097,0.1334
dynamic_fast,373,0.1750,True,0,0,0,0.0111,0.0325,0.0111
dynamic_fast,374,0.3083,False,0,0,0,0.0117,0.0317,0.0317
dynamic_fast,375,0.7417,False,0,0,0,0.6462,0.6621,0.6621
dynamic_fast,376,0.3222,False,0,0,0,0.6906,0.7231,0.7231
dynamic_fast,377,0.1028,True,0,0,0,0.1694,0.1560,0.1694
dynamic_fast,378,0.0389,True,0,0,0,0.2659,0.2318,0.2659
dynamic_fast,379,0.5000,False,1,0,0,0.8829,1.0429,1.0429
dynamic_fast,380,0.2611,True,0,1,0,0.1421,0.9994,0.1421
dynamic_fast,381,0.4750,False,0,0,0,0.7852,0.8083,0.8083
dynamic_fast,382,0.2250,True,1,0,1,0.8354,0.9069,0.8354
dynamic_fast,383,0.1444,True,0,0,0,0.1224,0.1396,0.1224
dynamic_fast,384,0.2444,True,1,0,1,0.8669,0.9265,0.8669
dynamic_fast,385,0.1472,True,0,0,0,0.0872,0.1329,0.0872
dynamic_fast,386,0.5944,False,0,0,0,0.1528,0.8215,0.8215
dynamic_fast,387,0.7167,False,0,0,0,0.0000,0.0000,0.0000
dynamic_fast,388,0.1472,True,0,0,0,0.0433,0.0762,0.0433
dynamic_fast,389,0.4583,False,1,1,1,0.7179,0.7556,0.7556
dynamic_fast,390,0.6778,False,0,0,0,0.4284,0.4966,0.4966
dynamic_fast,391,0.1694,True,1,0,1,0.8740,0.9912,0.8740
dynamic_fast,392,0.0722,True,0,0,0,0.0424,0.0722,0.0424
dynamic_fast,393,0.1972,True,0,0,0,0.1012,0.0978,0.1012
dynamic_fast,394,0.2889,True,0,0,0,0.1322,0.1516,0.1322
dynamic_fast,395,0.1444,True,0,0,0,0.0971,0.1268,0.0971
dynamic_fast,396,0.2222,True,0,0,0,0.0297,0.0628,0.0297
dynamic_fast,397,0.3333,False,0,0,0,0.0207,0.0227,0.0227
dynamic_fast,398,0.5556,False,1,1,1,0.8305,0.8751,0.8751
dynamic_fast,399,0.1611,True,1,1,1,0.6351,0.6779,0.6351
dynamic_fast,400,0.6167,False,1,1,1,0.7298,0.7511,0.7511
dynamic_fast,401,0.1083,True,0,0,0,0.0693,0.0611,0.0693
dynamic_fast,402,0.4667,False,0,0,0,0.5762,1.4428,1.4428
dynamic_fast,403,0.3056,False,1,1,1,0.5666,1.0101,1.0101
dynamic_fast,404,0.5639,False,1,1,1,0.7729,1.0775,1.0775
dynamic_fast,405,0.2806,True,1,1,1,0.7456,0.8200,0.7456
dynamic_fast,406,0.2222,True,1,0,1,0.7956,0.2045,0.7956
dynamic_fast,407,0.5806,False,1,1,1,0.7035,0.7817,0.7817
dynamic_fast,408,0.1056,True,0,0,0,0.0487,0.1104,0.0487
dynamic_fast,409,0.4833,False,0,0,0,0.0339,0.0258,0.0258
dynamic_fast,410,0.7167,False,1,1,1,0.7311,0.9872,0.9872
dynamic_fast,411,0.1306,True,0,0,0,0.0519,0.0592,0.0519
dynamic_fast,412,0.5056,False,0,0,0,0.1671,0.1638,0.1638
dynamic_fast,413,0.2028,True,0,0,0,,,
dynamic_fast,414,0.2917,True,1,1,1,0.6951,0.7025,0.6951
dynamic_fast,415,0.3278,False,1,1,1,0.8332,0.8762,0.8762
dynamic_fast,416,0.1722,True,0,0,0,0.0245,0.0131,0.0245
dynamic_fast,417,0.1472,True,0,0,0,0.1302,0.1548,0.1302
dynamic_fast,418,0.4500,False,0,0,0,0.4333,0.3835,0.3835
dynamic_fast,419,0.4528,False,0,0,0,0.4878,0.4314,0.4314
dynamic_fast,420,0.1139,True,0,0,0,0.1005,0.1078,0.1005
dynamic_fast,421,0.1750,True,0,0,0,0.0200,0.0221,0.0200
dynamic_fast,422,0.1778,True,0,0,0,0.0070,0.0076,0.0070
dynamic_fast,423,0.1944,True,0,0,0,0.0821,0.0456,0.0821
dynamic_fast,424,0.4889,False,0,1,1,,,
dynamic_fast,425,0.4306,False,1,0,0,0.8481,0.3511,0.3511
dynamic_fast,426,0.7139,False,0,0,0,0.8688,0.2833,0.2833
dynamic_fast,427,0.5778,False,1,1,1,0.8448,0.9012,0.9012
dynamic_fast,428,0.1583,True,0,0,0,0.0815,0.0549,0.0815
dynamic_fast,429,0.5417,False,0,0,0,0.0000,0.0000,0.0000
dynamic_fast,430,0.6028,False,1,0,0,0.7958,0.5923,0.5923
dynamic_fast,431,0.1750,True,0,0,0,0.6888,0.5175,0.6888
dynamic_fast,432,0.7472,False,0,0,0,0.3174,0.3012,0.3012
dynamic_fast,433,0.1917,True,0,0,0,0.1626,0.1650,0.1626
dynamic_fast,434,0.1389,True,0,0,0,0.6962,0.0907,0.6962
dynamic_fast,435,0.2194,True,0,0,0,0.0569,0.0353,0.0569
dynamic_fast,436,0.1639,True,0,0,0,0.0553,0.0877,0.0553
dynamic_fast,437,0.3000,False,1,1,1,0.6639,1.2764,1.2764
dynamic_fast,438,0.5722,False,0,0,0,0.0000,0.0028,0.0028
dynamic_fast,439,0.2944,True,1,0,1,0.8080,0.8913,0.8080
dynamic_fast,440,0.1722,True,0,0,0,0.0450,0.0450,0.0450
dynamic_fast,441,0.3333,False,0,0,0,0.0026,0.0021,0.0021
dynamic_fast,442,0.3333,False,0,0,0,0.0153,0.0080,0.0080
dynamic_fast,443,0.7389,False,0,0,0,0.3680,0.3368,0.3368
dynamic_fast,444,0.5972,False,0,0,0,0.6114,0.5474,0.5474
dynamic_fast,445,0.5556,False,1,1,1,0.7923,0.8513,0.8513
dynamic_fast,446,0.5361,False,0,0,0,0.3619,0.3094,0.3094
dynamic_fast,447,0.4833,False,0,0,0,0.7755,0.7711,0.7711
dynamic_fast,448,0.1806,True,0,0,0,0.1216,0.1628,0.1216
dynamic_fast,449,0.6722,False,0,0,0,0.3078,0.3130,0.3130
dynamic_fast,450,0.1278,True,0,0,0,0.3306,0.3319,0.3306
dynamic_fast,451,0.1750,True,0,0,0,0.0081,0.0082,0.0081
dynamic_fast,452,0.2861,True,0,0,0,0.0237,0.0323,0.0237
dynamic_fast,453,0.1889,True,1,1,1,0.8167,1.0000,0.8167
dynamic_fast,454,0.5250,False,1,1,1,0.9194,0.9481,0.9481
dynamic_fast,455,0.2389,True,0,0,0,0.0091,0.0164,0.0091
dynamic_fast,456,0.2361,True,0,0,0,0.0073,0.0090,0.0073
dynamic_fast,457,0.7139,False,0,0,0,0.2354,0.2402,0.2402
dynamic_fast,458,0.5694,False,0,0,0,0.1080,0.4038,0.4038
dynamic_fast,459,0.0583,True,0,0,0,0.0176,0.0303,0.0176
dynamic_fast,460,0.2750,True,1,0,1,0.7928,0.9714,0.7928
dynamic_fast,461,0.1083,True,0,0,0,0.1131,0.1180,0.1131
dynamic_fast,462,0.3444,False,1,1,1,0.7788,0.8244,0.8244
dynamic_fast,463,0.2167,True,0,0,0,0.0516,0.0389,0.0516
dynamic_fast,464,0.3222,False,1,1,1,0.6801,0.8180,0.8180
dynamic_fast,465,0.6361,False,0,0,0,0.3011,0.2919,0.2919
dynamic_fast,466,0.1194,True,0,0,0,0.0574,0.0577,0.0574
dynamic_fast,467,0.0944,True,0,0,0,0.0372,0.0242,0.0372
dynamic_fast,468,0.7333,False,0,1,1,0.5826,0.8766,0.8766
dynamic_fast,469,0.6444,False,0,0,0,0.0000,0.0000,0.0000
dynamic_fast,470,0.7500,False,1,0,0,0.8619,0.5898,0.5898
dynamic_fast,471,0.1056,True,0,0,0,0.1963,0.1524,0.1963
dynamic_fast,472,0.1944,True,0,0,0,0.0787,0.0815,0.0787
dynamic_fast,473,0.1778,True,0,0,0,0.0123,0.0079,0.0123
dynamic_fast,474,0.6528,False,1,1,1,0.8418,0.8680,0.8680
dynamic_fast,475,0.2889,True,0,0,0,0.0027,0.0033,0.0027
dynamic_fast,476,0.4167,False,1,1,1,0.5437,0.6794,0.6794
dynamic_fast,477,0.1722,True,0,0,0,,,
dynamic_fast,478,0.4222,False,1,1,1,0.5670,0.5512,0.5512
dynamic_fast,479,0.2111,True,0,0,0,0.1785,0.2276,0.1785
dynamic_fast,480,0.3389,False,1,1,1,0.5902,0.5877,0.5877
dynamic_fast,481,0.4972,False,0,1,1,0.7623,0.8897,0.8897
dynamic_fast,482,0.1389,True,0,0,0,0.0185,0.0119,0.0185
dynamic_fast,483,0.7417,False,1,0,0,0.8391,0.8355,0.8355
dynamic_fast,484,0.3667,False,0,0,0,0.0669,0.6723,0.6723
dynamic_fast,485,0.7444,False,0,0,0,0.4741,0.4617,0.4617
dynamic_fast,486,0.1694,True,0,0,0,0.1402,0.1246,0.1402
dynamic_fast,487,0.1778,True,0,0,0,0.0228,0.0763,0.0228
dynamic_fast,488,0.1472,True,0,0,0,0.0600,0.0398,0.0600
dynamic_fast,489,0.2444,True,0,0,0,0.1089,0.1543,0.1089
dynamic_fast,490,0.1056,True,0,0,0,0.2116,0.2019,0.2116
dynamic_fast,491,0.3917,False,0,0,0,0.8487,0.4995,0.4995
dynamic_fast,492,0.5833,False,1,0,0,0.8271,0.8866,0.8866
dynamic_fast,493,0.6583,False,1,1,1,0.5606,0.6944,0.6944
dynamic_fast,494,0.5028,False,1,0,0,0.7867,0.6274,0.6274
dynamic_fast,495,0.4500,False,0,0,0,0.6811,0.6431,0.6431
dynamic_fast,496,0.3528,False,0,0,0,0.0000,0.0000,0.0000
dynamic_fast,497,0.2778,True,0,0,0,0.0051,0.0163,0.0051
dynamic_fast,498,0.3361,False,1,1,1,0.8233,0.9476,0.9476
dynamic_fast,499,0.2111,True,0,0,0,0.2006,0.1935,0.2006
