threshold,target_density,actual_density,trial,success,planning_time_ms,selected_planner,path_length,start_x,start_y,goal_x,goal_y
0.25,0.1,0.0974,0,True,0.21266937255859375,rrt_star,3,25.601347650522158,55.31674316147846,24.033501524942885,61.8390101027158
0.25,0.1,0.0974,1,True,2.315998077392578,rrt_star,6,57.188524057948094,39.65297694182613,65.44877151715664,66.93842506186189
0.25,0.1,0.0974,2,True,66.03121757507324,rrt_star,13,45.18438075319961,67.42617555642313,61.24657770945839,11.362287046278729
0.25,0.1,0.0974,3,True,0.9467601776123047,rrt_star,5,45.4017352027559,38.034833759344174,22.95174469304748,25.894067506343834
0.25,0.1,0.0974,4,True,29.48164939880371,rrt_star,5,60.45521153927525,50.88651493029876,58.71940942971208,41.1145064104491
0.25,0.1,0.0974,5,True,2.044200897216797,rrt_star,6,31.843331365801422,68.29217107300514,13.139550027705235,41.140109756140376
0.25,0.1,0.0974,6,True,0.8332729339599609,rrt_star,9,93.7143614784848,56.50380582458184,65.19722778917651,78.12281732586834
0.25,0.1,0.0974,7,True,0.04100799560546875,rrt_star,3,31.08934305148428,35.773884867596216,32.22592388147897,37.10603021677046
0.25,0.1,0.0974,8,True,10.921478271484375,rrt_star,5,33.362565441926286,21.040228568307874,25.31451524666921,15.842440090489307
0.25,0.1,0.0974,9,True,3.8144588470458984,rrt_star,8,43.130821438076985,45.817956391655265,38.92142892261868,76.63752738420386
0.25,0.1,0.0974,10,True,0.2758502960205078,rrt_star,4,57.65593827831555,59.522924836263904,66.32437728863715,65.93648272229083
0.25,0.1,0.0974,11,True,22.523164749145508,rrt_star,17,87.53129613284875,71.35552022023785,9.924861260043707,27.053816921164113
0.25,0.1,0.0974,12,True,4.629850387573242,rrt_star,18,71.20000540155121,6.667281268496933,15.710784026210863,56.70852028279147
0.25,0.1,0.0974,13,True,18.62812042236328,rrt_star,10,26.307458902040935,41.365121252762364,22.835003111986033,89.41551424097987
0.25,0.1,0.0974,14,True,7.833003997802734,rrt_star,18,91.89106679955273,91.49134657117911,20.100779430751892,23.784535781470307
0.25,0.1,0.0974,15,True,131.211519241333,rrt_star,6,66.50195184356724,34.57905607795112,71.97394942251685,54.1857219406439
0.25,0.1,0.0974,16,True,0.7531642913818359,rrt_star,5,36.51822653588446,60.33887568133938,49.198315552735586,80.51429493992102
0.25,0.1,0.0974,17,True,35.08472442626953,rrt_star,16,50.38990335769433,30.30727460282876,15.409163451606457,85.94933744066702
0.25,0.1,0.0974,18,True,26.630163192749023,rrt_star,12,39.446143178891305,51.963509696936654,83.9458638416883,10.507021661840259
0.25,0.1,0.0974,19,True,6.009101867675781,rrt_star,16,94.2245727606184,59.50919168085983,34.66951298393124,39.268950840481956
0.25,0.1,0.0974,20,True,0.3197193145751953,rrt_star,7,69.7711210148592,8.37307914179773,42.35892279261591,24.937310503217955
0.25,0.1,0.0974,21,True,14.817953109741211,rrt_star,11,49.55264507083081,30.991307078474488,89.24789440655651,65.00864593592692
0.25,0.1,0.0974,22,True,6.782770156860352,rrt_star,13,61.40184798149933,44.04506278861906,18.368920151423552,85.49827743951454
0.25,0.1,0.0974,23,True,1.2292861938476562,rrt_star,5,55.90913888232999,11.403714681682455,78.47059068161154,14.05238281607234
0.25,0.1,0.0974,24,True,12.447357177734375,rrt_star,6,66.20953876610477,92.91558570963957,69.90263082700815,65.43517326830218
0.25,0.1,0.0974,25,True,2.9091835021972656,rrt_star,15,27.65084941013813,28.415989877095992,50.811181276793334,79.69164423985163
0.25,0.1,0.0974,26,True,13.202905654907227,rrt_star,8,66.97514507892728,74.22625328135396,72.67697204749004,27.379525835176327
0.25,0.1,0.0974,27,True,3.8225650787353516,rrt_star,13,39.96661010187521,60.345317492825494,85.23624316766859,41.919363549724665
0.25,0.1,0.0974,28,True,0.957489013671875,rrt_star,7,53.80407092742694,73.66057865474254,25.225580654779254,71.68707932708175
0.25,0.1,0.0974,29,True,5.470037460327148,rrt_star,12,59.401574167844885,64.99789748052162,87.44045688348686,15.0200424933162
0.25,0.1,0.0974,30,True,9.130716323852539,rrt_star,11,20.473781940643555,58.01347289144745,76.64055764308785,57.86641147876936
0.25,0.1,0.0974,31,True,9.315729141235352,rrt_star,13,73.17958915078633,47.43042580502384,37.0898971002752,47.48567300490126
0.25,0.1,0.0974,32,True,3.7267208099365234,rrt_star,10,32.54289600800245,12.05950605250818,78.93518723326187,37.478978525457606
0.25,0.1,0.0974,33,True,0.016927719116210938,rrt_star,3,53.18661610851212,34.777206033768586,49.065748776116926,32.890880373592935
0.25,0.1,0.0974,34,True,19.942522048950195,rrt_star,9,91.85576576953,25.397884946207434,59.02149628038126,6.746918349756558
0.25,0.1,0.0974,35,True,4.396677017211914,rrt_star,11,92.66385695110533,33.95775627080873,85.64750923737408,82.26739175372677
0.25,0.1,0.0974,36,True,3.8509368896484375,rrt_star,5,25.95565585839913,83.5602673379883,44.75889359359327,80.20127095856925
0.25,0.1,0.0974,37,True,62.29233741760254,rrt_star,7,51.24291789352651,22.146559921395255,31.864708178212496,40.80769535197363
0.25,0.1,0.0974,38,True,10.482549667358398,rrt_star,8,31.090580505314296,7.041741508943589,82.79310102523104,24.90138457924596
0.25,0.1,0.0974,39,True,15.027523040771484,rrt_star,14,67.03690897042836,68.0777000766235,7.994448576076055,13.989958655678507
0.25,0.1,0.0974,40,True,1.2085437774658203,rrt_star,10,46.098399872704526,17.66018797691278,26.595568045797517,45.39008236816582
0.25,0.1,0.0974,41,True,54.04829978942871,rrt_star,13,92.16165201042209,76.27844844231039,29.133109521688805,37.39379136146912
0.25,0.1,0.0974,42,True,4.769325256347656,rrt_star,17,91.3366195532682,73.70849776685361,15.773773748487095,76.76122299675825
0.25,0.1,0.0974,43,True,6.107330322265625,rrt_star,15,27.595233800568987,79.53896946663421,88.03646924272927,55.16000665483414
0.25,0.1,0.0974,44,True,0.44536590576171875,rrt_star,7,30.720930403533877,11.392792993874995,56.895391615038434,40.146909174701634
0.25,0.1,0.0974,45,True,27.882099151611328,rrt_star,9,58.79186915153086,49.29138443875777,89.69690776301333,77.46646039258698
0.25,0.1,0.0974,46,True,9.199380874633789,rrt_star,15,79.14314633204253,26.942258001068453,28.386213708912376,44.206526615637
0.25,0.1,0.0974,47,True,1.6181468963623047,rrt_star,9,49.85718308159716,42.33218070286408,70.4803816628324,14.092616850173371
0.25,0.1,0.0974,48,False,32.97162055969238,rrt_star,0,68.8362698580597,35.1172352502488,46.40223034059088,94.28538088709817
0.25,0.1,0.0974,49,True,3.5774707794189453,rrt_star,8,80.01564068525781,5.173755261053582,63.94627155854179,29.958080818204316
0.25,0.2,0.2044,0,True,74.82790946960449,rrt_star,23,87.95746571824893,9.94168372079003,59.866380350532296,72.88853906382336
0.25,0.2,0.2044,1,True,4.484415054321289,rrt_star,13,39.52549924877148,90.55599337020612,67.49825672110875,67.1720698240705
0.25,0.2,0.2044,2,True,9.14311408996582,rrt_star,12,7.213961263023919,38.695360046200875,35.54520763065885,74.91612183214346
0.25,0.2,0.2044,3,True,99.7762680053711,rrt_star,8,75.62966089020351,88.54689963604464,55.265166918310065,94.30431794744531
0.25,0.2,0.2044,4,False,33.379554748535156,rrt_star,0,37.9706049545416,63.60575692417903,81.56023189716694,43.452172591142904
0.25,0.2,0.2044,5,True,37.51873970031738,rrt_star,4,65.48385086114124,59.79721310458026,69.57749071163161,45.23027237358837
0.25,0.2,0.2044,6,True,4.155635833740234,rrt_star,10,63.297771819846844,88.66046047263242,26.25554859145381,87.20515268143987
0.25,0.2,0.2044,7,True,1.6493797302246094,rrt_star,10,66.04223905794078,68.69429029324152,27.181572059916185,64.30399593386032
0.25,0.2,0.2044,8,True,7.587194442749023,rrt_star,13,53.44757420908174,51.427173601068304,21.96161270300079,87.21114882007225
0.25,0.2,0.2044,9,True,23.92745018005371,rrt_star,13,81.2927093834217,57.36989144518279,38.239340442760415,20.2028722094798
0.25,0.2,0.2044,10,True,12.884140014648438,rrt_star,17,13.831801288880317,89.94147525194573,48.76284949349978,21.391749497615308
0.25,0.2,0.2044,11,True,4.886388778686523,rrt_star,24,84.04619864836135,6.915558842491478,24.68913122291855,88.4859180915235
0.25,0.2,0.2044,12,True,15.920877456665039,rrt_star,16,45.38154799981554,37.0756976392337,6.436443362477567,80.35246853361599
0.25,0.2,0.2044,13,True,0.30803680419921875,rrt_star,3,44.446091762475234,47.44681343517722,55.03533752358889,53.31301020027408
0.25,0.2,0.2044,14,True,289.5069122314453,rrt_star,21,13.997847024182102,29.003915699178616,75.7392036725493,93.26372230383765
0.25,0.2,0.2044,15,True,3.7016868591308594,rrt_star,11,48.79305156898712,27.819604655446096,26.126548327853392,69.63820813405027
0.25,0.2,0.2044,16,True,0.2505779266357422,rrt_star,3,62.64951164507945,69.48740219681378,62.52490073302842,78.92693001400306
0.25,0.2,0.2044,17,True,9.955406188964844,rrt_star,19,33.73229210781135,16.527693182247127,75.96921425428194,80.65369323210123
0.25,0.2,0.2044,18,True,49.71718788146973,rrt_star,15,37.5689138242151,64.40442465027208,94.18240521764406,91.63891134334463
0.25,0.2,0.2044,19,True,7.553577423095703,rrt_star,17,7.187778226382565,25.77117166963783,71.11550553870707,57.62401665463385
0.25,0.2,0.2044,20,True,77.42691040039062,rrt_star,15,80.49621074091799,82.51926131679618,82.04378687568267,11.173046275693022
0.25,0.2,0.2044,21,True,19.136667251586914,rrt_star,15,10.828722601569371,5.765928474197002,58.55857995477493,41.163100189702675
0.25,0.2,0.2044,22,True,47.24693298339844,rrt_star,6,47.95434490045622,53.60434279885035,38.558613723727,43.97960918350476
0.25,0.2,0.2044,23,False,31.835079193115234,rrt_star,0,85.7876098682217,79.44368729853848,72.68928942725444,93.6185190130699
0.25,0.2,0.2044,24,False,31.89706802368164,rrt_star,0,83.76597126032698,38.556771813884374,62.72403412235178,82.58826817114469
0.25,0.2,0.2044,25,True,5.43665885925293,rrt_star,15,94.54816455082508,10.49211136526272,67.90320596139226,74.22605138246827
0.25,0.2,0.2044,26,True,1.0442733764648438,rrt_star,12,90.10633238808141,93.1781883539426,54.822996972444244,54.081649909435605
0.25,0.2,0.2044,27,True,2.124309539794922,rrt_star,17,68.28572971315278,12.138804599406871,21.428422818647462,51.393382113709364
0.25,0.2,0.2044,28,True,3.964662551879883,rrt_star,7,8.497277520757493,32.523673439454164,15.83383218199477,6.4473956873579965
0.25,0.2,0.2044,29,True,33.50067138671875,rrt_star,20,81.7551354274568,45.35917996930717,26.35590300138743,93.591446585113
0.25,0.2,0.2044,30,True,0.4343986511230469,rrt_star,7,7.6910022498959325,74.66038591175291,40.33375571496406,78.98852629062029
0.25,0.2,0.2044,31,True,5.94019889831543,rrt_star,18,38.01764099135267,14.131369189881372,67.05678113778785,69.06142784632911
0.25,0.2,0.2044,32,True,1.0368824005126953,rrt_star,8,6.326506314490487,75.12404001733888,23.246828604465392,47.23337359011033
0.25,0.2,0.2044,33,True,25.181293487548828,rrt_star,16,70.89509118288143,81.20668564229825,85.85310435980867,21.060690030157758
0.25,0.2,0.2044,34,False,32.82880783081055,rrt_star,0,46.27820889726784,38.67566077302494,37.979980417794735,57.026680287039696
0.25,0.2,0.2044,35,True,130.60688972473145,rrt_star,20,78.10015561203763,32.118787974497295,39.03016951699573,29.70647951532677
0.25,0.2,0.2044,36,True,68.90273094177246,rrt_star,16,75.38949246659371,48.9272286423508,46.042417871536315,5.974283785990383
0.25,0.2,0.2044,37,True,2.0384788513183594,rrt_star,17,65.31556309897991,16.8421785574998,26.68923754009055,68.98342530892799
0.25,0.2,0.2044,38,False,47.16181755065918,rrt_star,0,24.937576304906262,37.48851750451536,86.641899702679,70.41897240996396
0.25,0.2,0.2044,39,True,45.58587074279785,rrt_star,16,9.553599536562796,39.974313640275895,61.35221141645035,21.456573264121467
0.25,0.2,0.2044,40,True,55.967092514038086,rrt_star,15,66.18385950764508,74.29056210052066,52.67016530545276,10.344394203286821
0.25,0.2,0.2044,41,True,61.78164482116699,rrt_star,17,15.785618155121062,89.23653138658244,45.345925743192275,56.441781278389286
0.25,0.2,0.2044,42,True,22.417783737182617,rrt_star,9,53.9447804754406,40.22810424830393,13.416195550418188,45.4364700157995
0.25,0.2,0.2044,43,True,15.473365783691406,rrt_star,15,78.34884184703856,30.023980943322012,76.83609659648116,73.58085036767174
0.25,0.2,0.2044,44,True,4.946708679199219,rrt_star,15,45.313040717798415,79.92676216868162,43.041683695441094,16.497179755224494
0.25,0.2,0.2044,45,True,3.292560577392578,rrt_star,14,75.69101139913543,81.88841866973316,43.39634401240057,23.47937713426884
0.25,0.2,0.2044,46,True,95.25895118713379,rrt_star,6,58.70506435365538,68.99412216118378,42.4742858429542,79.1777140416578
0.25,0.2,0.2044,47,True,37.65058517456055,rrt_star,10,22.086292790304835,76.81745961742993,48.657977131841335,83.33450017063495
0.25,0.2,0.2044,48,True,75.40583610534668,rrt_star,7,41.45104707980079,37.10071363225561,68.28740238119774,12.67563661975931
0.25,0.2,0.2044,49,True,41.84412956237793,rrt_star,16,13.23991586505905,38.50021103236594,78.82215245828196,67.17404508050952
0.25,0.30000000000000004,0.3018,0,True,10.52955589337851,ppo,21,15.801759180080467,40.0431395144114,66.13585267486361,58.6011751318966
0.25,0.30000000000000004,0.3018,1,True,8.151564936774863,ppo,17,91.00966342201046,41.99675271450998,49.38700426826552,44.56700140569316
0.25,0.30000000000000004,0.3018,2,True,12.65921817041661,ppo,27,46.23065565243062,10.327616990343902,77.00998416316743,62.632892537438956
0.25,0.30000000000000004,0.3018,3,True,6.52561558062994,ppo,16,13.999329800194296,23.13435906572444,46.296890377425676,10.724587035644884
0.25,0.30000000000000004,0.3018,4,True,9.804904373076786,ppo,22,12.483335944344773,47.80626026793607,57.568941352385224,35.73324599613634
0.25,0.30000000000000004,0.3018,5,True,9.599141344195413,ppo,11,33.64512644821693,90.759675696055,48.21523525261197,73.45087576828814
0.25,0.30000000000000004,0.3018,6,False,6.459005498943338,ppo,0,57.70962069795509,29.271846425940527,69.90967821051267,32.2313364819578
0.25,0.30000000000000004,0.3018,7,True,5.0,ppo,8,94.49533761002674,81.24153246387219,39.8252436237266,13.333542506129595
0.25,0.30000000000000004,0.3018,8,False,7.782582840910806,ppo,0,17.493877181564095,67.8252871098012,15.464345594962655,87.1661091291022
0.25,0.30000000000000004,0.3018,9,True,11.667668842541133,ppo,2,60.69551370169821,32.105027185731586,60.690729299859925,29.948604640963616
0.25,0.30000000000000004,0.3018,10,True,7.333709297056685,ppo,30,91.18402919512165,9.905166449517948,29.654612497103887,53.3792634891528
0.25,0.30000000000000004,0.3018,11,True,13.632127728002812,ppo,24,62.34156786084538,83.93503631162798,46.13966815422325,33.54304504207208
0.25,0.30000000000000004,0.3018,12,True,15.840239450286747,ppo,15,92.0057792813806,38.78308115928863,67.49029437654548,19.940449776727547
0.25,0.30000000000000004,0.3018,13,True,8.165495777879391,ppo,4,64.09212710161935,90.32455932989947,67.96407535764043,81.89760691318841
0.25,0.30000000000000004,0.3018,14,True,11.372199234900163,ppo,20,45.25542430044401,93.34434451162386,6.4018478958502065,67.7889692745469
0.25,0.30000000000000004,0.3018,15,False,13.83858621517254,ppo,0,24.89511311958105,39.3108484268835,22.52226214447767,77.56327556858058
0.25,0.30000000000000004,0.3018,16,True,12.260508562402668,ppo,7,63.69288810366438,30.240726804818934,67.99726374248837,15.71677016013967
0.25,0.30000000000000004,0.3018,17,True,9.415885252956913,ppo,23,71.50439704080088,34.32161331771634,53.878459881326755,91.1406502861854
0.25,0.30000000000000004,0.3018,18,False,10.081264298576114,ppo,0,56.39744083743116,21.816418640138288,56.869862755115186,84.26525603895176
0.25,0.30000000000000004,0.3018,19,False,11.634167605854671,ppo,0,89.42300028565073,42.678586702184866,39.680162712747595,19.108291373143373
0.25,0.30000000000000004,0.3018,20,True,8.586832480319334,ppo,14,29.775614229355043,92.20715128622754,8.099874977291908,70.19298034338996
0.25,0.30000000000000004,0.3018,21,True,6.727741612714201,ppo,16,73.38619392437793,44.56505762003497,34.800560740697534,50.86722147987211
0.25,0.30000000000000004,0.3018,22,False,10.272978347464484,ppo,0,57.53328994881008,44.876729669164035,20.929672197682045,83.09073803043236
0.25,0.30000000000000004,0.3018,23,True,11.65600143753525,ppo,18,46.53670863734492,79.70617404557085,94.77246476370601,78.9483771488754
0.25,0.30000000000000004,0.3018,24,True,10.868783431334874,ppo,17,48.28212426423609,35.830603690675716,50.03393094655624,71.24020228492824
0.25,0.30000000000000004,0.3018,25,True,8.87593775935156,ppo,13,50.40541007912706,39.55778665347554,20.719236768651136,39.96953270313095
0.25,0.30000000000000004,0.3018,26,True,14.242679348964687,ppo,25,52.299888334150005,7.2914735618044215,84.4407864923867,47.626260088713224
0.25,0.30000000000000004,0.3018,27,False,8.975014429261524,ppo,0,23.095863286865644,70.83249930109606,34.37026495097882,13.032585695878348
0.25,0.30000000000000004,0.3018,28,True,7.475126841362089,ppo,12,53.55096894133082,70.85037530796603,34.96269373210589,83.59746279142888
0.25,0.30000000000000004,0.3018,29,True,8.303646686270525,ppo,9,70.69337423549689,79.79960889481345,79.33651842211277,64.17698421967252
0.25,0.30000000000000004,0.3018,30,True,5.674834910523661,ppo,32,94.36490008546342,49.924333000960445,19.709825779816185,18.12725058340782
0.25,0.30000000000000004,0.3018,31,False,8.137901941373467,ppo,0,23.908965207723007,52.00896243119344,61.75598575980374,64.59418957027228
0.25,0.30000000000000004,0.3018,32,False,8.984882342701969,ppo,0,73.11162422229262,5.444377886930418,80.5843909606631,6.511633154465464
0.25,0.30000000000000004,0.3018,33,True,6.66908517245442,ppo,22,74.89957673414611,56.72832754371582,54.98195717519155,9.193081773798164
0.25,0.30000000000000004,0.3018,34,False,7.77642913670215,ppo,0,66.8378669629524,54.88844619405524,29.73036361975385,47.867667890508926
0.25,0.30000000000000004,0.3018,35,True,8.748961245010452,ppo,37,5.313473125911042,85.31797360592573,93.95326046261437,74.10634466644132
0.25,0.30000000000000004,0.3018,36,True,10.90252726644959,ppo,20,48.45904048273729,72.73224289087236,26.4984266151215,28.95270623217205
0.25,0.30000000000000004,0.3018,37,True,9.353491884313794,ppo,12,85.05368551540384,21.83989721696249,80.52574016967854,51.027980236721596
0.25,0.30000000000000004,0.3018,38,True,10.61920272057459,ppo,2,78.69943359199591,40.33714441671865,77.93182376860675,39.465909842976956
0.25,0.30000000000000004,0.3018,39,False,5.22865200500779,ppo,0,53.32721343061869,25.774026251029163,69.57444651170061,55.42342119416733
0.25,0.30000000000000004,0.3018,40,True,9.673164141245508,ppo,14,13.280445855616573,70.70513088275418,20.74139748578703,35.87944545984355
0.25,0.30000000000000004,0.3018,41,True,8.634677124924165,ppo,16,75.85362812398135,72.11046054554737,47.00394121604031,48.597686469371865
0.25,0.30000000000000004,0.3018,42,True,7.589632873380762,ppo,16,20.100716876809145,86.77670113276187,50.837748649458256,64.08834872983405
0.25,0.30000000000000004,0.3018,43,True,8.592690069821543,ppo,29,21.936848190999807,45.129347462133026,75.8914442747376,20.91098376942225
0.25,0.30000000000000004,0.3018,44,True,15.101245785220593,ppo,22,89.95402747880318,71.97982826211975,69.7332845226619,22.322930940559562
0.25,0.30000000000000004,0.3018,45,True,10.904808279467579,ppo,21,48.717522887736784,68.23630617056207,84.24635447680691,34.31701480398823
0.25,0.30000000000000004,0.3018,46,True,9.07847843071022,ppo,5,77.30440551816773,35.146069190590424,68.58417623153049,27.92675040458846
0.25,0.30000000000000004,0.3018,47,False,9.177113431657373,ppo,0,81.03836331598367,82.01026718853164,52.17542396080674,53.56632572613766
0.25,0.30000000000000004,0.3018,48,True,7.938985207553774,ppo,28,52.20454242555405,8.280636384194835,75.77911175416094,63.616533903643045
0.25,0.30000000000000004,0.3018,49,True,15.979987774560675,ppo,21,82.69204069125627,88.00725499287233,61.356012095030785,52.01640344729969
0.25,0.4,0.3976,0,True,17.14448051506745,ppo,38,13.844176568127475,93.27432083163787,91.58631899300312,87.42729179289718
0.25,0.4,0.3976,1,True,11.940304374125347,ppo,17,15.4109977938713,41.10229675577472,81.70897682690298,34.38635415326455
0.25,0.4,0.3976,2,True,12.415637871524082,ppo,8,18.531144962253855,19.827199501775574,17.581507735583415,33.796864994130075
0.25,0.4,0.3976,3,True,15.754401924980257,ppo,25,75.46320133706223,41.74790758897854,17.887479233959688,37.90655983487795
0.25,0.4,0.3976,4,True,9.558950005753912,ppo,19,60.96047412656534,26.31191471762445,31.927116749848825,56.316518477210515
0.25,0.4,0.3976,5,True,11.000302685304554,ppo,13,5.191131240664168,89.67092903253108,29.152873262425572,14.77836840620631
0.25,0.4,0.3976,6,True,17.529415745681796,ppo,17,62.75988630325545,17.52867326253681,61.94285026933608,59.50096288428501
0.25,0.4,0.3976,7,True,10.609039161401034,ppo,36,62.488312377600764,63.015802405611865,5.974741706536594,7.407157499703141
0.25,0.4,0.3976,8,True,13.875417829723196,ppo,8,74.28254320636313,71.6583724726024,61.448345850639505,60.41694831116248
0.25,0.4,0.3976,9,False,10.425533003640032,ppo,0,8.86587952162621,60.36172011836314,6.400328950414826,45.250674346349406
0.25,0.4,0.3976,10,True,8.888358001697132,ppo,23,69.22550552124153,32.709978858854505,20.821380012335098,13.866892039329242
0.25,0.4,0.3976,11,True,9.412998900855731,ppo,18,54.772724584989824,7.8511301765573265,27.3206459192339,23.251363948496333
0.25,0.4,0.3976,12,True,14.940790787327284,ppo,21,59.19876487753308,36.57644334642573,12.935305136008957,18.995532770892908
0.25,0.4,0.3976,13,True,6.44051172736074,ppo,37,15.946520443886014,24.796603940558096,54.54852749152411,86.46758813414532
0.25,0.4,0.3976,14,True,12.207502399070476,ppo,7,39.72105462491336,18.851613667103308,51.09937013731216,9.024538683747801
0.25,0.4,0.3976,15,True,10.594148437777811,ppo,10,19.30559791320366,94.37427175599288,44.6646519193132,94.06941383313367
0.25,0.4,0.3976,16,True,13.203529804433366,ppo,13,23.59429428577211,10.55771516896884,47.23341115364382,29.37083852127334
0.25,0.4,0.3976,17,True,12.914820373416143,ppo,27,84.1955728032683,87.53545698985484,87.36433777795014,22.200868070872964
0.25,0.4,0.3976,18,True,9.066107734834624,ppo,30,54.21730695792524,13.922517758152878,50.683301656989265,82.0193457422087
0.25,0.4,0.3976,19,True,12.719149158090492,ppo,28,93.78462729637764,18.314672624628447,73.78220329919927,79.19799417890637
0.25,0.4,0.3976,20,True,11.764283352730207,ppo,17,51.20879424983262,14.259361731489559,50.19122341851575,62.12177359416525
0.25,0.4,0.3976,21,True,8.467502802845495,ppo,15,84.10243924523421,42.353350771389685,56.015324316097214,60.75294305664429
0.25,0.4,0.3976,22,False,10.07275380844801,ppo,0,16.047829886565715,5.157092052531377,64.98691468767325,45.43444439322888
0.25,0.4,0.3976,23,True,6.613215796139563,ppo,14,48.342365193102516,32.94389723108766,43.7070336060643,8.736790227687262
0.25,0.4,0.3976,24,True,11.783978410843906,ppo,14,5.6388344702577164,62.395183339102495,17.598233805789995,91.60612222201007
0.25,0.4,0.3976,25,True,13.77943587343086,ppo,20,73.41911730387518,87.461713820667,51.12129099303278,59.84023389375268
0.25,0.4,0.3976,26,True,14.860384301525704,ppo,7,26.564336385179594,79.0759639868307,94.00850891560555,69.61028989250406
0.25,0.4,0.3976,27,True,14.051270267123908,ppo,39,62.71678819792592,23.752113215742636,39.731170364526456,93.37809354628189
0.25,0.4,0.3976,28,False,10.83719647554446,ppo,0,45.63227943203954,62.193072991228064,30.84474420621455,32.88009261132815
0.25,0.4,0.3976,29,True,8.169559585232324,ppo,37,5.062604699234532,33.87774318880409,85.34337667516847,34.74135491545239
0.25,0.4,0.3976,30,True,12.622175718942419,ppo,6,42.66068664186364,52.80866558780023,30.681224926077,45.53359766515994
0.25,0.4,0.3976,31,True,12.627510576985044,ppo,22,35.254938492194874,38.135726744923076,58.600741122715256,72.20651453083518
0.25,0.4,0.3976,32,False,12.14080296220917,ppo,0,89.19830888905558,23.820529946385708,26.719827352276518,34.465855823959245
0.25,0.4,0.3976,33,True,6.455096177251612,ppo,6,81.86689635394485,48.8405990787097,72.0366190974615,57.549495867529814
0.25,0.4,0.3976,34,True,13.509523154969935,ppo,29,16.352924335402108,88.74330424709161,65.81057060941122,54.964375024565555
0.25,0.4,0.3976,35,False,11.518104071752367,ppo,0,75.72172030194717,28.500586167321636,37.52604094856473,51.78345597492352
0.25,0.4,0.3976,36,True,11.80912952694241,ppo,10,22.22624695891535,80.06152290377953,41.81791338422821,60.70393089340596
0.25,0.4,0.3976,37,True,11.950516763771141,ppo,31,86.58119044060942,41.1623620998699,31.802715504275685,41.12647666748845
0.25,0.4,0.3976,38,True,9.830855229868718,ppo,18,63.7873504482197,22.279732901616264,46.8016630774937,75.77362904397233
0.25,0.4,0.3976,39,True,6.754290842253203,ppo,11,86.12770408753393,62.09915955993609,65.97749738405574,71.9514270179282
0.25,0.4,0.3976,40,True,8.558024468748133,ppo,18,91.81905441601133,5.142159974039337,58.55878038557688,21.398101384030582
0.25,0.4,0.3976,41,True,9.391233790042039,ppo,34,24.175770589271483,14.819831350835122,29.51945885296686,81.89941938585727
0.25,0.4,0.3976,42,True,13.651768160895292,ppo,14,73.88393793058523,73.2603225865807,79.36167779628623,38.81211603349068
0.25,0.4,0.3976,43,False,9.804402204663985,ppo,0,19.118075013714265,20.892108926748655,29.93979877587018,51.94327549645208
0.25,0.4,0.3976,44,True,8.090720735321225,ppo,21,7.8390793859676435,70.36188039658201,56.376584849014854,68.99289426538343
0.25,0.4,0.3976,45,False,10.591805884473551,ppo,0,51.23634259505824,76.15469367266053,72.73587851505518,54.94866174232243
0.25,0.4,0.3976,46,True,12.830425345808663,ppo,16,64.48762560663064,38.71633213823125,81.65399826261589,77.85424091063989
0.25,0.4,0.3976,47,True,5.819877922272408,ppo,11,36.92110013481613,35.723493107778644,58.82678075363769,17.851939956695126
0.25,0.4,0.3976,48,True,8.815202350886665,ppo,23,66.43418568326217,25.009603962143096,36.151784111971665,66.65297526925664
0.25,0.4,0.3976,49,True,13.308612233677083,ppo,9,59.32509243361054,43.12809742555766,61.6425362199037,21.561808719642574
0.25,0.5,0.4996,0,True,12.61207373782749,ppo,26,73.94182903156317,35.24998930175609,27.256859054450885,17.259565558402464
0.25,0.5,0.4996,1,True,10.406623228539097,ppo,22,13.049988163415158,67.8110233770206,69.49122620850567,61.45108657996122
0.25,0.5,0.4996,2,False,12.005406897408204,ppo,0,79.89332531223664,31.104732239595627,64.2201406248069,74.09260693526612
0.25,0.5,0.4996,3,True,9.370957123914724,ppo,31,36.74720454445768,94.5775593861246,10.906465981838139,35.464310757761325
0.25,0.5,0.4996,4,False,9.169588513830691,ppo,0,59.11872193296558,29.576122286950127,63.58828375731407,38.34937727339427
0.25,0.5,0.4996,5,False,16.024460411095387,ppo,0,83.75363905545213,59.03328265966916,76.88696010386091,66.97484711950617
0.25,0.5,0.4996,6,True,13.642372706496763,ppo,19,37.78303850453381,31.55181803814892,61.9339201433573,78.12198680821659
0.25,0.5,0.4996,7,True,13.915524292133503,ppo,11,79.9882484749502,56.78297100145208,61.93193332415925,51.822010923755194
0.25,0.5,0.4996,8,False,10.131693785393223,ppo,0,53.41697222144011,14.747882258789222,24.642107416589205,83.69277447375548
0.25,0.5,0.4996,9,True,8.43979712627547,ppo,6,11.609582790635722,59.35059199573625,11.76135826271691,49.6719265962273
0.25,0.5,0.4996,10,True,11.736915781952336,ppo,5,8.825827462992454,22.873088058214265,18.82674889699331,75.39449486036149
0.25,0.5,0.4996,11,True,12.671111500739618,ppo,12,58.42251802352718,83.39501938717179,82.84770299295411,91.53951007562277
0.25,0.5,0.4996,12,False,13.485715019075162,ppo,0,51.41957796856759,48.23951741011321,27.20547327011898,22.565684013807427
0.25,0.5,0.4996,13,False,16.172785899028938,ppo,0,77.33190820344828,66.41674800958984,52.29546235429014,46.71220127690862
0.25,0.5,0.4996,14,False,12.317767342393875,ppo,0,41.283709957410466,8.42063433325199,22.80308494270208,9.751168034184886
0.25,0.5,0.4996,15,False,12.591128531052249,ppo,0,65.6896136714963,70.53164864373846,89.1954804124989,6.9410715545081345
0.25,0.5,0.4996,16,True,11.58855050555125,ppo,29,70.85510434838694,20.320982204141455,24.39265075293859,50.50538445043327
0.25,0.5,0.4996,17,True,12.924855725035178,ppo,11,93.04664775788575,15.066294441495522,83.70154441400894,31.242111337231847
0.25,0.5,0.4996,18,True,12.586391159804645,ppo,8,27.701830333838114,41.317904982741254,18.08229283462618,30.76384765965562
0.25,0.5,0.4996,19,True,10.723806035184012,ppo,10,20.005021290172245,14.152568080400926,15.650957200156174,31.734177938179762
0.25,0.5,0.4996,20,True,12.20025365205121,ppo,33,84.21539787818003,36.446999186409805,33.240270796615754,91.03401044785772
0.25,0.5,0.4996,21,False,11.523886092916413,ppo,0,52.784733155730436,76.17205218540434,12.81516372473384,65.40845378774361
0.25,0.5,0.4996,22,False,14.050457433036055,ppo,0,79.8226922565549,41.59246393460247,25.50468925857109,44.138939824754736
0.25,0.5,0.4996,23,True,11.43573056371166,ppo,19,75.45867055246035,79.67860640961106,59.20517377158397,21.81686056690457
0.25,0.5,0.4996,24,True,11.252487568274901,ppo,20,89.37851239357255,39.137847046806016,52.18681137967631,46.23577006449924
0.25,0.5,0.4996,25,True,12.407976595293537,ppo,18,52.01420747178213,81.76249179433643,38.159602230400054,9.510548238115426
0.25,0.5,0.4996,26,False,9.334728028659946,ppo,0,66.8760407852775,68.55133923409579,10.752378226104339,93.6677065630847
0.25,0.5,0.4996,27,True,12.589335157331199,ppo,13,49.35519580432708,32.541597301347636,87.62641249968875,10.832282954417394
0.25,0.5,0.4996,28,True,11.066985316024848,ppo,49,28.776387558892715,35.6765594052236,83.56537436053611,60.577927994010054
0.25,0.5,0.4996,29,True,10.566730922566764,ppo,20,93.91115286935865,58.59623153111574,80.45510731525866,16.899911952082576
0.25,0.5,0.4996,30,True,8.26158165587811,ppo,17,47.421651547407166,55.666639101044176,83.64728920090695,52.67209752345693
0.25,0.5,0.4996,31,True,13.825294998899947,ppo,19,68.14621957455518,46.99990291866586,61.61033566271089,11.959026544497446
0.25,0.5,0.4996,32,True,13.859030211855691,ppo,31,35.97273864866783,91.78392753799024,90.61300744786165,53.372441266788805
0.25,0.5,0.4996,33,True,18.337671985660833,ppo,10,84.72415775188615,72.33399404490385,24.078542673840467,55.45061615776366
0.25,0.5,0.4996,34,True,13.4978101047972,ppo,7,86.98906457269076,82.77498564969042,39.94975030872343,56.880787561420775
0.25,0.5,0.4996,35,True,14.858240020051793,ppo,25,55.75252055236938,52.62242597156685,18.318089398390057,84.21422846209276
0.25,0.5,0.4996,36,True,14.098077489207325,ppo,6,29.706254313409836,56.60682984304558,24.945152098796605,67.14798905716546
0.25,0.5,0.4996,37,False,13.717741856457751,ppo,0,68.66620486211892,93.40554597458737,76.83053343880702,26.540206526877586
0.25,0.5,0.4996,38,True,11.36041625454132,ppo,4,27.70865460153959,89.11169110235286,54.14759936256369,67.53641209769299
0.25,0.5,0.4996,39,True,11.498962138004591,ppo,19,42.31602651040459,94.94830166773151,61.78403959986716,60.63618641188714
0.25,0.5,0.4996,40,False,11.506296580726707,ppo,0,78.68618389194461,75.33802467029783,43.99994422120221,88.53486357745346
0.25,0.5,0.4996,41,True,6.950182533135126,ppo,32,55.28944186024175,5.451250431629511,74.22718246747908,59.43823807871945
0.25,0.5,0.4996,42,False,9.171040450270299,ppo,0,26.6731047026733,90.72300165749469,54.583005982950596,81.61214355090749
0.25,0.5,0.4996,43,True,10.039960863501056,ppo,3,51.417959690489084,13.491925824033657,51.30744400684654,45.238415479801525
0.25,0.5,0.4996,44,True,10.419298776214779,ppo,17,71.74682505778124,15.299749495110929,86.42504690070551,40.81203842151325
0.25,0.5,0.4996,45,False,10.63148753843983,ppo,0,41.07897523405497,60.12583708166137,5.793144096067238,70.16976720970052
0.25,0.5,0.4996,46,True,8.198261984605036,ppo,18,16.909679280721384,21.559366663220302,61.829300358727096,13.937509152749007
0.25,0.5,0.4996,47,True,11.825565056855691,ppo,9,42.85558326425939,62.30747688806109,25.728022182334232,72.86669396508732
0.25,0.5,0.4996,48,True,14.040306363402768,ppo,31,61.12287542680384,62.84038054438131,15.297294743581144,24.655727316260126
0.25,0.5,0.4996,49,True,18.190521922110502,ppo,27,42.416725388066986,38.36791090572089,18.406042871537387,89.06622051763303
0.25,0.6,0.5965,0,True,12.535660883694991,ppo,22,34.222657365199964,40.99432608391993,32.94660102252172,92.19988295141225
0.25,0.6,0.5965,1,True,14.345933205661646,ppo,29,47.21858721646793,93.65029338971686,6.2229263013713085,16.77733745228828
0.25,0.6,0.5965,2,True,14.279750059279081,ppo,13,25.564693812491836,62.22375067749072,71.50424261881923,6.706124662125338
0.25,0.6,0.5965,3,True,12.876075152464379,ppo,3,70.05358926971124,21.200620027473107,25.710690460669362,37.7911223087967
0.25,0.6,0.5965,4,True,9.966883506678919,ppo,17,39.272473689649026,38.068263698358464,23.040823318347446,88.24355600343995
0.25,0.6,0.5965,5,True,12.622111368288143,ppo,2,39.09070282086029,8.074192754414055,92.82068566659993,42.58335771476208
0.25,0.6,0.5965,6,True,14.9044164897197,ppo,3,77.71413393630435,63.091991658005085,76.29305210781659,69.00807095659832
0.25,0.6,0.5965,7,True,16.452256722693537,ppo,6,65.01126462406033,78.74627839367257,25.159701777046667,65.92370787996595
0.25,0.6,0.5965,8,False,9.656300159384157,ppo,0,87.63148004184661,42.92854145427857,80.64803755706389,21.81342285423595
0.25,0.6,0.5965,9,True,15.217395443967808,ppo,15,23.517826716131847,42.176084023840566,69.48139204598468,91.39654300191619
0.25,0.6,0.5965,10,False,6.718123112384929,ppo,0,72.75313054536636,47.16450527629649,31.163583922311958,62.431568821834794
0.25,0.6,0.5965,11,True,7.444403818251488,ppo,14,90.15611226319515,89.53166109162319,28.55170503991754,59.67920723263617
0.25,0.6,0.5965,12,True,8.680618029834138,ppo,5,61.02268283475695,77.87427852641099,13.282486040843972,63.64096753537794
0.25,0.6,0.5965,13,True,15.50770084770263,ppo,10,10.094423352547587,76.9677048413392,26.671449151175846,54.4240106733856
0.25,0.6,0.5965,14,True,15.419669577583935,ppo,13,72.96703636477197,37.71629488036053,23.345866261075738,81.93939194356993
0.25,0.6,0.5965,15,True,14.042414564087208,ppo,17,84.94903962829851,44.01705516579932,26.179453835131802,50.99842074328542
0.25,0.6,0.5965,16,True,12.981074223735794,ppo,6,57.00780812024932,63.20707979224127,76.63196630823188,52.076347568168934
0.25,0.6,0.5965,17,True,17.20691495803954,ppo,4,48.34426827580726,21.945215679078796,5.2661360341228605,57.05256540491487
0.25,0.6,0.5965,18,True,13.055234768049,ppo,4,19.918546841541097,36.22252936197409,67.79830501654325,63.63280129878899
0.25,0.6,0.5965,19,True,10.750806491704234,ppo,12,50.08947069307437,69.45759735863696,87.02193163405472,62.157111657512004
0.25,0.6,0.5965,20,True,12.05979583822116,ppo,15,63.867914138650214,47.49138404038982,81.85513758153242,90.81435569257773
0.25,0.6,0.5965,21,True,9.148764182524939,ppo,4,42.48323068281138,62.63823759299876,20.291494816158412,45.40609718385661
0.25,0.6,0.5965,22,True,13.3842055647597,ppo,34,14.332756126418541,40.95051551320125,35.223360552420544,87.05418130021975
0.25,0.6,0.5965,23,True,10.579957935691105,ppo,7,62.91410319032071,86.45468845379162,82.97035915739954,54.10660307433455
0.25,0.6,0.5965,24,True,9.130515775982934,ppo,2,5.442020565401999,59.343359766175006,47.48732794091806,67.82421593279021
0.25,0.6,0.5965,25,True,8.277025111035018,ppo,2,85.0599676913024,23.53832147220233,34.10386994237058,53.60010755803003
0.25,0.6,0.5965,26,True,8.884102892908464,ppo,9,26.229240285011585,37.98981241758882,29.954231655560843,62.58440730854923
0.25,0.6,0.5965,27,True,12.538217253619454,ppo,23,27.269824269401578,11.508677486606844,90.38052342839987,13.00126996021439
0.25,0.6,0.5965,28,True,7.957480665760334,ppo,6,14.519605099302165,77.86379318308704,93.79901684621002,24.139425021627858
0.25,0.6,0.5965,29,True,13.850376300116098,ppo,3,7.533715174639417,44.19587038199032,14.023848453212237,45.26106402364156
0.25,0.6,0.5965,30,False,9.250898059436395,ppo,0,6.630254082973089,45.848304601828964,8.836746508988195,60.87266462067952
0.25,0.6,0.5965,31,True,9.70464639038383,ppo,20,14.787640201929907,46.382896353300026,25.567326137947326,83.38005479317998
0.25,0.6,0.5965,32,True,12.258859149687664,ppo,1,13.548388523327125,43.06872562407823,36.39010947538769,82.43196311547226
0.25,0.6,0.5965,33,True,20.69616030927749,ppo,9,76.008771331708,89.79331642725413,89.63413201282826,11.277032149640036
0.25,0.6,0.5965,34,True,17.148634396225727,ppo,9,81.23066521686707,33.40539063638809,10.87964687408694,67.42260099032374
0.25,0.6,0.5965,35,True,12.274384475392065,ppo,13,9.092514092619913,8.260098302207787,14.635316206199526,31.03946679868181
0.25,0.6,0.5965,36,True,10.969435222197097,ppo,26,88.45410680592316,6.897448282816166,35.517056058651264,51.696861774321604
0.25,0.6,0.5965,37,False,12.250114550638509,ppo,0,45.091641730689325,40.75597741585261,92.99626462246036,71.79416802870354
0.25,0.6,0.5965,38,True,7.91513441303607,ppo,13,45.01581606154103,37.374383081930816,22.37763944630252,33.76398536401588
0.25,0.6,0.5965,39,True,12.182028043156457,ppo,15,17.299306483863926,47.26703205716228,33.18629657505012,29.74287461296494
0.25,0.6,0.5965,40,False,12.153847140309946,ppo,0,30.328393296479916,61.01591943503521,11.171526239656782,9.359087824397324
0.25,0.6,0.5965,41,False,9.670548181395546,ppo,0,87.38293887653735,92.88348626656446,58.036866717612234,39.70469913468235
0.25,0.6,0.5965,42,True,13.17877490660918,ppo,20,12.207134111138096,34.46801982081189,48.374645584490075,62.36750478747347
0.25,0.6,0.5965,43,True,10.569121914679949,ppo,3,10.532494471498737,83.8321808188433,71.76514212870386,81.58896455863142
0.25,0.6,0.5965,44,True,9.677223726286773,ppo,12,32.12226770663809,61.84548421435452,72.74388897967808,29.36809419277427
0.25,0.6,0.5965,45,False,13.97213146900764,ppo,0,57.58744640330819,52.16295663641025,6.554071718866115,30.604664060251807
0.25,0.6,0.5965,46,False,8.776134189564942,ppo,0,88.27691199359431,50.85894730917234,34.45837298610553,81.38983003569366
0.25,0.6,0.5965,47,True,11.730369830704035,ppo,28,51.179058945617655,21.62562285946933,90.97765576299832,43.994479142319264
0.25,0.6,0.5965,48,False,16.634414801053506,ppo,0,75.58947199009094,25.340272260854988,6.244469765227933,26.813032105648755
0.25,0.6,0.5965,49,False,13.360628537724143,ppo,0,74.53295131285279,20.494786684361518,51.10989089087761,14.748881027600486
0.25,0.7000000000000001,0.703,0,True,7.390325461945866,ppo,7,86.53637550594041,38.35957603097848,58.33054073874193,11.529432755793007
0.25,0.7000000000000001,0.703,1,True,9.007546196312331,ppo,2,49.33074889866486,6.811381685532474,84.99730080430469,38.55686520732329
0.25,0.7000000000000001,0.703,2,True,12.634680209573649,ppo,2,72.10601959937195,43.26734356546829,92.55352685765276,40.643734494724754
0.25,0.7000000000000001,0.703,3,True,16.778942433324044,ppo,4,88.1622699972722,24.566656549814958,24.95469097828089,14.776426701314058
0.25,0.7000000000000001,0.703,4,True,12.832133431057626,ppo,1,75.05304189582941,24.988524161845827,34.7510564834641,18.125945712031708
0.25,0.7000000000000001,0.703,5,True,16.048435588100038,ppo,32,7.038893058934036,5.3002175669802085,94.8571600572006,90.69243289353203
0.25,0.7000000000000001,0.703,6,False,12.619008505620059,ppo,0,24.101307527514987,85.4359403555413,22.91723964998474,5.998186350097826
0.25,0.7000000000000001,0.703,7,False,16.630571705518413,ppo,0,30.727528452790445,84.15582164376985,31.997719535171708,25.432546474108538
0.25,0.7000000000000001,0.703,8,True,18.477495733544554,ppo,51,23.349606904716058,60.3961751175926,14.226650264579252,76.80838854035585
0.25,0.7000000000000001,0.703,9,True,9.056773902776381,ppo,13,70.58136175678513,72.82663586120594,6.1891018120187615,79.417638928975
0.25,0.7000000000000001,0.703,10,True,12.669772216450346,ppo,2,38.02389341888792,41.33718825813067,40.726111018505655,40.1221646826379
0.25,0.7000000000000001,0.703,11,True,16.199905741778107,ppo,9,44.61885527875671,39.214776487524674,22.841270595027467,15.79347628672817
0.25,0.7000000000000001,0.703,12,True,14.028992944588886,ppo,2,79.75025803455236,71.14064049427401,21.520573729862463,65.6582892271737
0.25,0.7000000000000001,0.703,13,True,10.433655364201124,ppo,16,61.69990347633373,24.324798470960957,91.65909172354962,77.63340485076945
0.25,0.7000000000000001,0.703,14,True,15.801850739346316,ppo,3,80.63624205896585,23.743139916101693,47.1531986839717,79.97033422104907
0.25,0.7000000000000001,0.703,15,True,13.537747171232356,ppo,2,28.19621128588862,44.66201527561203,22.403359579614374,93.18178895904066
0.25,0.7000000000000001,0.703,16,True,12.685183480475123,ppo,1,94.81895988903531,35.5921426112805,27.60858310067774,84.75115409497216
0.25,0.7000000000000001,0.703,17,True,8.906551064589586,ppo,6,62.25098058360066,63.152899891913435,59.841520617797876,20.003946929566887
0.25,0.7000000000000001,0.703,18,True,12.565588401482849,ppo,10,74.75217542967204,19.961789066161074,61.589145831032205,62.080740718626814
0.25,0.7000000000000001,0.703,19,True,11.049213874025902,ppo,17,86.89650203377678,12.033559767485496,62.540745404273295,17.245580540078222
0.25,0.7000000000000001,0.703,20,True,17.46941333020769,ppo,4,55.53340882533765,51.004652623614405,30.770664979027334,77.74388560418315
0.25,0.7000000000000001,0.703,21,True,9.443860486412753,ppo,1,40.320257719541864,67.41926980497105,74.29724406741671,67.60501165953221
0.25,0.7000000000000001,0.703,22,True,10.061758442429431,ppo,4,12.072842699200837,56.22605663123149,40.939976482902516,53.265171109097146
0.25,0.7000000000000001,0.703,23,True,11.484568908972465,ppo,9,36.7327763569905,23.791529902291348,8.577901154598814,29.758907488518815
0.25,0.7000000000000001,0.703,24,True,5.0,ppo,2,89.14468240224535,11.677522971267619,77.05992919632203,47.4613645623243
0.25,0.7000000000000001,0.703,25,True,18.5394622438549,ppo,11,55.80416108780778,83.45706240091526,83.39625794721674,31.88485667166501
0.25,0.7000000000000001,0.703,26,True,11.378021114164113,ppo,2,66.12050877437036,70.74332629649716,93.21511835213056,81.94373586862474
0.25,0.7000000000000001,0.703,27,True,14.894967528953185,ppo,1,48.44889914403029,41.26213064031198,16.216869016153915,66.61844023058148
0.25,0.7000000000000001,0.703,28,True,12.055886330214516,ppo,1,90.07594660068055,62.893899939333345,76.89307892181174,50.33360573929367
0.25,0.7000000000000001,0.703,29,True,13.27718633496924,ppo,1,27.88008071168077,15.322576900148098,69.83143235110079,27.704963523681407
0.25,0.7000000000000001,0.703,30,True,13.942796473517483,ppo,12,14.952419894042396,63.04893582894125,27.567471004596225,55.96479296885118
0.25,0.7000000000000001,0.703,31,True,12.630567114923101,ppo,4,45.12067353059388,12.456883864074555,17.101756668648388,64.42577072658909
0.25,0.7000000000000001,0.703,32,False,11.251981831577071,ppo,0,84.70802464755404,94.24455656879714,12.508517824670239,91.59435188381366
0.25,0.7000000000000001,0.703,33,False,9.832849579095361,ppo,0,94.49935796962247,78.53893812856627,80.34849127279689,85.57301100667621
0.25,0.7000000000000001,0.703,34,False,15.323185260787449,ppo,0,61.43186134611037,61.80410499157143,43.93199079998711,11.479868257548707
0.25,0.7000000000000001,0.703,35,True,10.709449225483091,ppo,8,68.94641535908178,58.46519103899567,43.199521512159045,62.595998134329726
0.25,0.7000000000000001,0.703,36,True,8.679197140975718,ppo,1,71.27562505384746,53.4731965741097,74.76201242918577,47.110033003737286
0.25,0.7000000000000001,0.703,37,True,12.53243391314923,ppo,1,78.6737992462906,60.69785067383259,84.95023693844908,61.02249980650426
0.25,0.7000000000000001,0.703,38,True,11.984148598848329,ppo,7,88.77754520806172,50.65548636215401,11.674846178940255,53.26334331626632
0.25,0.7000000000000001,0.703,39,True,14.571494762546537,ppo,19,41.28257616177443,72.33537982106527,28.412087716510914,34.575682331008004
0.25,0.7000000000000001,0.703,40,True,9.078244053803779,ppo,12,58.28303060985183,60.46445751118743,90.97184183082874,15.784090013816636
0.25,0.7000000000000001,0.703,41,True,5.177827821191116,ppo,2,34.08795446199211,22.844955256648497,37.2959609285502,67.953403958287
0.25,0.7000000000000001,0.703,42,True,16.223018818393125,ppo,5,15.807177407828464,43.020781233910526,53.42374081978671,13.810692486322008
0.25,0.7000000000000001,0.703,43,True,7.610743067358221,ppo,1,45.661197592814744,83.36296905240827,53.17051148953676,48.036357046477086
0.25,0.7000000000000001,0.703,44,True,10.43445498456059,ppo,4,47.42873432367937,65.31407037003058,40.719521440444716,81.80178705046626
0.25,0.7000000000000001,0.703,45,True,10.943978984121898,ppo,14,62.557322220602906,47.688161797358894,24.767476388329904,36.49059137847891
0.25,0.7000000000000001,0.703,46,True,10.475049173220652,ppo,5,71.84004782779002,71.2727174228393,48.69161232302746,28.645484033663028
0.25,0.7000000000000001,0.703,47,True,10.341653304900072,ppo,1,18.1411579603324,21.01065617274438,80.54929291676217,58.68142114070254
0.25,0.7000000000000001,0.703,48,True,7.828891216122671,ppo,3,88.75785307093496,41.35766729715734,19.10327372013988,83.4597770243217
0.25,0.7000000000000001,0.703,49,True,10.371384144534748,ppo,7,79.98194634529128,41.96495050919206,69.59943462922475,12.463681313904974
0.25,0.8,0.793,0,True,19.446059003102288,ppo,1,23.37035760758278,15.735884611285247,27.521561179426108,86.8494920954637
0.25,0.8,0.793,1,True,11.31197289419304,ppo,4,93.0476147075103,50.32728989081902,40.25986276460688,48.94398162060409
0.25,0.8,0.793,2,True,6.620934474371474,ppo,7,73.34211819167791,38.984407690625694,84.2823523835657,49.483416462102824
0.25,0.8,0.793,3,False,10.401297859895028,ppo,0,82.26791423977006,36.95503616236775,11.761502892628847,29.944547020258845
0.25,0.8,0.793,4,True,10.218548679870606,ppo,6,40.73539750669724,48.11707529137798,20.91517471583095,12.724340143925938
0.25,0.8,0.793,5,True,17.333980436470508,ppo,1,77.63314589780452,92.06101412752969,82.87309263618532,64.30837645133677
0.25,0.8,0.793,6,True,19.173846401669937,ppo,2,90.72653634176149,39.281225572905676,92.9382516493063,87.2928974363091
0.25,0.8,0.793,7,True,16.714297887075055,ppo,1,77.87345613534005,24.16569907746658,64.34703829523659,67.88321647592034
0.25,0.8,0.793,8,False,14.44926886959224,ppo,0,69.48241841144069,90.00026737121372,26.740086422868977,51.54886938129257
0.25,0.8,0.793,9,False,10.50542385019902,ppo,0,64.94463942684449,78.48066977760553,91.56283959017485,87.28522017745537
0.25,0.8,0.793,10,True,13.41384887760784,ppo,1,29.715572798409916,69.20552299306487,87.92073480523703,5.035968687137813
0.25,0.8,0.793,11,True,13.821728212919611,ppo,2,89.36868940539176,88.49334337729266,71.81373101230793,37.320165149102586
0.25,0.8,0.793,12,True,10.051730697467695,ppo,1,14.630772509876277,92.23367614129577,88.28774715133608,6.245147195396884
0.25,0.8,0.793,13,True,15.155154852704086,ppo,4,46.3569110187345,74.07596162022736,31.974879234092267,34.132832636670635
0.25,0.8,0.793,14,True,13.71846879119599,ppo,2,42.557025469582136,72.35501511572305,9.785457197643787,49.51911433510571
0.25,0.8,0.793,15,True,9.312544319331623,ppo,5,25.423080820866552,9.686521134647847,36.49187291806765,67.67892703597174
0.25,0.8,0.793,16,False,11.93389925113303,ppo,0,59.78887471846077,49.00942363459229,10.269285014261348,93.8288142395385
0.25,0.8,0.793,17,True,10.764467125541476,ppo,4,30.203460132348674,42.94760319226991,54.172773458991266,29.88048140215708
0.25,0.8,0.793,18,True,13.781401671706238,ppo,6,26.998480804454378,74.65225169192878,46.69780790943009,85.60709429777687
0.25,0.8,0.793,19,True,12.412472841850207,ppo,4,82.292530160623,63.52665611295418,51.54541359683439,94.89761703852676
0.25,0.8,0.793,20,True,12.192170596853636,ppo,3,8.990893075930078,63.22588707808312,39.53183630869816,53.36071272267464
0.25,0.8,0.793,21,True,11.627442853202483,ppo,1,62.3348587346032,40.40687538896902,15.605574270499286,37.62592495495869
0.25,0.8,0.793,22,True,10.69263238191349,ppo,3,49.851859516623826,72.65224802582247,21.147478723115015,76.3865079748643
0.25,0.8,0.793,23,False,11.52163872166512,ppo,0,78.4337675961312,29.254754400141895,44.29736510956686,13.609449891181084
0.25,0.8,0.793,24,True,10.980258794543309,ppo,5,80.57958022821254,47.135586351289625,35.321022843970496,34.660473927772486
0.25,0.8,0.793,25,True,8.319064039405893,ppo,3,33.25189624836626,33.79973202813355,30.03758016652922,43.90441764148524
0.25,0.8,0.793,26,True,12.347178644685922,ppo,1,24.56015476123745,13.149854707412503,14.717813483810213,47.96609355326424
0.25,0.8,0.793,27,True,11.518550673964416,ppo,1,49.847437217584876,79.71798657122251,19.461855315818852,94.30858412071318
0.25,0.8,0.793,28,True,10.983789030028008,ppo,3,19.9899703299807,40.19644711321637,41.502055903430005,83.0648779228389
0.25,0.8,0.793,29,True,10.108641109790204,ppo,5,10.62157860365846,87.70627493836069,93.47474956375054,27.551994088606136
0.25,0.8,0.793,30,True,13.510432524019302,ppo,3,62.96605753538861,34.704548778406334,31.111271274752518,15.806736427293165
0.25,0.8,0.793,31,True,13.172231345970019,ppo,1,79.97089909173222,32.82610270766709,79.34995249919359,58.30633777348278
0.25,0.8,0.793,32,False,11.700794351005554,ppo,0,80.8712411956702,68.22614341484837,20.090192720056272,8.813562706601465
0.25,0.8,0.793,33,True,11.29904827644911,ppo,2,80.72359765167057,31.842471167439093,13.561775118996227,43.96300018572992
0.25,0.8,0.793,34,True,14.046825172523004,ppo,2,82.24949492602043,35.04800496364642,62.87584214824888,37.54440501029967
0.25,0.8,0.793,35,True,12.860557707013795,ppo,5,70.6023837629816,44.30821111302016,77.00864059709893,25.288835665240033
0.25,0.8,0.793,36,False,13.330327951189561,ppo,0,44.25960272141027,21.35498357146382,88.54572386490507,24.43824316492332
0.25,0.8,0.793,37,True,14.985880272625485,ppo,2,70.01999603651191,68.16475244084131,51.820530558036815,62.02623765356325
0.25,0.8,0.793,38,True,12.022458764103018,ppo,1,92.14225529322768,7.904987548879522,93.91181100935329,28.933272088313725
0.25,0.8,0.793,39,True,12.510077037488445,ppo,12,69.58930103643185,8.332809355889065,49.078607132191266,17.755613239791735
0.25,0.8,0.793,40,True,11.543683638821651,ppo,1,15.275261058150164,51.585902325754404,55.875035849965656,29.98523167418228
0.25,0.8,0.793,41,True,17.483110428499845,ppo,2,58.21534966762922,89.32725572247453,80.34438068741196,30.791595355975016
0.25,0.8,0.793,42,True,9.239255201481207,ppo,4,83.36854434055806,36.50849426906416,49.98984499468775,33.81652557883171
0.25,0.8,0.793,43,False,19.380809616169266,ppo,0,89.29304274031308,93.04313554759362,19.895371729705754,80.93623032245665
0.25,0.8,0.793,44,True,11.645331466114733,ppo,6,33.583532206834796,52.42171590417728,91.92905732562012,73.0843194001859
0.25,0.8,0.793,45,False,9.414243082512817,ppo,0,76.77862176434112,41.520543782831446,65.29194909497878,82.66438877320944
0.25,0.8,0.793,46,True,9.401567013628199,ppo,10,47.80758138439189,31.18473935116965,48.10634987923198,94.69966050709961
0.25,0.8,0.793,47,False,16.417715069272326,ppo,0,24.257474974388128,85.09317396418129,71.80396054626198,15.964328792347343
0.25,0.8,0.793,48,True,18.908490432301654,ppo,1,17.72433706259521,11.566161829947832,75.30993005820606,46.71028290791986
0.25,0.8,0.793,49,False,18.289746486076,ppo,0,70.70379441753704,25.554143036724437,55.45738491422768,91.12975342888414
0.3,0.1,0.1028,0,True,3.0012130737304688,rrt_star,9,79.44529302607164,73.24896326734392,59.472056703708354,24.517725607966103
0.3,0.1,0.1028,1,True,6.188392639160156,rrt_star,9,52.048120258176155,39.93028286624468,42.70842001025813,8.329219390661045
0.3,0.1,0.1028,2,True,12.310028076171875,rrt_star,10,90.07231995902255,86.66336515209929,35.277811736868756,71.32662089467746
0.3,0.1,0.1028,3,True,2.9418468475341797,rrt_star,19,13.539954809046842,93.23465798309867,64.12885985025439,23.06248569822989
0.3,0.1,0.1028,4,False,34.40594673156738,rrt_star,0,66.60202675324928,90.22287757255944,25.590521101776286,42.38722679765761
0.3,0.1,0.1028,5,False,33.994197845458984,rrt_star,0,61.35452976217484,60.90420337954147,13.637269884951595,50.28903403967976
0.3,0.1,0.1028,6,True,2.1524429321289062,rrt_star,12,61.61802814286469,7.9812312041571944,48.05473085073897,65.28596780953461
0.3,0.1,0.1028,7,True,85.49308776855469,rrt_star,20,5.310631556907054,50.19685394502952,94.92765375558959,52.441275372792845
0.3,0.1,0.1028,8,True,30.567646026611328,rrt_star,6,84.20540837259986,51.33151735194769,59.741609656596076,65.88398440907334
0.3,0.1,0.1028,9,True,11.18159294128418,rrt_star,16,70.04525747118969,46.15221953215287,13.180716322492804,22.304318941586075
0.3,0.1,0.1028,10,True,0.9858608245849609,rrt_star,9,63.901602599649664,43.886167003676,89.2118910008918,21.995255229507187
0.3,0.1,0.1028,11,True,16.11804962158203,rrt_star,12,39.995932795262746,94.7625275321717,92.09881680073397,78.38268102987674
0.3,0.1,0.1028,12,True,0.7398128509521484,rrt_star,4,81.8226631168647,32.86995857122871,61.07522633238858,29.330640503362357
0.3,0.1,0.1028,13,True,5.571603775024414,rrt_star,14,94.4763158717704,83.64350028852411,54.11664792279882,87.69539023866473
0.3,0.1,0.1028,14,True,1.6705989837646484,rrt_star,7,27.12761189152838,56.12494352695449,55.852147522652885,78.53128818251697
0.3,0.1,0.1028,15,True,5.561590194702148,rrt_star,11,74.75096221114464,37.65854790663773,85.9964247361312,70.44129755331807
0.3,0.1,0.1028,16,True,18.909931182861328,rrt_star,8,11.34986292261617,67.98018033433819,8.769531734386682,26.901851693240875
0.3,0.1,0.1028,17,True,5.421638488769531,rrt_star,12,75.2247595632331,24.179164607052314,45.73089111211644,89.532744692346
0.3,0.1,0.1028,18,True,3.2105445861816406,rrt_star,12,25.042139596847047,80.95661642884225,30.559208435940715,21.945629092603838
0.3,0.1,0.1028,19,True,1.4421939849853516,rrt_star,14,10.811895001991548,56.910481162063874,60.98606557791419,19.60552461491004
0.3,0.1,0.1028,20,True,2.3877620697021484,rrt_star,17,88.46301080973183,9.344648185173526,75.9395161590461,73.28215279504816
0.3,0.1,0.1028,21,True,0.45943260192871094,rrt_star,6,45.595432893898675,9.470242448681878,28.51248226257883,37.2095078482401
0.3,0.1,0.1028,22,True,60.95290184020996,rrt_star,16,54.44738435692945,23.969547078347045,81.05564221803998,91.56241195018303
0.3,0.1,0.1028,23,True,0.07414817810058594,rrt_star,3,56.57957674550336,38.81037752939156,60.000577540165054,44.185351128969785
0.3,0.1,0.1028,24,True,3.839254379272461,rrt_star,14,71.97690962697746,90.00276633312549,14.814327637776515,44.36822606593281
0.3,0.1,0.1028,25,False,33.47158432006836,rrt_star,0,45.783529978464955,40.734767328306006,30.15668496391541,83.00865864179015
0.3,0.1,0.1028,26,True,7.83228874206543,rrt_star,5,33.82398667132393,27.64286758476732,42.61762493249618,18.228362589311047
0.3,0.1,0.1028,27,True,9.900569915771484,rrt_star,13,71.81737845592865,40.72799142767556,33.67381611234852,26.983827170560417
0.3,0.1,0.1028,28,True,2.487659454345703,rrt_star,11,66.67118704867423,38.16890143701605,78.36085808129253,88.2657968292462
0.3,0.1,0.1028,29,True,3.1845569610595703,rrt_star,6,40.454025410866905,90.40410492349436,24.86625338224984,77.92832658192269
0.3,0.1,0.1028,30,True,5.353212356567383,rrt_star,10,40.871639846733274,35.27797583656496,86.52127060123897,61.294182238195894
0.3,0.1,0.1028,31,True,51.84173583984375,rrt_star,6,47.41073449030674,43.91542952918136,32.16070500248202,33.95647447643654
0.3,0.1,0.1028,32,True,163.64717483520508,rrt_star,12,90.99045480008067,31.36851603697701,82.58527864366346,89.01477524247623
0.3,0.1,0.1028,33,True,0.9217262268066406,rrt_star,9,15.867745656881908,64.3895098060442,60.61915468309628,66.10693871664694
0.3,0.1,0.1028,34,True,20.370006561279297,rrt_star,14,81.15780730547046,87.15902612240315,67.2080319953782,21.308516092443345
0.3,0.1,0.1028,35,False,31.809091567993164,rrt_star,0,57.201480183610485,42.930590380189514,52.323083920177346,35.274670368307596
0.3,0.1,0.1028,36,True,14.91093635559082,rrt_star,19,8.459646498573694,48.11335899166345,78.55998383225666,92.9228508207201
0.3,0.1,0.1028,37,True,2.5441646575927734,rrt_star,15,94.80436768491728,71.89728382861134,29.931308425781474,69.43303149200558
0.3,0.1,0.1028,38,True,7.575511932373047,rrt_star,15,53.17051146753243,92.54764876202591,19.294070550118864,61.00487195839866
0.3,0.1,0.1028,39,True,1.239776611328125,rrt_star,4,34.18634080905904,20.661303531610567,19.315312773759977,18.98501738010495
0.3,0.1,0.1028,40,True,29.75177764892578,rrt_star,21,5.741124051992516,6.081626819770456,10.386562415375394,70.83932703534198
0.3,0.1,0.1028,41,True,4.698753356933594,rrt_star,10,88.63330968999057,91.97704392627114,88.8905396652214,49.87255083284611
0.3,0.1,0.1028,42,True,8.2244873046875,rrt_star,11,72.26114182784625,48.436834926263,90.33899570356327,91.84183531290877
0.3,0.1,0.1028,43,True,9.581565856933594,rrt_star,9,72.03320142681501,46.51444571654193,41.50148804801726,42.92380272335286
0.3,0.1,0.1028,44,True,30.7767391204834,rrt_star,16,75.168033833088,7.020529469395341,43.00123131500549,79.00034933894186
0.3,0.1,0.1028,45,True,23.27442169189453,rrt_star,12,35.03916940687588,35.83052046121313,93.18028349783451,24.779593943044436
0.3,0.1,0.1028,46,True,23.823976516723633,rrt_star,15,57.3427984829159,92.87624783024762,54.0131924416847,13.990720101679088
0.3,0.1,0.1028,47,True,57.77144432067871,rrt_star,16,16.81580926918066,89.15256961366796,92.75534896556978,84.6440677908353
0.3,0.1,0.1028,48,True,20.797252655029297,rrt_star,14,30.978800161426012,90.1378819561823,53.70867954518167,17.600539639206943
0.3,0.1,0.1028,49,True,0.5536079406738281,rrt_star,5,58.087504710899005,68.84473821630401,39.842350280645356,60.43148276869214
0.3,0.2,0.2062,0,True,8.089065551757812,rrt_star,16,74.49242393911197,14.41355452047986,17.86103005881611,6.015732595988218
0.3,0.2,0.2062,1,True,97.26262092590332,rrt_star,14,51.09012288615944,49.12277997496502,87.1571414659769,5.514961869591276
0.3,0.2,0.2062,2,True,4.470109939575195,rrt_star,12,45.287900500188435,37.01589720428381,19.854663506397912,77.6727216593111
0.3,0.2,0.2062,3,True,370.41378021240234,rrt_star,20,51.5064681064114,82.0023707121049,75.24331470797769,20.02383417710233
0.3,0.2,0.2062,4,False,639.5668983459473,rrt_star,0,80.18670329201953,52.71685461745674,75.75216306831793,23.08041087589002
0.3,0.2,0.2062,5,True,375.2784729003906,rrt_star,7,24.852788892036916,53.54042912994184,9.215625511255897,67.32830188884405
0.3,0.2,0.2062,6,True,27.022600173950195,rrt_star,10,35.64457427407731,14.231995925025732,28.60798826990393,7.791817166653942
0.3,0.2,0.2062,7,True,206.79402351379395,rrt_star,7,43.36466650313063,71.12802008617209,61.142432828469985,56.32501886742475
0.3,0.2,0.2062,8,True,353.61409187316895,rrt_star,23,19.05925875973029,81.39924358223605,94.12057972857836,14.596920813566921
0.3,0.2,0.2062,9,True,99.43461418151855,rrt_star,20,21.30922665734779,23.269355616386278,71.84663376464269,88.30901570033188
0.3,0.2,0.2062,10,True,51.28812789916992,rrt_star,16,78.65501222315716,86.34245698062722,17.589979434263903,61.46614280837508
0.3,0.2,0.2062,11,True,30.80129623413086,rrt_star,15,40.62965603823021,27.64303664813106,86.63824392942375,63.86545879501937
0.3,0.2,0.2062,12,True,30.311107635498047,rrt_star,14,61.89787742743746,20.231960523229635,85.84238539789688,67.85869191007595
0.3,0.2,0.2062,13,True,36.596059799194336,rrt_star,3,19.18082967435607,93.77982055720206,10.114644810616321,89.62194568151342
0.3,0.2,0.2062,14,True,438.626766204834,rrt_star,17,46.4885882816419,59.08173660299746,12.976556401278824,20.3297241543387
0.3,0.2,0.2062,15,True,36.57269477844238,rrt_star,16,47.4075139849184,76.56144984771002,93.16940829019426,29.37085038552284
0.3,0.2,0.2062,16,True,45.46546936035156,rrt_star,8,81.84179664129104,59.286900075187035,76.92078744485417,33.91371706163059
0.3,0.2,0.2062,17,True,135.90312004089355,rrt_star,22,91.50428260439529,41.8945436442651,14.992957882524701,66.58898575231785
0.3,0.2,0.2062,18,True,202.15678215026855,rrt_star,27,43.85038295556159,10.08479018165525,75.53919614845066,38.50219408773047
0.3,0.2,0.2062,19,True,0.5795955657958984,rrt_star,5,32.815657928063516,20.93918140265492,49.95912434609945,21.93913523838228
0.3,0.2,0.2062,20,True,17.220735549926758,rrt_star,15,24.792209177909328,40.163228531667464,83.30089977467803,40.0035835985148
0.3,0.2,0.2062,21,False,154.1905403137207,rrt_star,0,80.25320526866983,11.284712887194548,93.75131442632335,34.455576461161165
0.3,0.2,0.2062,22,True,208.9836597442627,rrt_star,16,12.163451857760023,6.854659495637247,50.656770669615035,8.927074597944639
0.3,0.2,0.2062,23,False,131.1047077178955,rrt_star,0,82.0197371114624,44.21827015830952,19.37581708215793,48.15080901232941
0.3,0.2,0.2062,24,True,166.2161350250244,rrt_star,11,12.20090277971597,55.24858718268017,51.88991948271399,88.99231222937816
0.3,0.2,0.2062,25,True,0.3986358642578125,rrt_star,5,71.6469046924909,40.78569291456654,81.26376750705523,49.68550618800121
0.3,0.2,0.2062,26,True,13.045310974121094,rrt_star,13,68.83807777610679,36.71712045453613,19.659607186280894,36.15039591065868
0.3,0.2,0.2062,27,True,106.71472549438477,rrt_star,15,13.341514622648443,51.264899429854864,38.4505325709308,84.38534812432512
0.3,0.2,0.2062,28,True,1.880645751953125,rrt_star,6,63.61131003419803,36.678783999720466,45.59637800731058,19.641050074185543
0.3,0.2,0.2062,29,True,8.715629577636719,rrt_star,15,7.254258745840511,28.122424219827714,52.005933656568374,8.078206864473163
0.3,0.2,0.2062,30,False,33.87951850891113,rrt_star,0,86.11847473739918,11.650204036023037,49.53606858258398,29.0852960054763
0.3,0.2,0.2062,31,True,21.7745304107666,rrt_star,10,74.50577588494845,44.682588041147206,32.4716950391899,43.14856829289661
0.3,0.2,0.2062,32,True,158.94198417663574,rrt_star,11,14.23866727831779,30.119094613379623,13.552366757467148,6.568896905532384
0.3,0.2,0.2062,33,True,32.31096267700195,rrt_star,16,21.47339499086892,27.072851299575944,68.4791799211745,19.237822878363094
0.3,0.2,0.2062,34,True,25.30813217163086,rrt_star,11,57.08884657374391,58.56332016674534,8.803782701167652,62.70868463838569
0.3,0.2,0.2062,35,True,9.514570236206055,rrt_star,15,69.39123288569425,80.15775801909884,42.30027735763304,38.623521251156575
0.3,0.2,0.2062,36,True,21.538496017456055,rrt_star,10,8.38710544173541,59.651347322165236,5.978062326712363,89.113614010378
0.3,0.2,0.2062,37,False,31.910181045532227,rrt_star,0,9.67512185215176,31.145618088865927,36.29328953728268,38.377155055736544
0.3,0.2,0.2062,38,False,34.60502624511719,rrt_star,0,16.77232784787128,29.05951566552654,52.660941179337236,26.62290219172307
0.3,0.2,0.2062,39,True,14.477014541625977,rrt_star,13,65.59352125200854,67.25029111019307,84.96488451306084,30.262053872314258
0.3,0.2,0.2062,40,True,71.56801223754883,rrt_star,17,57.185216954619506,85.34387251510483,7.573851061342619,62.99746734942179
0.3,0.2,0.2062,41,True,233.2315444946289,rrt_star,7,47.346456125951256,47.13787388645077,34.94038686646804,78.80941224350343
0.3,0.2,0.2062,42,True,4.150867462158203,rrt_star,8,40.35207025113648,62.764632273535234,11.901081192389158,41.05130733029345
0.3,0.2,0.2062,43,True,1.5535354614257812,rrt_star,7,51.55286727221466,79.45019018614263,35.426764356928196,57.803682063175536
0.3,0.2,0.2062,44,True,10.835647583007812,rrt_star,15,13.228754799390735,70.73384592447039,46.57391278105802,24.81163361341803
0.3,0.2,0.2062,45,True,28.20611000061035,rrt_star,13,89.80139800581813,33.43279087177363,63.48628171158369,88.2862934467734
0.3,0.2,0.2062,46,True,21.219968795776367,rrt_star,17,85.69207406040047,89.25576874000595,38.01542969216496,25.211911231880173
0.3,0.2,0.2062,47,True,16.76011085510254,rrt_star,10,56.75426071986988,59.10973803062644,87.64951106206132,84.8712094436062
0.3,0.2,0.2062,48,True,1.149892807006836,rrt_star,8,16.7952558117454,10.560306402238465,42.053139099889805,23.27454697835847
0.3,0.2,0.2062,49,True,1.0497570037841797,rrt_star,8,74.09278077152582,50.1065746536632,83.48645704864983,76.02031812459049
0.3,0.30000000000000004,0.3032,0,True,14.748764187177523,ppo,30,81.03928167360769,32.876212196511574,14.827730525785634,40.21300013976574
0.3,0.30000000000000004,0.3032,1,True,10.728054176480208,ppo,15,38.88890711116327,92.45427398947007,41.08294720677663,56.98064872047821
0.3,0.30000000000000004,0.3032,2,True,9.18404167033906,ppo,20,74.81558363280924,66.34427885332357,35.63868114127503,35.958613578741165
0.3,0.30000000000000004,0.3032,3,True,6.727875351935169,ppo,13,26.045631867833716,69.08434915097732,54.490367140117385,91.98930694023869
0.3,0.30000000000000004,0.3032,4,False,10.946998924944953,ppo,0,29.0633723254236,52.69176429909085,73.30173243260641,44.150041071826564
0.3,0.30000000000000004,0.3032,5,True,9.665052505290413,ppo,24,27.609311162330346,17.583509052270784,69.67940966101507,61.061622265605386
0.3,0.30000000000000004,0.3032,6,False,11.630727232140089,ppo,0,36.839846165467414,90.81514434816505,9.941281191116456,33.61855213316051
0.3,0.30000000000000004,0.3032,7,True,9.020281520962374,ppo,19,60.86206726119923,18.686963872904855,24.56050048774523,36.43317679153414
0.3,0.30000000000000004,0.3032,8,True,12.1768466003165,ppo,36,80.03297054057387,25.661710281955784,7.012958189628613,75.54426903547527
0.3,0.30000000000000004,0.3032,9,False,7.638577626315629,ppo,0,66.04018988585688,7.356923151999311,27.29625642390732,27.904151793939185
0.3,0.30000000000000004,0.3032,10,False,11.188662786980245,ppo,0,32.992218256418745,59.09381936180768,52.88159914275251,43.27427126843519
0.3,0.30000000000000004,0.3032,11,True,7.304343507572933,ppo,20,21.562392889861602,46.84761286987528,61.70453745063389,67.59066067498861
0.3,0.30000000000000004,0.3032,12,False,8.38220895107328,ppo,0,27.540292309215765,32.11731699739083,20.140026927596637,43.51649862207667
0.3,0.30000000000000004,0.3032,13,True,10.021532739073653,ppo,9,20.25796831641986,47.15860593062483,5.256889651493033,60.164643514424725
0.3,0.30000000000000004,0.3032,14,False,12.750626589558179,ppo,0,76.08240758512899,7.787198944680802,16.676385835995386,43.21821332753733
0.3,0.30000000000000004,0.3032,15,False,7.522163758218019,ppo,0,55.814825246511404,56.40092325152891,52.61148591317018,38.456117026441596
0.3,0.30000000000000004,0.3032,16,True,13.375924375182084,ppo,42,66.50865620642466,7.096672568969909,5.1829509400392855,87.97276094473217
0.3,0.30000000000000004,0.3032,17,False,5.0,ppo,0,92.78544778676847,45.633645751805496,39.32140262667611,53.63616218559452
0.3,0.30000000000000004,0.3032,18,True,10.548658280770674,ppo,25,36.64166194799275,21.377266037739023,72.76254609635922,78.53399728651058
0.3,0.30000000000000004,0.3032,19,True,9.40035107587075,ppo,9,28.303414959443533,79.7874739279219,12.585249789639413,90.48543685494596
0.3,0.30000000000000004,0.3032,20,False,14.2692114091654,ppo,0,89.70446294961816,13.58961504109119,11.902744377151162,21.992794999180525
0.3,0.30000000000000004,0.3032,21,True,9.989419042739083,ppo,16,36.219344378950964,20.28828628537513,6.62704250473424,46.66424794174804
0.3,0.30000000000000004,0.3032,22,True,5.0,ppo,25,21.17085320268749,25.796520126193172,85.1826534206324,36.136462364690516
0.3,0.30000000000000004,0.3032,23,True,11.319464276160845,ppo,2,28.26409602392867,84.45288793699167,29.731597241858914,79.11629539965891
0.3,0.30000000000000004,0.3032,24,True,9.55595719463185,ppo,2,25.93931368033843,61.49378368533715,24.357032564583402,57.50970789140725
0.3,0.30000000000000004,0.3032,25,True,12.744490151459175,ppo,25,7.678461324019683,20.68032975807302,69.37375755985164,29.0427422725965
0.3,0.30000000000000004,0.3032,26,True,10.4260532487515,ppo,11,6.956980542227108,91.77340694412283,8.903600096463581,64.19923425699109
0.3,0.30000000000000004,0.3032,27,True,11.975539344902232,ppo,22,54.110892306344134,45.52591526204343,92.71653775801813,71.24499544351961
0.3,0.30000000000000004,0.3032,28,True,11.016222739418792,ppo,33,73.51723517237325,89.29436755603086,6.107932703626111,55.811331935176355
0.3,0.30000000000000004,0.3032,29,False,9.46579310919346,ppo,0,35.91629597601848,85.25844568899228,61.013787815250865,47.715439445668004
0.3,0.30000000000000004,0.3032,30,True,10.054056815015649,ppo,8,58.100911793616255,49.21977189460527,66.88500617400194,31.70988975010582
0.3,0.30000000000000004,0.3032,31,True,13.23909343685117,ppo,15,14.656016088623613,25.09567092569647,16.717018648976424,59.908320810560355
0.3,0.30000000000000004,0.3032,32,True,13.871518901365548,ppo,16,38.101061588627076,34.64437410169393,74.49524146116985,13.818254490943204
0.3,0.30000000000000004,0.3032,33,True,10.480312022445174,ppo,19,83.3754914116836,39.532254699823326,44.428226331728226,47.36471024295039
0.3,0.30000000000000004,0.3032,34,True,7.476686323671834,ppo,31,53.58710504712806,84.38439778620489,71.71093621107528,7.887761620778723
0.3,0.30000000000000004,0.3032,35,True,9.117552984076791,ppo,24,56.4511551727464,76.10843784666315,19.38433266545485,29.95245482493634
0.3,0.30000000000000004,0.3032,36,True,11.460879198209504,ppo,33,92.36958422204154,86.58994146937032,65.16726326159466,9.972677979834632
0.3,0.30000000000000004,0.3032,37,True,11.522235296129853,ppo,11,85.64274616694802,74.9773387218954,62.01025223889916,92.46599553655969
0.3,0.30000000000000004,0.3032,38,True,7.935680593161035,ppo,35,5.622724322153464,24.78953581589358,90.24477084836057,7.748463720364015
0.3,0.30000000000000004,0.3032,39,True,11.367355063098751,ppo,26,81.71585618472074,20.087785483020212,22.320597898146122,32.09714869476553
0.3,0.30000000000000004,0.3032,40,True,9.070867123639886,ppo,31,93.32908280808586,31.41566332738252,17.373977107939503,6.123687058248807
0.3,0.30000000000000004,0.3032,41,True,8.076633757966889,ppo,26,93.7644382123223,61.577205155810695,33.979735638746,66.26072334322099
0.3,0.30000000000000004,0.3032,42,True,6.238149058902795,ppo,6,39.82034442009278,16.536275330134735,51.52134064541064,6.302763180868358
0.3,0.30000000000000004,0.3032,43,True,9.129445775472918,ppo,25,86.30578345761462,66.78432675110409,27.61211948013737,80.30809656720443
0.3,0.30000000000000004,0.3032,44,True,11.22819122574718,ppo,33,79.33611088017742,63.948570157972014,9.279292748039904,27.626112185151253
0.3,0.30000000000000004,0.3032,45,True,8.166788213598593,ppo,27,16.130153618394978,42.166789509745975,87.5459208133792,54.78994887321762
0.3,0.30000000000000004,0.3032,46,False,11.437995332422332,ppo,0,73.51507255644745,39.921490675281994,41.59761423804018,59.698984471878084
0.3,0.30000000000000004,0.3032,47,False,14.916719035003341,ppo,0,23.21942996000591,16.977353887355967,14.798072886222867,69.41044627009045
0.3,0.30000000000000004,0.3032,48,True,11.818293594492003,ppo,11,32.0750406155264,92.04817063257633,46.199715557611036,73.1072628521254
0.3,0.30000000000000004,0.3032,49,True,5.87224362933837,ppo,8,73.43653428170038,83.59548518117548,77.97876620886207,66.66428758397052
0.3,0.4,0.3974,0,False,5.0,ppo,0,53.051717291658996,78.56821578172824,88.93952465925986,68.96180365087221
0.3,0.4,0.3974,1,True,9.477544694381585,ppo,24,11.733995086459506,33.60603627075925,26.99379044556237,81.72255476712363
0.3,0.4,0.3974,2,True,10.479464544305875,ppo,32,90.58079052407842,67.50321904840396,30.529891472700218,13.484593247433592
0.3,0.4,0.3974,3,True,12.42348100441833,ppo,36,82.83564478582227,91.79782391339222,89.25454768767501,10.818553655198972
0.3,0.4,0.3974,4,True,7.287150526454439,ppo,36,24.099132804252196,83.803188855676,76.69413988791676,32.47114052776766
0.3,0.4,0.3974,5,True,13.486877806620566,ppo,35,88.3782441008849,65.70975449684839,48.140869326964676,22.438983465256225
0.3,0.4,0.3974,6,False,8.423963482782085,ppo,0,11.156874333842019,24.88221929136447,11.08653931912906,40.49710243075057
0.3,0.4,0.3974,7,True,8.213260266605513,ppo,25,9.52327014963107,92.5004142022216,68.2741470041696,86.13489327915859
0.3,0.4,0.3974,8,True,6.139914118120601,ppo,27,69.13884005106371,71.53172194195588,13.359350794366641,31.4193987518048
0.3,0.4,0.3974,9,False,9.772192335796344,ppo,0,82.59354855634146,51.07551297532737,18.579832435806136,49.501423615026944
0.3,0.4,0.3974,10,True,5.0,ppo,16,92.93653857429989,32.685555991125696,59.316464751444066,28.6920659037008
0.3,0.4,0.3974,11,True,16.005217536303174,ppo,24,37.87857025641717,62.45870625915726,93.26840552391614,77.60743643721172
0.3,0.4,0.3974,12,True,9.689249860809172,ppo,16,37.18798337447324,52.12396438383242,9.103084022933412,76.45066268944645
0.3,0.4,0.3974,13,True,12.419741793560341,ppo,10,76.61044854340618,90.06772360669495,93.40783873293469,68.66786498406503
0.3,0.4,0.3974,14,True,13.804584842638466,ppo,17,69.60912546045328,22.236262174611976,52.00596364161428,54.58327167540374
0.3,0.4,0.3974,15,False,7.803337561354683,ppo,0,19.601817027981113,34.63798506317741,5.304055972337688,24.82993743702969
0.3,0.4,0.3974,16,False,14.062644376378602,ppo,0,31.363917278185816,39.134219196664056,50.337191272430005,87.7041944565498
0.3,0.4,0.3974,17,True,14.058206592772882,ppo,24,75.60295629663455,56.2460778390009,15.159359508823577,57.36793291395408
0.3,0.4,0.3974,18,True,7.832180779101154,ppo,14,52.15074663192652,70.11282676964078,83.26204527557476,58.46067859859497
0.3,0.4,0.3974,19,False,8.50726319775836,ppo,0,27.7096422855697,50.08272480978234,93.72440132711762,18.622651443452774
0.3,0.4,0.3974,20,False,11.24395863978303,ppo,0,46.02780069379278,9.214164992591888,11.642599773738493,58.58313951356881
0.3,0.4,0.3974,21,False,8.922672397130004,ppo,0,20.823299425802027,32.270679017710606,18.210395528471537,27.488732712126055
0.3,0.4,0.3974,22,True,13.820288762533828,ppo,30,89.06890441209313,68.22762837565288,21.56530050920104,33.66544507514761
0.3,0.4,0.3974,23,True,10.191459253422106,ppo,27,66.21260838162948,70.58295540481684,25.94559965227254,14.696338832212968
0.3,0.4,0.3974,24,True,12.227035201369034,ppo,6,90.2730838141524,39.07870157809464,44.092779830368,43.81692914048728
0.3,0.4,0.3974,25,True,10.70609327383366,ppo,4,29.694274590320166,31.996120562652568,32.21961114758642,23.121636920792046
0.3,0.4,0.3974,26,True,13.144220537882335,ppo,15,46.167389315190384,46.655196339438966,39.70467539508494,81.77428823792748
0.3,0.4,0.3974,27,True,7.993858391626763,ppo,6,36.68474192588653,34.09949436741962,26.263179908363046,28.956961166027476
0.3,0.4,0.3974,28,True,11.777028770230316,ppo,12,54.69423347843397,70.18072400547159,51.88164832585847,42.32990914865457
0.3,0.4,0.3974,29,True,8.95898029496399,ppo,16,45.86174249571476,11.361973928765302,46.34477319202613,47.85988361439954
0.3,0.4,0.3974,30,True,12.838385426339286,ppo,41,80.26598630205243,93.03393426454082,7.570989725342922,68.25256733083057
0.3,0.4,0.3974,31,True,8.89712656809921,ppo,7,54.09492323551649,55.67043757370025,68.66206434257334,67.70321429304543
0.3,0.4,0.3974,32,True,10.257178440979965,ppo,18,49.08157354629954,22.782221920297264,23.83247783404721,51.951273057194456
0.3,0.4,0.3974,33,True,11.159617765499064,ppo,28,60.259771127815846,70.58249849289376,18.968200410371466,19.790342015846612
0.3,0.4,0.3974,34,False,13.669621068281154,ppo,0,86.92804071343852,6.421748829669709,36.95826282512882,75.9861466825574
0.3,0.4,0.3974,35,True,7.1761594117137175,ppo,15,7.950424612103779,69.97292303442386,6.103551352906143,34.66802544747478
0.3,0.4,0.3974,36,True,10.609218001365072,ppo,25,52.157237579597336,20.591592961549583,87.10332246959776,73.95608851466478
0.3,0.4,0.3974,37,False,13.19062220573162,ppo,0,15.523685417266337,77.05408766179015,61.71455348745746,88.2757376182466
0.3,0.4,0.3974,38,True,7.847797899608087,ppo,13,10.422152035645613,47.16344022198911,24.709928104539753,79.9359548189312
0.3,0.4,0.3974,39,False,14.518025968884904,ppo,0,77.1972580156827,36.07451682752286,44.840919132040035,8.026077818857578
0.3,0.4,0.3974,40,True,7.6618117643710155,ppo,17,53.12590704432233,55.308007722811354,31.77825786326299,86.24204940178446
0.3,0.4,0.3974,41,False,8.027642043236597,ppo,0,85.767183951978,46.45732839275573,67.22287499736481,88.21814029407892
0.3,0.4,0.3974,42,False,9.039140852213134,ppo,0,21.58566636329652,34.090525889158314,74.4875219404567,27.391826304627436
0.3,0.4,0.3974,43,True,10.311234632414957,ppo,18,6.066846234436803,47.179527975698456,51.40690086498431,32.08306470292971
0.3,0.4,0.3974,44,True,16.825065033949247,ppo,30,84.0057206414629,61.098430951357166,6.068200052717854,61.530567266565455
0.3,0.4,0.3974,45,False,18.748435277395217,ppo,0,13.118084446402227,88.29074691255637,71.27962279925411,22.44800232684583
0.3,0.4,0.3974,46,True,13.37176228943555,ppo,14,44.455406108420945,52.8039118108131,43.264452075781705,91.1298666926836
0.3,0.4,0.3974,47,True,11.486075365426785,ppo,17,60.457996449333145,93.6883136095375,24.23707011860416,85.4267791838099
0.3,0.4,0.3974,48,True,12.00765200902656,ppo,13,27.309422502975615,49.74113852328899,8.376417429323912,33.48272141066115
0.3,0.4,0.3974,49,True,13.416764702145032,ppo,33,20.032293788715393,20.148919614712437,84.47271764775532,64.02264524838643
0.3,0.5,0.4946,0,True,14.705465597510177,ppo,27,13.358812201237305,17.036919657465845,60.82458746731633,40.884905306327255
0.3,0.5,0.4946,1,True,7.37837265316092,ppo,13,30.839444543448625,79.4715850941466,76.65567337595735,44.828363460975254
0.3,0.5,0.4946,2,False,7.911175699460643,ppo,0,57.41112568248511,67.98933654633608,59.88285341276792,70.48346176779103
0.3,0.5,0.4946,3,True,12.879127762047652,ppo,2,18.60054425070694,8.66331052442252,17.24145156806391,79.66482446811672
0.3,0.5,0.4946,4,False,10.020482516584268,ppo,0,43.32257925302782,60.98200611461007,91.13541423994359,57.78439333467008
0.3,0.5,0.4946,5,True,11.724260009472037,ppo,24,78.42595685544448,66.93741946451189,32.463697927371605,71.44766238570303
0.3,0.5,0.4946,6,True,10.615080787641164,ppo,37,23.762332833809417,6.7101629233446864,25.63188850607515,82.05423166521425
0.3,0.5,0.4946,7,True,11.859794310873925,ppo,41,21.773338076236136,87.74079131106211,17.364117690965507,15.601859780782094
0.3,0.5,0.4946,8,True,11.903386272191932,ppo,6,68.20068053082326,70.37596735556235,86.11921254546453,86.57635366547791
0.3,0.5,0.4946,9,True,11.207701944863818,ppo,30,68.41602947548893,39.077547516416466,23.4202319678972,83.70942617228168
0.3,0.5,0.4946,10,True,12.559172938913353,ppo,30,16.596337853863265,51.77680988364089,89.22207327023355,56.69784944888648
0.3,0.5,0.4946,11,True,5.934511533277837,ppo,2,43.782269198471894,33.026788960858056,47.211252004444745,33.76457473215952
0.3,0.5,0.4946,12,False,12.098104609810287,ppo,0,77.35878592486728,24.398108214135505,46.08941792154146,49.50833363425164
0.3,0.5,0.4946,13,True,9.515918979756941,ppo,28,28.511583218236705,37.28888956466853,74.51858508220256,22.42555729667962
0.3,0.5,0.4946,14,True,15.333166724294268,ppo,39,11.979025596916154,48.235049185607494,79.99506758648974,51.77337204701871
0.3,0.5,0.4946,15,True,10.560287043321006,ppo,14,82.43019991573927,65.77564214110473,92.6652204918263,34.23737916187058
0.3,0.5,0.4946,16,False,12.592999792379057,ppo,0,42.665156201461336,19.052163402333335,78.44236513303304,69.9363233196657
0.3,0.5,0.4946,17,True,8.290020688523052,ppo,31,73.46834727653948,79.67203654159945,32.825162643393305,90.31713254326739
0.3,0.5,0.4946,18,True,6.859408223496989,ppo,20,43.67808136387528,8.394171699839928,53.06512450081939,48.471183391858396
0.3,0.5,0.4946,19,True,13.303014077283427,ppo,9,75.0183077608581,12.774791762686974,48.14071420489108,34.7768324477071
0.3,0.5,0.4946,20,False,7.494556566078155,ppo,0,56.54012751682395,61.13153803528257,20.36140079088041,39.79577788149579
0.3,0.5,0.4946,21,False,6.738927235681028,ppo,0,82.11804376904234,43.41186425015362,40.75820501674282,43.94864657624839
0.3,0.5,0.4946,22,True,10.140694459435414,ppo,1,64.00320468029427,79.47721549051226,24.17689622491055,89.41725913137813
0.3,0.5,0.4946,23,True,11.371332474069764,ppo,21,49.92129004938722,93.99768041732972,70.3319801870328,35.91753984507821
0.3,0.5,0.4946,24,False,13.826524368055406,ppo,0,54.61809033791636,63.431992008335435,8.714810785896832,27.632311383963888
0.3,0.5,0.4946,25,True,8.703844306832003,ppo,36,87.51689272296605,28.200569493626148,8.402484163995421,32.96876239008764
0.3,0.5,0.4946,26,True,10.00802468208007,ppo,4,75.75964553921324,47.145970603862516,83.87892965832802,46.867172521588856
0.3,0.5,0.4946,27,True,11.125754910292253,ppo,7,94.62864323516658,71.05190530951946,86.7068243034853,57.870849183216585
0.3,0.5,0.4946,28,True,9.53045102028182,ppo,34,32.95015121863587,66.26117653121233,94.21942786611018,24.755215212092068
0.3,0.5,0.4946,29,True,8.255883675919122,ppo,19,27.668876914988147,71.0246134382783,62.80886684890339,57.326524508477014
0.3,0.5,0.4946,30,True,14.607220598967572,ppo,23,35.50826472670392,59.71040615240397,74.7814714985607,28.919018640775427
0.3,0.5,0.4946,31,True,9.079125634229648,ppo,7,74.07603622074039,25.101722172832496,49.11637157512077,38.832250385705734
0.3,0.5,0.4946,32,True,11.434072498365051,ppo,18,26.177933630940725,77.91786825828979,92.75190485157998,88.65813863465068
0.3,0.5,0.4946,33,True,11.317559576278262,ppo,19,49.84344827883898,21.0445052270466,88.99578042255676,29.71162999966613
0.3,0.5,0.4946,34,True,9.497749620912815,ppo,9,20.36389756506027,34.013755209565474,38.57847787008976,47.47655870530966
0.3,0.5,0.4946,35,True,10.823017409321265,ppo,20,41.839563584549765,12.207098815935007,81.00383969995086,7.5402965704465945
0.3,0.5,0.4946,36,True,8.578302087875207,ppo,14,47.865611918506545,34.148038339326675,49.895607399229434,57.06002934505752
0.3,0.5,0.4946,37,True,8.665379548670716,ppo,7,45.93425506243385,45.966364024685056,43.39631660317821,64.20653781421268
0.3,0.5,0.4946,38,False,8.807456277746144,ppo,0,49.68930215559457,9.350078652234606,55.073408621787536,50.45295444855609
0.3,0.5,0.4946,39,True,5.0,ppo,12,44.29097381525424,31.791934161482594,64.3844620899661,31.72638717460916
0.3,0.5,0.4946,40,True,13.12927599090612,ppo,8,34.20904359919792,27.24521020219558,92.26651525609641,18.449886011688555
0.3,0.5,0.4946,41,True,11.509819812050209,ppo,17,32.95772726759961,17.78538161109114,64.63498255522003,19.89847634331516
0.3,0.5,0.4946,42,True,11.110174547985489,ppo,22,20.908930795093532,14.64528702526691,37.56849297000918,55.88959050072485
0.3,0.5,0.4946,43,True,12.815548533519948,ppo,16,21.92937660599967,46.76482957988926,31.786377375118853,75.03916551975729
0.3,0.5,0.4946,44,True,13.698344107736398,ppo,18,18.04111171671559,40.698038782932514,75.57889579537932,87.3748841483271
0.3,0.5,0.4946,45,True,7.672105363845795,ppo,1,90.27603970570837,94.91898679263383,58.661753423962494,93.2685048168178
0.3,0.5,0.4946,46,True,6.776118995273494,ppo,5,52.96811045132466,5.3890788101236575,87.42923981524625,49.33068262090414
0.3,0.5,0.4946,47,True,10.198341773844259,ppo,42,8.532222608382755,77.28222990901357,65.57806917837257,23.790631607613356
0.3,0.5,0.4946,48,True,12.401203857919326,ppo,4,67.78668056230435,31.14872872053749,89.28745391343622,92.22566394527412
0.3,0.5,0.4946,49,True,11.271747084112663,ppo,32,20.360552367322548,63.509773368169434,60.4850253725339,21.32567674841904
0.3,0.6,0.5971,0,True,9.928435112819635,ppo,10,89.07851124517393,70.21106107191544,66.70415636055584,8.097249590757327
0.3,0.6,0.5971,1,False,12.111505092141304,ppo,0,7.225173520634619,50.8201232893932,48.34598622906686,5.7631330014493365
0.3,0.6,0.5971,2,True,13.48145679588424,ppo,10,14.01660514348957,11.920253699184011,33.10693025323191,45.042998436419616
0.3,0.6,0.5971,3,True,15.545951895923388,ppo,4,36.84113266459018,19.421574999726843,62.57233993235792,28.081432098117006
0.3,0.6,0.5971,4,True,8.946535299007428,ppo,40,44.249486029868116,82.0658966079135,78.31061387292817,13.799095889905706
0.3,0.6,0.5971,5,False,8.548206456573608,ppo,0,40.958793100452496,89.80634432801217,18.393370155781994,23.622836804669333
0.3,0.6,0.5971,6,True,15.542473424799091,ppo,35,64.56988905606337,19.10661655656256,11.053976406371362,53.34667450852127
0.3,0.6,0.5971,7,True,10.760585077492275,ppo,11,87.65877951554707,76.26167788289989,70.48209238272015,41.60908729747192
0.3,0.6,0.5971,8,True,10.088544511018004,ppo,9,15.276427685227198,76.36462527920717,27.542058600952487,72.08020965448638
0.3,0.6,0.5971,9,True,9.480595531777352,ppo,25,64.46262567310427,12.607834990714675,8.539872963504607,61.860035389782084
0.3,0.6,0.5971,10,True,7.026681812863981,ppo,7,71.1649335797665,83.31204711432214,37.56702602968294,38.082385509048116
0.3,0.6,0.5971,11,False,11.361456838439146,ppo,0,62.72928163315223,22.267099674538574,21.540822547159088,47.426163341935634
0.3,0.6,0.5971,12,True,10.29518977068435,ppo,29,85.23191528289065,58.74779416677244,45.14095040196031,67.3611967678141
0.3,0.6,0.5971,13,True,6.189094609230218,ppo,12,74.69012337917883,55.066389957425876,79.72754197293577,81.01650103671355
0.3,0.6,0.5971,14,False,15.841651079344416,ppo,0,13.439263862488568,65.0418497784315,48.071811079129944,31.03180734548209
0.3,0.6,0.5971,15,True,15.595383218583915,ppo,42,38.9556507311243,93.47195155631461,64.75292837272558,26.890627433411456
0.3,0.6,0.5971,16,True,8.147211617129436,ppo,12,49.325998457355915,22.802098427756825,70.45575451962222,63.07160332847419
0.3,0.6,0.5971,17,True,11.519912552674759,ppo,14,69.9270848523753,44.69802853224747,10.644528423910025,54.795349847015366
0.3,0.6,0.5971,18,True,11.601434545622576,ppo,2,80.34538103422214,72.61595824006407,79.91362045706137,72.55429433966889
0.3,0.6,0.5971,19,True,8.894764563189964,ppo,23,44.11973124989709,41.84230042749942,84.90711240032653,50.30333418856925
0.3,0.6,0.5971,20,True,12.747138353560013,ppo,1,78.49901687173443,52.12023477423606,93.91487691051161,79.05531786546183
0.3,0.6,0.5971,21,True,6.634223864552989,ppo,30,88.37632445331148,93.73601901576622,44.16399822392498,79.08889983650246
0.3,0.6,0.5971,22,False,10.947990447686577,ppo,0,76.74593634418514,37.7517435028699,79.004419484598,89.16345181069387
0.3,0.6,0.5971,23,False,15.761075238677897,ppo,0,42.35963303495828,79.15636643090441,24.00942434790132,12.850213438558775
0.3,0.6,0.5971,24,True,9.50670091681906,ppo,7,20.0824719048929,21.764469641831635,25.154280616450666,54.00632243556919
0.3,0.6,0.5971,25,True,12.495992568745413,ppo,5,91.65664625999432,89.33422058292359,82.01971827820681,94.04695125614867
0.3,0.6,0.5971,26,True,14.003877901351395,ppo,19,65.85386286255303,74.31795759207621,94.89060671826816,40.594954933025946
0.3,0.6,0.5971,27,True,8.317573358093187,ppo,7,56.595250037546876,32.74755292865078,38.24131803638388,61.31436608255185
0.3,0.6,0.5971,28,True,9.277262974785117,ppo,15,31.72576701338231,38.28718693805866,48.29692283708459,59.59579964546244
0.3,0.6,0.5971,29,True,15.74403929602893,ppo,3,84.42648192007101,73.88696504683928,63.8531466869768,8.702895190927617
0.3,0.6,0.5971,30,True,9.068614226554718,ppo,29,71.38554571016239,59.55018110472986,24.101972486671976,7.360553085704449
0.3,0.6,0.5971,31,False,13.427595891983877,ppo,0,31.972048885240454,81.72439740101053,90.05176404998363,17.93838742327278
0.3,0.6,0.5971,32,True,11.139623259470708,ppo,23,90.26648169806344,65.11908806216374,34.38826603521484,47.86507670271114
0.3,0.6,0.5971,33,True,16.824853471325085,ppo,8,41.240797474797915,32.96696277615128,76.56364088813682,36.497576479435125
0.3,0.6,0.5971,34,True,7.688184559656983,ppo,5,79.56636006609104,64.17356139720144,77.53435428560091,75.71876963055156
0.3,0.6,0.5971,35,True,13.49500565663029,ppo,28,20.04755244231408,37.205738777750405,40.9767126334917,83.6843366505189
0.3,0.6,0.5971,36,False,7.786462434229749,ppo,0,89.63936330027066,82.95920398548142,41.48696459736618,81.11216021301183
0.3,0.6,0.5971,37,True,11.64223228794696,ppo,20,24.403611975856446,76.7307546766925,17.69946968740792,8.553772651527744
0.3,0.6,0.5971,38,False,12.4274258499074,ppo,0,73.07847616087784,54.99164197907598,63.250041481425434,6.327525499948466
0.3,0.6,0.5971,39,True,11.408073526447046,ppo,12,7.985002328207358,42.66111157967628,49.501043781222585,9.985468254602926
0.3,0.6,0.5971,40,True,16.47984012176508,ppo,16,80.09785898743907,44.772904435955,18.70416890387002,7.799617577752719
0.3,0.6,0.5971,41,True,11.665886861564378,ppo,11,65.74520026410121,14.966866109774761,84.19086287153216,11.80999472215374
0.3,0.6,0.5971,42,True,15.618163623279656,ppo,9,6.704675996965247,73.47003537850476,50.91617977562649,12.853501650837737
0.3,0.6,0.5971,43,True,10.01086970583182,ppo,5,8.128200058436995,28.41277949672052,37.223310926740275,6.211792857928601
0.3,0.6,0.5971,44,True,15.048378621915148,ppo,5,15.714174146009439,17.468483451668995,32.345759262648414,63.64673036623563
0.3,0.6,0.5971,45,True,11.930859378969124,ppo,4,48.65612455458088,46.59483064440521,28.027695755152507,62.625299952519036
0.3,0.6,0.5971,46,True,7.401827001292321,ppo,10,87.3458600935095,19.889233820912292,89.33436452714267,9.225348444133807
0.3,0.6,0.5971,47,True,7.198548616107973,ppo,24,87.51240488618134,82.87501582188338,67.81375707283263,15.548623885909501
0.3,0.6,0.5971,48,False,13.843536142184579,ppo,0,83.14243952090354,47.394779897412405,11.64453130106955,20.92148269594132
0.3,0.6,0.5971,49,True,12.395411525285562,ppo,20,81.38673550307809,16.465484092816524,63.15962746625204,90.46489728126664
0.3,0.7000000000000001,0.7021,0,True,10.721359574736564,ppo,4,16.243081340344226,52.675397085964526,11.52998968598789,48.527198274248974
0.3,0.7000000000000001,0.7021,1,True,11.194468101360188,ppo,9,43.015766092923585,27.726334890313613,21.559773325763953,18.05008309574516
0.3,0.7000000000000001,0.7021,2,False,6.4113860160611225,ppo,0,35.95538924642972,27.317919109691367,66.77785532225778,15.918643073619439
0.3,0.7000000000000001,0.7021,3,False,16.119732469760297,ppo,0,85.37138522404864,70.98841722956095,34.22953817565369,80.09217509841257
0.3,0.7000000000000001,0.7021,4,True,10.849589564589591,ppo,11,89.37330506344004,63.846229452374594,11.4707928985208,29.347150660685898
0.3,0.7000000000000001,0.7021,5,True,13.74377983022015,ppo,4,12.632892005479448,54.76987796353808,63.15486752154546,67.24561312463297
0.3,0.7000000000000001,0.7021,6,True,13.75573077009128,ppo,1,22.083887291130225,84.73203544561721,53.53440661125252,36.55146528899215
0.3,0.7000000000000001,0.7021,7,True,8.383875040863082,ppo,18,55.0488310277523,34.147363227938314,68.95666892317485,61.53883406092744
0.3,0.7000000000000001,0.7021,8,False,14.178947344252636,ppo,0,85.7208815074403,46.650724973491464,21.671658845177426,73.04972255109503
0.3,0.7000000000000001,0.7021,9,True,8.848360482981429,ppo,8,53.13224716986179,24.745451686843385,46.63872754020318,6.818366195236574
0.3,0.7000000000000001,0.7021,10,True,11.579885048646776,ppo,9,83.3966761168563,35.50172049535671,46.365029389968015,79.3918294452179
0.3,0.7000000000000001,0.7021,11,False,14.561224496504972,ppo,0,69.04223960114275,87.68392366400874,77.94242368385336,44.68505610097108
0.3,0.7000000000000001,0.7021,12,True,14.194138987651831,ppo,16,31.669896461072817,26.130458892438405,12.299377653479285,62.93243920249556
0.3,0.7000000000000001,0.7021,13,True,14.441483074185633,ppo,8,44.45622481872707,70.07471900520116,55.26252633950395,27.334928239422787
0.3,0.7000000000000001,0.7021,14,True,18.682104961148006,ppo,10,71.25472084105309,47.58908613989917,38.10745905475107,86.801745209813
0.3,0.7000000000000001,0.7021,15,True,12.164242805194139,ppo,10,50.410340231009485,12.713539408138335,54.52878930647728,40.416407061486375
0.3,0.7000000000000001,0.7021,16,True,14.477637740210788,ppo,14,65.60574394519352,79.50656036610319,43.965118705460455,25.776840275332653
0.3,0.7000000000000001,0.7021,17,True,11.478071792359023,ppo,20,32.37027610564934,17.811162559217394,92.6133174880901,46.81951897555053
0.3,0.7000000000000001,0.7021,18,False,12.19228469997549,ppo,0,78.92431979179526,30.080764173746616,42.26253600156174,50.169385964153314
0.3,0.7000000000000001,0.7021,19,True,15.648372042372138,ppo,2,40.46690181029285,51.41141465254057,42.942693069025154,10.707599347031383
0.3,0.7000000000000001,0.7021,20,True,8.353344415763562,ppo,9,71.35874223862446,78.57091617349586,62.05348939003358,66.39463858456577
0.3,0.7000000000000001,0.7021,21,True,10.47542871741619,ppo,7,18.9067061112681,39.88987643870237,9.040590169550008,45.2313463918152
0.3,0.7000000000000001,0.7021,22,False,8.98749828956563,ppo,0,62.833263474355114,45.90980512245533,25.113586571269565,19.73834288249286
0.3,0.7000000000000001,0.7021,23,True,18.514868734688726,ppo,14,40.92927171516479,44.13760812786907,18.640340055116106,50.17645109762336
0.3,0.7000000000000001,0.7021,24,True,13.341556033951608,ppo,8,56.49956951468083,16.79545852961334,74.49048963081705,31.25474444562251
0.3,0.7000000000000001,0.7021,25,True,9.703001522001905,ppo,21,53.68109205492455,6.460029986726164,40.437124387372684,55.32893554806983
0.3,0.7000000000000001,0.7021,26,True,10.433939698204457,ppo,1,28.512558525085275,28.82798571245558,16.26290363920658,26.82288160694746
0.3,0.7000000000000001,0.7021,27,True,16.207327892100277,ppo,8,7.849712772302279,22.314155592231337,74.00042718764128,84.3880283768064
0.3,0.7000000000000001,0.7021,28,True,11.072678971076988,ppo,6,63.43119225710423,84.49755497799555,27.359890619911166,72.1711529300462
0.3,0.7000000000000001,0.7021,29,True,13.985236214714929,ppo,5,42.50040111128844,26.799219959226267,56.662103076168,54.29522996121026
0.3,0.7000000000000001,0.7021,30,True,12.823512246648782,ppo,12,15.632941344013517,80.99603456807026,54.519548189255836,16.087580420462853
0.3,0.7000000000000001,0.7021,31,True,14.062688716519357,ppo,7,16.449025755290805,29.38278631436662,42.79347180142032,10.179017883868022
0.3,0.7000000000000001,0.7021,32,False,10.593524617932434,ppo,0,7.221355988605765,70.99986194834241,87.09197694219048,85.71187950131882
0.3,0.7000000000000001,0.7021,33,False,15.07746154620718,ppo,0,82.0650445606211,17.492321915405114,47.23353356479812,46.953234044836535
0.3,0.7000000000000001,0.7021,34,True,10.867753466015046,ppo,16,54.52261861350389,30.572190862218722,32.26560948224379,73.881481376579
0.3,0.7000000000000001,0.7021,35,True,15.179158527510861,ppo,2,35.886381391293384,84.9260281869546,84.57238293917749,43.61474286833101
0.3,0.7000000000000001,0.7021,36,False,12.963574219745817,ppo,0,14.820097376488077,47.122254854784806,57.17230085451951,19.327777327710244
0.3,0.7000000000000001,0.7021,37,True,10.56048818379856,ppo,5,92.8162193354324,57.77686977133265,33.75200814537415,11.870504920787013
0.3,0.7000000000000001,0.7021,38,True,13.654186114433964,ppo,11,47.80397553464592,18.19750214485537,7.59775980314261,55.9339977689016
0.3,0.7000000000000001,0.7021,39,True,10.770841453570542,ppo,4,61.75552752140497,85.67377250656668,12.278636353736854,65.40905496720075
0.3,0.7000000000000001,0.7021,40,True,18.585863544368273,ppo,2,74.06231596448245,49.353484682444936,82.1475430308611,68.7334902889445
0.3,0.7000000000000001,0.7021,41,True,9.754909313198997,ppo,5,61.7767717994351,15.134001145041704,44.69272666761687,23.082443087138493
0.3,0.7000000000000001,0.7021,42,False,15.07560178315281,ppo,0,18.326991247961605,25.62223321662417,38.262257719298155,51.77268489033095
0.3,0.7000000000000001,0.7021,43,False,10.758697768892109,ppo,0,62.461305396843514,39.28129366479156,40.05939292572636,72.24045366496524
0.3,0.7000000000000001,0.7021,44,True,11.517800806269323,ppo,13,72.33366513151938,53.6468121784485,94.19359550389375,41.790987427212436
0.3,0.7000000000000001,0.7021,45,True,9.217705107997318,ppo,3,18.438703222978255,35.8704991665345,70.85186527988148,21.07124793937475
0.3,0.7000000000000001,0.7021,46,True,11.229325365932658,ppo,2,58.570289190611945,91.99555099820013,67.77051966290585,27.55122744787552
0.3,0.7000000000000001,0.7021,47,True,7.935021154388969,ppo,3,34.411985408321854,86.08242786505582,21.569271174120633,59.26638618144999
0.3,0.7000000000000001,0.7021,48,False,12.359018282050764,ppo,0,45.061377956135836,68.5342071710949,82.6736852288416,55.0621459775222
0.3,0.7000000000000001,0.7021,49,True,9.045625519890178,ppo,5,33.394390446548186,8.49110432444619,34.873056879595474,38.565586406189986
0.3,0.8,0.8003,0,False,11.223465762509266,ppo,0,24.478186033081585,40.11458230268827,60.40488749776146,27.114813699352148
0.3,0.8,0.8003,1,True,13.46179207376667,ppo,11,79.24163977146704,21.416391158856225,57.008700494024424,45.18578802304136
0.3,0.8,0.8003,2,True,10.455803242262313,ppo,3,69.12779764178723,86.54663271385004,86.03622567829609,49.79711417569152
0.3,0.8,0.8003,3,False,10.407245409710532,ppo,0,49.17235000229171,44.47442403448643,31.65563028565512,76.11584389578327
0.3,0.8,0.8003,4,True,15.419872774471376,ppo,2,39.89153683260662,94.07817494327466,89.4472556221295,48.10973098258821
0.3,0.8,0.8003,5,True,14.674640087827475,ppo,6,94.35516791648557,22.37831571058981,66.42663164915875,94.97654316256529
0.3,0.8,0.8003,6,False,12.681195366667085,ppo,0,5.500941981703727,84.91941311757135,59.076062378369464,73.78211444224203
0.3,0.8,0.8003,7,True,14.824711289911578,ppo,3,69.16118811835146,55.11067653226282,25.301068774000008,17.258011603141256
0.3,0.8,0.8003,8,False,12.068595078206526,ppo,0,41.953513603746174,16.654807696387714,90.68801704473398,91.54710170576843
0.3,0.8,0.8003,9,False,12.355545480065153,ppo,0,25.49132397287899,66.45168071586137,64.23394616541239,52.627471983840785
0.3,0.8,0.8003,10,True,15.572023077492602,ppo,1,41.12753797934156,80.92027396526555,84.96297094468699,59.16238058793263
0.3,0.8,0.8003,11,True,8.864791498067007,ppo,1,71.40515023687635,82.46883971895896,27.929013081759948,39.056162559911186
0.3,0.8,0.8003,12,True,15.596019538740352,ppo,2,9.534223018587355,61.542710083570284,39.365577208220934,47.77724847093918
0.3,0.8,0.8003,13,True,12.929796111024164,ppo,4,34.0867117255399,81.12932727053733,71.11924182412713,6.324915616266157
0.3,0.8,0.8003,14,True,13.310830186860347,ppo,4,80.2868719029442,78.84316697267701,36.986908527929955,82.52418095179989
0.3,0.8,0.8003,15,False,8.117537487852593,ppo,0,88.35441893437753,30.908084501092237,48.51214272848226,29.385749083225047
0.3,0.8,0.8003,16,True,11.609819387288958,ppo,1,57.71839068367271,15.162554593006625,90.20998961063783,40.519867775742604
0.3,0.8,0.8003,17,True,14.458611399946545,ppo,3,38.288228873669276,80.58826196890286,7.17557676882557,91.39144660663865
0.3,0.8,0.8003,18,True,5.813449525202978,ppo,3,40.256364347915095,57.232434894569494,61.49593815545007,8.50966293525046
0.3,0.8,0.8003,19,True,15.346743461503515,ppo,3,28.286565740068976,61.85921646161644,11.507630810461329,28.702232720895974
0.3,0.8,0.8003,20,True,15.16002721660379,ppo,1,40.15493318428623,76.84395485152692,14.714592493634933,61.945413898953994
0.3,0.8,0.8003,21,True,8.081587029402648,ppo,4,17.9340462753025,56.442823780998864,77.80329926774833,64.01554705972478
0.3,0.8,0.8003,22,True,13.305565758365107,ppo,8,69.8137735404245,44.262582136878,94.02853652538973,16.339702104883678
0.3,0.8,0.8003,23,True,9.108597386263147,ppo,3,52.52999808841444,82.40640612275821,61.95107357696186,79.77237307058896
0.3,0.8,0.8003,24,True,15.943195764054591,ppo,1,22.571761630946693,14.34524318643459,5.356285175403306,22.885589392236408
0.3,0.8,0.8003,25,True,14.629381130346987,ppo,2,54.67103537595537,67.46180000575757,36.87694172234271,27.728518559773125
0.3,0.8,0.8003,26,True,5.0,ppo,4,92.87827009704449,42.503771460846444,68.82795549040841,76.36093770395634
0.3,0.8,0.8003,27,True,18.630212158700886,ppo,1,86.68310198653128,50.45237341819735,51.68978309741004,36.40415873874326
0.3,0.8,0.8003,28,True,14.92672144733643,ppo,12,58.00457214527334,9.728431606637148,83.93456901865422,91.25672121766904
0.3,0.8,0.8003,29,True,13.706717869382013,ppo,1,87.2118857997548,24.11175528880385,94.00694468566455,73.74815602520617
0.3,0.8,0.8003,30,True,15.130853485155702,ppo,5,57.24308679077485,26.320069726136268,36.90168131240413,54.922294903122136
0.3,0.8,0.8003,31,True,11.892099072694137,ppo,5,50.76286487331122,92.93801899562223,65.15407081954164,20.738728737728145
0.3,0.8,0.8003,32,True,12.888544354829367,ppo,2,30.835123401627943,35.79253122974099,46.86005299158275,48.97187268834569
0.3,0.8,0.8003,33,False,18.50191271329957,ppo,0,93.27843860040123,58.2087021372364,22.259203643902758,14.597346557794923
0.3,0.8,0.8003,34,True,6.173473353459702,ppo,9,58.56981293878199,88.43661899756523,57.54736833977812,54.04984611463377
0.3,0.8,0.8003,35,True,20.634347039869315,ppo,1,53.51689086393837,83.03330824742905,35.46534567830179,16.816014477921883
0.3,0.8,0.8003,36,True,11.879315568359097,ppo,10,32.490722511470196,93.27735009153872,52.96883028352426,88.68053502951871
0.3,0.8,0.8003,37,True,14.650364220944027,ppo,1,49.954978656098206,36.96805908668936,63.11178587483418,32.99590091920858
0.3,0.8,0.8003,38,True,13.670859756820008,ppo,3,80.4767873235679,81.83776154287487,22.704425164843688,56.427218129766125
0.3,0.8,0.8003,39,True,8.810634677367887,ppo,1,44.54546358198726,55.43292067265904,42.81368226156408,36.01398239948954
0.3,0.8,0.8003,40,True,13.880188768038579,ppo,1,45.59288481676009,9.957243968396785,84.97026125297658,46.574340649354625
0.3,0.8,0.8003,41,True,16.83578452571691,ppo,1,15.631964249769272,48.36510722145774,33.44918949593283,59.29734628427593
0.3,0.8,0.8003,42,True,6.247199150444577,ppo,4,5.975177422126014,84.74266570922374,20.385701181981197,39.05066528791061
0.3,0.8,0.8003,43,True,14.895491033189927,ppo,9,18.893450406062026,7.868227183151076,51.35828420173752,87.54303622128613
0.3,0.8,0.8003,44,False,11.870900068684227,ppo,0,27.123142127031013,9.39323925723242,81.64168658493622,67.19856712757655
0.3,0.8,0.8003,45,True,10.237865734768167,ppo,10,90.37847188166462,17.967719502814955,46.049492159801915,8.812276390157503
0.3,0.8,0.8003,46,True,12.670261662433546,ppo,1,14.025258569805368,26.1693266298511,81.66491940246077,45.062928517568245
0.3,0.8,0.8003,47,True,14.94480977178422,ppo,3,31.23317102214966,93.80857288985057,39.60956567787791,63.60995647753283
0.3,0.8,0.8003,48,True,14.138734034482132,ppo,2,86.76453279933905,62.39337339653992,30.529253541597498,90.40650695752225
0.3,0.8,0.8003,49,False,12.198481695310189,ppo,0,49.95389330488983,21.268480984681265,27.71430954668406,19.396139830786964
0.35,0.1,0.0995,0,True,3.3316612243652344,rrt_star,12,6.646578091593037,76.893931525446,33.04652814753703,28.22547422170463
0.35,0.1,0.0995,1,True,7.974863052368164,rrt_star,16,20.756423283736314,20.255384453801803,89.07596927891396,24.359295497911415
0.35,0.1,0.0995,2,True,2.813577651977539,rrt_star,12,55.828796169672984,5.508242164868609,90.36208409274256,31.226514626589672
0.35,0.1,0.0995,3,True,5.710840225219727,rrt_star,12,31.581295329734093,21.06157774506783,82.78580050299361,61.365945684672944
0.35,0.1,0.0995,4,True,0.20956993103027344,rrt_star,8,7.031213474262393,58.89102359407132,37.83728793365031,59.065003613524944
0.35,0.1,0.0995,5,True,8.806228637695312,rrt_star,7,71.3582240572817,46.46818471371778,73.01566416269486,20.132680956461172
0.35,0.1,0.0995,6,True,7.154226303100586,rrt_star,4,59.87613444246696,49.27634810600859,49.08973243941371,44.35707687232452
0.35,0.1,0.0995,7,True,48.807621002197266,rrt_star,11,71.47182509651776,81.9819149877564,21.431577293174783,66.69263595771318
0.35,0.1,0.0995,8,True,55.18674850463867,rrt_star,10,36.909990646498656,76.39323978568196,14.25429185913974,56.15727253284773
0.35,0.1,0.0995,9,True,70.37496566772461,rrt_star,13,28.68232446148426,84.19542729688929,56.7336921429404,18.092723036937826
0.35,0.1,0.0995,10,True,4.574060440063477,rrt_star,13,17.296225522131188,29.91389932349688,60.286403224009874,76.30286764271496
0.35,0.1,0.0995,11,True,25.499820709228516,rrt_star,11,74.67417205874638,39.5328494194117,50.7254322315133,64.47024712157366
0.35,0.1,0.0995,12,True,9.334325790405273,rrt_star,13,89.30158161283131,80.80990349895156,91.87988321923184,30.738389983895228
0.35,0.1,0.0995,13,True,21.787405014038086,rrt_star,7,34.3736066798364,48.10043611838564,7.193514685944512,27.849729851670087
0.35,0.1,0.0995,14,True,58.922529220581055,rrt_star,10,32.54142070494734,38.783647315775845,64.39943569375342,79.02096223998738
0.35,0.1,0.0995,15,False,32.33981132507324,rrt_star,0,72.44611431897093,43.405437707097775,20.677074829480688,91.25239741663913
0.35,0.1,0.0995,16,True,3.3521652221679688,rrt_star,13,8.634128374910238,83.01674234011595,45.29537937043752,26.481497061969943
0.35,0.1,0.0995,17,True,0.04172325134277344,rrt_star,3,65.1435682875094,71.38400558021432,60.02665331422999,63.37563344288746
0.35,0.1,0.0995,18,True,7.83538818359375,rrt_star,13,51.55514305323813,65.1741783650933,85.48547863175314,15.9105377797023
0.35,0.1,0.0995,19,True,26.606082916259766,rrt_star,16,86.24580732931759,54.48766716673369,8.243131924076016,65.8946239235494
0.35,0.1,0.0995,20,True,7.948875427246094,rrt_star,13,68.01296307766151,90.16494846676594,21.096969111485933,50.309958849361024
0.35,0.1,0.0995,21,True,5.602598190307617,rrt_star,7,47.8288825066076,75.27356927440243,64.16211400488356,71.39647180491916
0.35,0.1,0.0995,22,True,5.625724792480469,rrt_star,17,8.785416065183572,89.44876487297978,35.28138277730237,48.179639164214116
0.35,0.1,0.0995,23,True,0.46563148498535156,rrt_star,6,46.187266999266456,8.289476070438386,44.224230303690156,32.14173864741395
0.35,0.1,0.0995,24,True,2.2971630096435547,rrt_star,14,8.545451762716429,9.380402687603649,51.96824314184053,81.40715608582863
0.35,0.1,0.0995,25,True,1.6849040985107422,rrt_star,19,6.74643635886259,91.586591430018,73.32436009175744,47.94757396546626
0.35,0.1,0.0995,26,True,51.63145065307617,rrt_star,5,74.55680163845022,59.83999205348018,55.371460495492286,58.796957713775456
0.35,0.1,0.0995,27,True,0.9391307830810547,rrt_star,7,46.92073209482209,16.90750757373725,64.9396254861181,29.49635498270068
0.35,0.1,0.0995,28,True,4.050731658935547,rrt_star,14,83.35952634919815,22.601222709824082,72.32784425554809,76.32112843015163
0.35,0.1,0.0995,29,True,16.345977783203125,rrt_star,14,60.83540521758051,15.093440505942617,13.903632529043584,69.53763669653762
0.35,0.1,0.0995,30,True,5.187034606933594,rrt_star,11,11.277022109110217,15.914099320647434,26.08100653195689,79.96766965442947
0.35,0.1,0.0995,31,True,13.623714447021484,rrt_star,10,70.91135558207614,85.16367469913172,87.2418310460446,36.69267587089972
0.35,0.1,0.0995,32,True,1.5363693237304688,rrt_star,10,54.444043244176626,60.11560833105281,74.9023591318076,32.122279740838586
0.35,0.1,0.0995,33,True,6.405353546142578,rrt_star,15,80.29198327053876,39.82093965615925,32.65278200674395,19.573273711895656
0.35,0.1,0.0995,34,True,11.925220489501953,rrt_star,17,18.898160971922632,11.375320111161246,41.35803898389627,80.23071535658922
0.35,0.1,0.0995,35,True,51.024436950683594,rrt_star,17,22.58847639605671,86.2382048821672,93.65157575450473,66.90122489516574
0.35,0.1,0.0995,36,True,3.457784652709961,rrt_star,12,11.12407666392345,15.410011530625896,24.516113729863044,73.94536291048244
0.35,0.1,0.0995,37,True,19.428253173828125,rrt_star,20,20.43349515688648,82.4915491377938,91.52295753538226,72.20671411128758
0.35,0.1,0.0995,38,True,11.584997177124023,rrt_star,6,57.15342996456846,87.431828580439,67.13813731404336,64.00476754754715
0.35,0.1,0.0995,39,True,23.474931716918945,rrt_star,15,20.488686747524024,33.755019861809984,55.59288499364183,43.82281159927937
0.35,0.1,0.0995,40,True,4.73332405090332,rrt_star,6,86.73620424812296,41.894942034466794,89.2410201589013,67.49523672265458
0.35,0.1,0.0995,41,True,0.7534027099609375,rrt_star,13,92.71350457554902,93.17393256085691,78.90331457877267,24.038724287186557
0.35,0.1,0.0995,42,True,0.38909912109375,rrt_star,4,7.037176846070773,56.74818984530953,11.618646305895542,46.00519168195074
0.35,0.1,0.0995,43,True,14.384269714355469,rrt_star,18,5.130393111920508,59.136825494748486,55.122946816204184,25.29546534368303
0.35,0.1,0.0995,44,True,2.782583236694336,rrt_star,5,82.48547530888474,55.69302559518641,86.64235874139037,83.04062021182625
0.35,0.1,0.0995,45,True,19.02294158935547,rrt_star,16,53.198401526281394,80.09909865639706,43.95889720234866,5.532764737989292
0.35,0.1,0.0995,46,True,3.71551513671875,rrt_star,14,26.193075278463112,30.119223082072057,72.69439299204365,76.71645516554166
0.35,0.1,0.0995,47,True,8.781671524047852,rrt_star,10,23.552948572272225,6.726819407896512,21.482402646433908,58.76491790647296
0.35,0.1,0.0995,48,True,14.141082763671875,rrt_star,18,25.17903350724555,7.696002937713059,44.38292841449881,79.29302614657277
0.35,0.1,0.0995,49,True,1.7406940460205078,rrt_star,9,19.087206396891787,51.777182481866426,52.86499435540862,46.03731873182815
0.35,0.2,0.1988,0,True,4.505634307861328,rrt_star,4,26.11575914049922,88.64759818782125,19.205162219808223,75.57680501272841
0.35,0.2,0.1988,1,True,302.58870124816895,rrt_star,17,37.676088737464326,86.68368204599616,14.031545201753755,23.039543445873665
0.35,0.2,0.1988,2,True,62.84618377685547,rrt_star,15,23.487104718921294,86.83677996982426,57.02558108983828,82.16871840765553
0.35,0.2,0.1988,3,True,142.85564422607422,rrt_star,13,36.20063618416188,61.44337301315826,73.59227845229731,24.524989660309412
0.35,0.2,0.1988,4,True,0.9386539459228516,rrt_star,9,23.062739427733256,26.819694758636526,53.394704650358264,50.03572904254839
0.35,0.2,0.1988,5,True,2.648591995239258,rrt_star,11,28.769469493986197,52.04035111879578,72.08595888713077,55.79281780086175
0.35,0.2,0.1988,6,True,1.4901161193847656,rrt_star,5,62.09574461863796,46.28480778702445,61.81130827520964,59.73514692403942
0.35,0.2,0.1988,7,True,29.613971710205078,rrt_star,15,76.20137446769004,76.50123744094776,71.66405410629093,19.5128637872819
0.35,0.2,0.1988,8,True,6.304502487182617,rrt_star,11,33.19296056433338,58.39552350665277,62.44544848224244,53.65926535747934
0.35,0.2,0.1988,9,False,32.09495544433594,rrt_star,0,79.13756787528764,88.44189846392369,30.265530902482364,37.090891807952865
0.35,0.2,0.1988,10,False,33.20169448852539,rrt_star,0,10.767492645423737,52.65892238253994,6.561664364329355,70.15344004144494
0.35,0.2,0.1988,11,True,35.0956916809082,rrt_star,17,60.41982765193467,14.154309999021221,58.360295829787646,85.87782151718861
0.35,0.2,0.1988,12,True,2.5861263275146484,rrt_star,13,85.44882279588062,39.56538800985368,32.97141942784228,50.33857783087761
0.35,0.2,0.1988,13,True,110.12077331542969,rrt_star,16,17.19544281776611,16.345191545967168,77.92011011678666,63.60268532557172
0.35,0.2,0.1988,14,False,32.50837326049805,rrt_star,0,55.86525939371102,28.61125934919891,74.96195814773844,76.43475156868358
0.35,0.2,0.1988,15,True,58.73560905456543,rrt_star,17,15.885915759591205,48.63529829563752,84.9372444375214,42.16210828340887
0.35,0.2,0.1988,16,True,5.852937698364258,rrt_star,15,49.26025068805256,17.516629750654204,66.31111590176258,88.17059992854723
0.35,0.2,0.1988,17,False,32.43827819824219,rrt_star,0,88.39764203823071,56.33814914987061,5.521109527689674,22.076027981426424
0.35,0.2,0.1988,18,True,2.2919178009033203,rrt_star,15,23.38798828913643,67.91676146682113,78.35657698323675,27.011038635275163
0.35,0.2,0.1988,19,True,26.078462600708008,rrt_star,20,5.348325018450905,51.56068075869847,74.70153695168817,94.89986771358416
0.35,0.2,0.1988,20,True,14.331817626953125,rrt_star,12,59.564683516625365,36.65731025006495,12.117756519824997,19.11954858308472
0.35,0.2,0.1988,21,True,55.92703819274902,rrt_star,10,90.92054529140191,69.03323243692196,73.42889017566972,83.71915248547064
0.35,0.2,0.1988,22,True,32.74083137512207,rrt_star,25,15.838767072777086,20.49883753404449,94.03222562497082,92.68463612218517
0.35,0.2,0.1988,23,True,3.813505172729492,rrt_star,16,65.68450935045918,75.39604505306549,28.652072352296447,17.010709783017113
0.35,0.2,0.1988,24,True,0.48804283142089844,rrt_star,9,82.03521542146122,53.759633716532846,43.736679100610175,55.678477663420615
0.35,0.2,0.1988,25,True,20.546436309814453,rrt_star,18,23.88987402532795,86.30054687148484,89.43569299908053,51.78268130088813
0.35,0.2,0.1988,26,True,41.67318344116211,rrt_star,23,6.542092193168269,78.19093987520742,87.3453284142116,5.469321404789557
0.35,0.2,0.1988,27,True,4.754781723022461,rrt_star,18,86.04422352315005,38.06902059146709,20.9621687898492,72.27627978178592
0.35,0.2,0.1988,28,True,7.700443267822266,rrt_star,11,51.46921255144031,26.36979974433701,6.206466444893137,9.42064017946462
0.35,0.2,0.1988,29,True,111.53244972229004,rrt_star,20,25.303566278935907,22.027361320059878,83.27098251491941,78.97615413444848
0.35,0.2,0.1988,30,True,111.97662353515625,rrt_star,12,47.350446544474785,61.63921966913501,20.520406444821326,94.3139168280209
0.35,0.2,0.1988,31,True,8.477449417114258,rrt_star,9,59.94872792368524,66.19415803673095,41.718330592104444,35.34876908947378
0.35,0.2,0.1988,32,True,62.50286102294922,rrt_star,10,49.53801013796306,25.33248531751785,28.970292417808366,58.75026791424872
0.35,0.2,0.1988,33,True,80.74021339416504,rrt_star,24,71.21370777636334,94.18733900621363,93.18143553142923,30.83174431748228
0.35,0.2,0.1988,34,True,23.878812789916992,rrt_star,17,57.86890784582094,28.43862657809392,17.03974100707779,77.29825311081935
0.35,0.2,0.1988,35,True,4.3621063232421875,rrt_star,21,85.67379547659877,91.37542986807772,41.56752003807437,7.925831322358859
0.35,0.2,0.1988,36,True,60.25052070617676,rrt_star,11,75.3510821381577,45.22586602290537,18.943427902119602,50.14778564627383
0.35,0.2,0.1988,37,True,1.5511512756347656,rrt_star,13,12.971551838368683,13.940984240155162,71.15360459033299,46.93471172328614
0.35,0.2,0.1988,38,True,151.97014808654785,rrt_star,13,63.51276481259034,77.22327205908314,46.972696798742774,28.27647750034883
0.35,0.2,0.1988,39,True,2.3508071899414062,rrt_star,8,45.594064491871755,92.52122792758577,75.40946342878597,72.32144388132718
0.35,0.2,0.1988,40,True,16.59250259399414,rrt_star,15,86.91681234773847,45.996933767708114,32.52750045578951,86.48877100184534
0.35,0.2,0.1988,41,True,21.29673957824707,rrt_star,21,19.534971160991876,42.6651579375395,81.34620320963056,42.039401055238336
0.35,0.2,0.1988,42,True,0.308990478515625,rrt_star,7,5.769888221845556,94.7189157790014,26.73142334907937,75.26316591079151
0.35,0.2,0.1988,43,True,0.1914501190185547,rrt_star,4,59.66825176173287,71.54907392730901,55.813180880383705,62.302779296450666
0.35,0.2,0.1988,44,True,4.389762878417969,rrt_star,5,17.10146537786846,81.52426849038616,5.472593424146867,87.67489378296806
0.35,0.2,0.1988,45,True,29.968738555908203,rrt_star,17,47.79180797956057,93.30584633505156,11.33257752000948,34.77052869514554
0.35,0.2,0.1988,46,True,39.71529006958008,rrt_star,9,25.596453746530845,64.31817866651187,54.13190116700351,79.7418575467974
0.35,0.2,0.1988,47,True,50.597190856933594,rrt_star,20,16.21676802149558,9.798393599156375,8.7082688439057,80.55242932399108
0.35,0.2,0.1988,48,False,32.235145568847656,rrt_star,0,19.47914271927032,5.283313104598974,19.409715672664014,49.77865523151333
0.35,0.2,0.1988,49,True,25.840282440185547,rrt_star,13,55.81214007408048,26.582963411570212,44.69323025438725,62.88396154688857
0.35,0.30000000000000004,0.3087,0,True,8.455038070678711,rrt_star,9,30.37120396008887,17.721322147741457,66.18453057705302,19.66293422945085
0.35,0.30000000000000004,0.3087,1,True,17.37833023071289,rrt_star,20,90.1536903685984,61.33725650725481,19.18248993448279,34.326099677416735
0.35,0.30000000000000004,0.3087,2,True,307.98864364624023,rrt_star,23,80.3176590239804,10.61123736148014,26.957171781174885,85.208067440576
0.35,0.30000000000000004,0.3087,3,False,32.323360443115234,rrt_star,0,20.55578163725118,77.37322446660133,79.29291744438976,63.10280368123677
0.35,0.30000000000000004,0.3087,4,True,10.786056518554688,rrt_star,15,14.022785910078978,80.16370556761936,60.91804540652917,51.697886240949146
0.35,0.30000000000000004,0.3087,5,True,326.8241882324219,rrt_star,15,83.0413469922463,13.820415238935533,48.36408779276436,11.919469541703872
0.35,0.30000000000000004,0.3087,6,True,45.55487632751465,rrt_star,18,59.732901211486976,43.96667621250702,21.522516191292944,84.48528966576603
0.35,0.30000000000000004,0.3087,7,True,5.635261535644531,rrt_star,15,72.06003876386424,7.058345452521062,23.91011336991489,18.62160577193164
0.35,0.30000000000000004,0.3087,8,False,32.080888748168945,rrt_star,0,87.89161871082925,57.30754072889926,5.946689421746943,41.05866797028853
0.35,0.30000000000000004,0.3087,9,True,168.78390312194824,rrt_star,16,23.92145455195911,58.12801519676145,14.337497515965273,26.851745188847342
0.35,0.30000000000000004,0.3087,10,True,51.954030990600586,rrt_star,33,81.15658987800724,74.76663305853937,90.73730501576019,38.66200420527702
0.35,0.30000000000000004,0.3087,11,True,4.103660583496094,rrt_star,6,46.37628819538324,25.449932080535188,35.928128376594124,32.01432765224885
0.35,0.30000000000000004,0.3087,12,True,7.322549819946289,rrt_star,12,86.30491907607787,50.61735609295129,40.38378732438328,59.79170404863266
0.35,0.30000000000000004,0.3087,13,True,207.37004280090332,rrt_star,14,58.263633019758345,90.55202257840654,38.75997401943137,54.69875454031336
0.35,0.30000000000000004,0.3087,14,True,37.003517150878906,rrt_star,7,23.504139058828564,91.81342744597008,49.85706632843623,81.7940700432657
0.35,0.30000000000000004,0.3087,15,False,31.798124313354492,rrt_star,0,15.065170245884831,71.99224615583016,47.92553879401956,5.634885028789721
0.35,0.30000000000000004,0.3087,16,True,6.77037239074707,rrt_star,19,10.67399888117351,40.58018126553734,74.36690420621201,73.16031203757875
0.35,0.30000000000000004,0.3087,17,True,0.08940696716308594,rrt_star,3,59.05834372634735,51.579495896417455,53.28623005811579,57.721786262882006
0.35,0.30000000000000004,0.3087,18,True,36.45038604736328,rrt_star,4,90.44288168559324,36.130407988477074,87.90942271579479,40.603702603781485
0.35,0.30000000000000004,0.3087,19,False,32.48429298400879,rrt_star,0,14.573662809010042,53.63531715775076,10.091175217362238,93.32232324555787
0.35,0.30000000000000004,0.3087,20,True,40.21334648132324,rrt_star,12,53.58579560282923,83.09529388415275,28.339037834389103,77.46235721116616
0.35,0.30000000000000004,0.3087,21,True,49.89933967590332,rrt_star,11,49.252134263135765,75.5778214123015,15.136464433647216,90.53900843146019
0.35,0.30000000000000004,0.3087,22,True,2.0906925201416016,rrt_star,8,56.98062599364685,68.8990046541772,64.57337797952755,31.623483527785183
0.35,0.30000000000000004,0.3087,23,True,1.2862682342529297,rrt_star,6,19.185483623706535,21.90262686438484,31.633088051728635,19.466545685100044
0.35,0.30000000000000004,0.3087,24,True,9.10329818725586,rrt_star,9,30.08987823786259,60.3458817941656,15.843912667542073,93.62425538914395
0.35,0.30000000000000004,0.3087,25,True,28.22113037109375,rrt_star,25,21.72454262702864,22.238619775452758,38.47927870770679,93.20449521519538
0.35,0.30000000000000004,0.3087,26,True,3.331899642944336,rrt_star,16,13.341809571648387,69.638383356897,69.74669588573815,53.678482890359064
0.35,0.30000000000000004,0.3087,27,True,64.25905227661133,rrt_star,22,84.55944948288784,70.70979140533558,21.839846442102974,64.55829087312048
0.35,0.30000000000000004,0.3087,28,True,1260.4644298553467,rrt_star,14,37.935972347689834,21.63605974277811,91.34250997767258,59.32820903099609
0.35,0.30000000000000004,0.3087,29,True,9.415626525878906,rrt_star,6,93.53991972315832,8.561943053983592,71.37240387995543,10.499899830950326
0.35,0.30000000000000004,0.3087,30,False,32.10616111755371,rrt_star,0,40.04384732405103,43.53306852894122,50.72224930701648,40.18977725636383
0.35,0.30000000000000004,0.3087,31,True,0.5695819854736328,rrt_star,6,66.4651967987486,58.421603903431986,42.80875345974805,71.87189329050139
0.35,0.30000000000000004,0.3087,32,True,23.378610610961914,rrt_star,28,5.954908855462534,89.88765103323308,21.240835665338125,26.569393116889916
0.35,0.30000000000000004,0.3087,33,True,26.188135147094727,rrt_star,13,39.12231029482056,49.43535387958647,26.449181731101557,87.2575288760247
0.35,0.30000000000000004,0.3087,34,True,18.709659576416016,rrt_star,18,15.403402054278786,29.978560098074656,63.6952004724139,66.04464314230808
0.35,0.30000000000000004,0.3087,35,True,437.73674964904785,rrt_star,21,14.16054518811423,32.26253641231848,88.57666006406107,56.31638700901898
0.35,0.30000000000000004,0.3087,36,True,67.96145439147949,rrt_star,19,41.35026069450496,69.99903467899087,89.71984500243671,30.384456273818998
0.35,0.30000000000000004,0.3087,37,True,213.18864822387695,rrt_star,9,63.18570052521589,53.53388198026314,94.01899350895206,52.084215774505445
0.35,0.30000000000000004,0.3087,38,False,32.52983093261719,rrt_star,0,6.1941141054244975,29.79522772690751,21.25781203411135,94.22372302011783
0.35,0.30000000000000004,0.3087,39,True,101.36556625366211,rrt_star,8,58.17318797716408,63.1674556049698,36.04796724004134,71.48409560691587
0.35,0.30000000000000004,0.3087,40,True,652.3804664611816,rrt_star,9,81.86098405909833,63.04430221639434,59.0535025362061,82.53002185561968
0.35,0.30000000000000004,0.3087,41,True,394.0694332122803,rrt_star,18,41.51254826971798,28.541745907647904,69.97947789013882,92.10013822294835
0.35,0.30000000000000004,0.3087,42,True,1.3496875762939453,rrt_star,8,38.659864791120555,14.92641485069145,56.060419510351046,43.96623696640146
0.35,0.30000000000000004,0.3087,43,True,47.576189041137695,rrt_star,17,16.97624691574398,85.87903515254948,16.62354653435319,33.0889171515451
0.35,0.30000000000000004,0.3087,44,True,769.8910236358643,rrt_star,16,31.414002528479116,30.549949373338336,5.103301944771761,93.8738461980485
0.35,0.30000000000000004,0.3087,45,True,41.79549217224121,rrt_star,25,23.25964748811015,71.89436175171024,63.75795315323034,70.9819855103741
0.35,0.30000000000000004,0.3087,46,True,6.468296051025391,rrt_star,15,37.229055412687465,85.70521478099487,62.047708976613414,31.92513085668197
0.35,0.30000000000000004,0.3087,47,True,37.46366500854492,rrt_star,16,24.767783302660305,12.329572329490901,39.03000034388029,84.6035389564893
0.35,0.30000000000000004,0.3087,48,True,0.23865699768066406,rrt_star,3,25.620547998757058,60.458811442105166,25.895280099394135,51.32222794709189
0.35,0.30000000000000004,0.3087,49,False,31.939268112182617,rrt_star,0,77.86734709593392,10.862286643872423,50.71865945265563,92.43600295941235
0.35,0.4,0.3992,0,True,13.01282352563089,ppo,18,70.03175028389754,46.01365460129606,33.93222167018131,49.389824495122596
0.35,0.4,0.3992,1,True,15.09172285051834,ppo,11,24.529175664118544,90.95051700186912,5.66544657241128,63.28594969934999
0.35,0.4,0.3992,2,True,11.009184577647765,ppo,19,73.96407135897142,83.71346642598908,73.02034898824552,38.231715828091566
0.35,0.4,0.3992,3,False,6.707876068124434,ppo,0,46.364856013596984,48.43817514719253,17.648054577824198,40.54784149259173
0.35,0.4,0.3992,4,False,11.744204643846915,ppo,0,52.174767368541346,48.95979336044142,26.68706175968883,14.246024193237295
0.35,0.4,0.3992,5,True,14.777146811165276,ppo,26,47.6310891533552,33.23460428230078,64.3758483198784,88.88233273171731
0.35,0.4,0.3992,6,True,13.265000758546831,ppo,33,65.12913165786605,80.47045749973326,68.34542284587872,10.389111285315945
0.35,0.4,0.3992,7,True,11.346999597984505,ppo,22,54.62159256565905,59.62395914407676,5.038404290829963,90.10758508706668
0.35,0.4,0.3992,8,False,14.044089587384981,ppo,0,5.632013978125141,77.7511070398337,90.04777034597595,33.668084106090944
0.35,0.4,0.3992,9,True,6.697162891341202,ppo,33,71.70556485000533,76.80168359935288,43.28857805411422,10.505315657421384
0.35,0.4,0.3992,10,False,9.373066874582689,ppo,0,37.45676603821227,33.76337024899962,22.395847338888693,84.79998087378124
0.35,0.4,0.3992,11,True,12.359668171539777,ppo,37,75.20796464934315,89.03312963863704,54.54511188841045,12.128766278931792
0.35,0.4,0.3992,12,True,10.722517908770772,ppo,20,64.19303606116725,92.72844769338482,21.95574024919108,92.36080191005315
0.35,0.4,0.3992,13,True,12.055670216268256,ppo,14,59.55931045017915,62.64945832620052,36.34591566391447,83.58876405127255
0.35,0.4,0.3992,14,True,14.037520529793897,ppo,36,35.23626908754329,9.192474059694863,93.61985398666675,69.35035206488848
0.35,0.4,0.3992,15,True,5.0,ppo,1,35.53312393551293,42.65784264516791,92.24794841534874,16.397259137696757
0.35,0.4,0.3992,16,True,8.483561978529618,ppo,30,11.023509549618797,27.492013160465785,72.34184909162185,69.87624945812566
0.35,0.4,0.3992,17,True,9.73652331656505,ppo,24,93.63537474153388,39.37262337796306,64.79137870535706,86.00654633404012
0.35,0.4,0.3992,18,True,13.922873928358399,ppo,31,79.06614943263813,35.830085237694696,13.322987971255309,51.82893306197545
0.35,0.4,0.3992,19,True,13.334698477296758,ppo,30,62.04227817279535,13.307909591378642,36.311782118075726,79.60047388277262
0.35,0.4,0.3992,20,True,12.915347976881806,ppo,24,35.95412859392256,83.36082288589917,67.90670638942993,37.989922761530224
0.35,0.4,0.3992,21,True,13.47829222818567,ppo,22,18.853125478905593,80.64648351210293,66.28085088413198,82.58582736286463
0.35,0.4,0.3992,22,False,8.994636212424355,ppo,0,33.344951785950215,92.51839178778124,50.891492539668434,77.53319667346662
0.35,0.4,0.3992,23,True,11.49325894785931,ppo,6,87.1713103824494,65.39551519800418,83.08919456077706,76.27734050810851
0.35,0.4,0.3992,24,False,10.462369043845777,ppo,0,23.210795049342504,19.0184416638223,49.350009333621266,81.12533951760543
0.35,0.4,0.3992,25,True,10.509811031929653,ppo,16,19.453331282958374,56.86639198385805,48.63577128104296,40.37128102934432
0.35,0.4,0.3992,26,True,11.54860456792831,ppo,12,80.39889212692559,56.24814642566727,64.87047695594597,44.38656183638202
0.35,0.4,0.3992,27,True,8.948372399797949,ppo,9,59.09679030842483,51.68835075165001,71.1655985523252,68.95563281686412
0.35,0.4,0.3992,28,True,12.134136956350549,ppo,35,62.685431376902514,94.44054099035267,16.814226797024048,36.80189827590447
0.35,0.4,0.3992,29,True,17.29919168284231,ppo,23,12.928800872388116,71.00463289328123,65.81935791215928,79.67495967549029
0.35,0.4,0.3992,30,True,6.6267165168619195,ppo,15,32.90203738786306,75.76056539048527,74.27731558768018,77.93855751814843
0.35,0.4,0.3992,31,True,9.48536246719111,ppo,30,42.02625103981131,21.17080954201617,25.925154375703833,82.03814912675628
0.35,0.4,0.3992,32,True,9.391485137242812,ppo,6,43.98820071413082,44.92010978087313,29.685599286770064,47.68021366143777
0.35,0.4,0.3992,33,True,13.205612931550514,ppo,14,64.85673428211858,64.86182724194855,36.28678049735839,45.053582490328644
0.35,0.4,0.3992,34,True,9.708183760308126,ppo,26,36.0471126185501,88.89627432884912,76.86164271697618,54.351560457177584
0.35,0.4,0.3992,35,True,15.529552720366578,ppo,28,75.7691579614355,32.081125454970106,23.05589383792827,46.96917219592978
0.35,0.4,0.3992,36,False,11.634247538883523,ppo,0,38.235638126526105,32.3114395800346,24.780777318864732,36.871108602987135
0.35,0.4,0.3992,37,True,14.524952120718874,ppo,20,50.87171663396813,79.50702716581564,24.73213046360341,50.45611970686803
0.35,0.4,0.3992,38,False,10.439654018425527,ppo,0,49.89284561848428,73.96390047220679,70.21822395908411,85.03647864081981
0.35,0.4,0.3992,39,True,10.216938452814988,ppo,19,22.94906458397536,74.0716602074958,14.482419683332035,35.290526528821
0.35,0.4,0.3992,40,True,11.369790354043415,ppo,14,13.010460440476523,43.59543081572026,21.361950020776977,15.24538141371796
0.35,0.4,0.3992,41,True,10.780532946692755,ppo,14,73.57868132450335,33.17229841432706,63.19720540118438,8.942397242815328
0.35,0.4,0.3992,42,True,8.020191967642823,ppo,12,24.310827467254303,74.7275751212331,9.734918739973388,21.181794165105718
0.35,0.4,0.3992,43,True,8.761087876902547,ppo,25,56.46840039121312,5.3212965227611395,50.09439310520778,67.51852876937924
0.35,0.4,0.3992,44,True,9.5017745613088,ppo,9,31.09955138524129,27.726290324389502,44.14541661942104,46.24602391916892
0.35,0.4,0.3992,45,True,11.665945637106299,ppo,22,23.594021376688758,76.23524649300852,68.60086206005802,41.20830803848865
0.35,0.4,0.3992,46,True,8.381224901432164,ppo,24,51.875578476315866,77.8022559806625,35.425421562499096,37.62217429695332
0.35,0.4,0.3992,47,False,14.797464036723138,ppo,0,74.67006327304689,11.370403621749517,85.70606327790698,72.91405395334554
0.35,0.4,0.3992,48,True,12.483252142483629,ppo,23,62.542080464632626,35.690254839262934,87.69484708354989,74.80075269551219
0.35,0.4,0.3992,49,True,12.71813052691071,ppo,14,61.0933303781862,87.91568344392648,70.64060614283615,62.01233521399314
0.35,0.5,0.5046,0,True,11.281188917516088,ppo,20,70.4556772572917,5.634886016899875,73.78676515979916,37.99471299028635
0.35,0.5,0.5046,1,True,10.325925443162175,ppo,19,18.43493100114093,17.142051544748607,37.45577143640034,56.50406598180906
0.35,0.5,0.5046,2,True,13.969114893602635,ppo,11,64.72415147230777,50.371555493086,36.89848378716317,51.850553359081516
0.35,0.5,0.5046,3,True,9.022701012111183,ppo,21,85.22938051602567,42.75314764440485,7.504093816997458,12.194431159038459
0.35,0.5,0.5046,4,True,12.524659044144581,ppo,32,37.233389000729105,26.093713775667105,90.2491869093387,19.389177932864822
0.35,0.5,0.5046,5,False,14.66473361450503,ppo,0,38.03420917827722,34.57358811482433,67.90397729245754,17.34709716772178
0.35,0.5,0.5046,6,False,12.93778593357469,ppo,0,72.4562706382799,78.2316031070863,50.9640958290552,39.30146111222271
0.35,0.5,0.5046,7,True,13.960362943274344,ppo,16,57.39025346539077,56.38534926455698,75.15519216802207,19.22843412264371
0.35,0.5,0.5046,8,True,9.110856288690128,ppo,4,8.715901649481186,72.4683922687871,14.202400130106561,65.58591815396271
0.35,0.5,0.5046,9,False,11.402271489436163,ppo,0,35.899047205638944,59.57250826627224,71.13500439262808,39.29578941941372
0.35,0.5,0.5046,10,True,12.188892062583841,ppo,11,51.17898900302382,88.81956150773222,78.83884539572715,7.1973012323100205
0.35,0.5,0.5046,11,True,7.314951554710939,ppo,4,9.70449154887017,67.63368287653451,7.188449616064435,74.62926932784035
0.35,0.5,0.5046,12,True,10.404093681733755,ppo,38,91.38204785111593,69.51091393016132,24.976720526462685,35.8345096464579
0.35,0.5,0.5046,13,True,7.9823513299696325,ppo,18,16.339740190842043,53.32797283816915,50.501296103306906,57.42532358018774
0.35,0.5,0.5046,14,True,10.086587514958358,ppo,3,70.78047475268707,26.75391035541904,57.79708450710178,30.330177925894294
0.35,0.5,0.5046,15,False,20.161441766360202,ppo,0,76.1149626800092,18.697145237091718,33.38322207620128,85.18001864761403
0.35,0.5,0.5046,16,True,12.578229165156934,ppo,22,23.861146678423577,75.87939020032525,63.70641791512428,88.43220724292149
0.35,0.5,0.5046,17,True,8.283506531245887,ppo,19,59.06456765992614,48.67467339096606,30.860667395801922,81.49651977066367
0.35,0.5,0.5046,18,True,9.587503695890621,ppo,9,94.87488411835398,52.30114252696683,83.08849329107444,66.0717689412493
0.35,0.5,0.5046,19,False,8.604936524868625,ppo,0,6.932755788890249,73.79667160525138,11.811854784611478,34.805213088631156
0.35,0.5,0.5046,20,False,14.422034769629638,ppo,0,50.48347721543357,24.33289026169928,11.234271863238604,62.696899257007885
0.35,0.5,0.5046,21,True,14.14653166893337,ppo,37,34.650588981427774,15.246247240357135,92.4571381958501,58.76219886273689
0.35,0.5,0.5046,22,True,13.265956631795499,ppo,7,66.63823082341581,45.40525713578395,53.58164398020464,47.662254779456134
0.35,0.5,0.5046,23,False,11.421809477951541,ppo,0,33.86257508166893,62.398760375108225,28.852114176427957,20.570253519918623
0.35,0.5,0.5046,24,True,7.954458407845062,ppo,12,21.638871124092958,26.406517951499197,81.54696977647082,27.538033238932826
0.35,0.5,0.5046,25,True,12.026858136921915,ppo,37,9.899148015900916,43.81688276078034,90.34382889136658,59.03104455776554
0.35,0.5,0.5046,26,True,15.966498270604356,ppo,18,37.83936143960983,75.76986320520433,71.60451235980769,76.79194971656116
0.35,0.5,0.5046,27,True,13.14787605003609,ppo,25,5.696645451754097,37.039064636394606,46.11832769651826,52.197929389513796
0.35,0.5,0.5046,28,False,15.556634664423816,ppo,0,60.42056551136757,23.145108807252473,72.882069436444,54.489865959654736
0.35,0.5,0.5046,29,False,9.878066058695163,ppo,0,43.398341448655074,54.97998028598475,57.58073020937087,73.30624140745041
0.35,0.5,0.5046,30,True,11.149933590517659,ppo,11,46.46688020043936,82.99229675468206,45.18905170832828,57.967427560780564
0.35,0.5,0.5046,31,True,10.469591011930968,ppo,18,75.1534176690035,34.40650647173389,43.128317800508746,43.53917320198027
0.35,0.5,0.5046,32,True,12.048572301875039,ppo,3,58.89582162187637,59.78731742023097,62.31522470252355,65.23840531651851
0.35,0.5,0.5046,33,True,15.047606560322867,ppo,5,10.98421979558237,14.048227315164834,74.5125435211321,33.56532340287944
0.35,0.5,0.5046,34,False,11.705691920823421,ppo,0,34.37852474898104,65.71219563078559,74.23995364264498,48.305268423099776
0.35,0.5,0.5046,35,True,10.85219988786555,ppo,15,77.20461468337315,6.81838916265623,28.106304741489595,56.38795036064769
0.35,0.5,0.5046,36,True,8.0403420369032,ppo,30,47.93284053346777,25.776463152867237,43.056490001814524,83.1863172477688
0.35,0.5,0.5046,37,True,15.024178478968746,ppo,11,74.85100697912785,82.93935425718773,57.877182405276905,90.41782898070565
0.35,0.5,0.5046,38,True,8.630183352370597,ppo,10,49.31321294713008,64.54417251425977,40.057259553169466,84.22987884957318
0.35,0.5,0.5046,39,True,12.283526785369304,ppo,14,46.57570298671303,82.90882427678036,86.08745631476084,85.8888588882375
0.35,0.5,0.5046,40,True,16.022444903664827,ppo,36,87.61605674136793,12.085696296867876,24.87543003010744,71.85153920147346
0.35,0.5,0.5046,41,False,11.152134344888301,ppo,0,10.88283347902919,24.770937902526175,39.85097108406761,63.14523452655723
0.35,0.5,0.5046,42,True,9.546720548569924,ppo,9,79.74496560657195,21.518917433643804,80.61231267399907,38.98572095533846
0.35,0.5,0.5046,43,False,11.06420558042653,ppo,0,10.33905190349161,72.26172446466761,93.81782686266433,93.81859994016995
0.35,0.5,0.5046,44,True,6.729531345049651,ppo,9,90.95383796254283,57.45591532366869,78.34205925863837,35.19033917562558
0.35,0.5,0.5046,45,True,11.696003706985374,ppo,14,22.292794484959625,91.64483439424076,21.362143699823378,60.50639841876634
0.35,0.5,0.5046,46,True,11.285849302434388,ppo,23,28.39436903282584,8.212978178953875,71.94426741376668,21.18237177341763
0.35,0.5,0.5046,47,True,13.529453753155664,ppo,4,9.25096420549549,33.61291865308699,76.65273296563271,30.237647448481102
0.35,0.5,0.5046,48,True,12.232880831409025,ppo,17,68.87561843793537,24.045598532578158,14.166171631713029,5.946146017521896
0.35,0.5,0.5046,49,True,5.0,ppo,26,28.86449113229008,8.139352446600585,39.90062092257356,55.457317772967286
0.35,0.6,0.6034,0,False,6.306213273685349,ppo,0,59.16653242119429,17.008749121977992,54.77861780029245,20.69638675923185
0.35,0.6,0.6034,1,False,15.989320206186692,ppo,0,94.5912333222433,29.14962920734199,35.9162617229641,54.66413121795623
0.35,0.6,0.6034,2,True,14.967783587118312,ppo,12,90.87758861630007,65.00701793329412,60.68340935869307,84.50842104605286
0.35,0.6,0.6034,3,True,12.958177907128562,ppo,28,5.4177067467154245,13.747888189560758,91.50293669239184,88.73186741374066
0.35,0.6,0.6034,4,True,11.730501833287736,ppo,2,85.62827922760192,79.68295519647248,36.689014125652726,30.766922214315105
0.35,0.6,0.6034,5,True,8.38047126342758,ppo,7,24.942436532740295,8.14501583548983,18.89668275099264,23.896482276852595
0.35,0.6,0.6034,6,True,16.991611525110905,ppo,6,19.781131369020613,6.748906011062594,82.75774137507653,62.56085690353725
0.35,0.6,0.6034,7,True,11.804920709725998,ppo,11,47.617170465660145,69.78063472884372,92.4251213604459,94.98526449399127
0.35,0.6,0.6034,8,True,10.438212680663042,ppo,1,75.09235943295897,64.263691952279,93.08174066916139,17.908108087404536
0.35,0.6,0.6034,9,True,10.821969782122947,ppo,4,83.93176096196338,60.37510824016905,85.08742356835413,22.887492276025117
0.35,0.6,0.6034,10,True,9.141116850091509,ppo,17,47.85799606888869,94.84899434379778,31.717502253154585,68.56210534494241
0.35,0.6,0.6034,11,True,11.68893627776721,ppo,21,65.01227732968573,59.35634076844856,88.10528858639688,34.614660364430904
0.35,0.6,0.6034,12,True,12.615323426421012,ppo,2,17.37994580678822,5.199284156449096,59.77787234727167,71.58083527359325
0.35,0.6,0.6034,13,True,9.724649433131487,ppo,30,27.023636785295686,16.14912935364596,26.737609708359418,92.45704849866644
0.35,0.6,0.6034,14,True,11.366612604089386,ppo,5,94.79369547857785,78.44660576541308,31.933745502426856,87.38977127737915
0.35,0.6,0.6034,15,False,10.09236192454735,ppo,0,89.53277436821625,71.330625207163,18.96018084440527,72.14574002421854
0.35,0.6,0.6034,16,True,13.130449275275447,ppo,5,56.67244606353921,6.6026447012639675,59.14266836380088,13.043023461738965
0.35,0.6,0.6034,17,False,13.900731009094358,ppo,0,89.34374481436883,52.59392001315836,64.20751795908191,71.16573853729231
0.35,0.6,0.6034,18,True,6.458498998584785,ppo,5,32.65348996311165,35.30090453986757,42.65930754076867,38.3428667658279
0.35,0.6,0.6034,19,False,18.163507364745794,ppo,0,87.76244305081013,19.691703317489438,25.25515142531234,93.19691712283249
0.35,0.6,0.6034,20,True,12.391330468502803,ppo,6,65.87270444345916,30.93602339786981,72.66524866812325,22.338524319363433
0.35,0.6,0.6034,21,False,13.512178563055443,ppo,0,14.043726411100451,87.24691371384678,80.12477980146986,42.86169445420812
0.35,0.6,0.6034,22,True,9.071606538887725,ppo,16,43.92160912719159,38.755238222654555,32.079054521892246,84.00749861395674
0.35,0.6,0.6034,23,False,7.1032899986829605,ppo,0,42.446257343011766,67.54044123576065,63.61592097910075,44.29704994643119
0.35,0.6,0.6034,24,True,11.688095819570083,ppo,17,66.77661064861073,63.85340130704826,20.930667421138082,68.83157359338665
0.35,0.6,0.6034,25,True,13.443384718257297,ppo,13,40.80999425694737,78.81026726211822,50.520207959267054,16.017365044806766
0.35,0.6,0.6034,26,True,11.280845502279057,ppo,6,60.3371125661934,70.2051685755311,52.207846190470924,67.65151075390042
0.35,0.6,0.6034,27,True,8.064443266592143,ppo,23,85.80660350185342,33.72587594061006,48.92267665199355,60.11222917366357
0.35,0.6,0.6034,28,True,13.973314857025915,ppo,10,69.94469364750958,58.25648249481713,16.61619884663088,57.46303850219599
0.35,0.6,0.6034,29,False,15.251159238071008,ppo,0,27.599564872494017,58.074029263101906,92.5189412406225,56.34919134921824
0.35,0.6,0.6034,30,True,11.372816364088745,ppo,23,70.28981113143708,35.35563575650188,26.309438981363662,40.4298694176455
0.35,0.6,0.6034,31,False,11.30887557531859,ppo,0,39.79065160297359,44.91122844465566,38.25932220377722,6.6717860728254275
0.35,0.6,0.6034,32,False,7.6210448843608685,ppo,0,94.59810405419915,76.68191345486953,10.27355173847307,83.78937662072022
0.35,0.6,0.6034,33,True,13.60245702870834,ppo,3,70.23885453929516,82.61887592651664,8.043612961769213,66.48060785929768
0.35,0.6,0.6034,34,False,8.775945933314949,ppo,0,77.91800915921928,33.143071088220864,65.15611503450081,82.43117077677216
0.35,0.6,0.6034,35,True,7.419009708558915,ppo,9,73.95271615929053,39.72169797997328,91.93331765572367,92.1068784464042
0.35,0.6,0.6034,36,True,16.462208056111454,ppo,17,27.980087142171186,16.394532501140507,9.597622388813727,49.34871467096556
0.35,0.6,0.6034,37,True,7.412710454632712,ppo,15,46.20509123998915,53.11834512532025,42.35953442596768,87.70347797804745
0.35,0.6,0.6034,38,True,6.318852951692558,ppo,18,81.18675872896443,51.43848929031309,30.814284843972896,81.54473314325864
0.35,0.6,0.6034,39,False,18.23945267749251,ppo,0,7.049974690533368,89.464058241339,61.932166040045175,25.908624525539306
0.35,0.6,0.6034,40,True,11.036680218313375,ppo,11,49.273591990713726,36.2509407318222,67.84890652129546,23.253486544180408
0.35,0.6,0.6034,41,False,13.239200920221037,ppo,0,85.10914956539105,7.471970792759931,51.25109813245938,11.391373951739677
0.35,0.6,0.6034,42,True,12.31719266131804,ppo,17,6.418389234861169,24.042334748390683,76.70846351859434,21.67226599595597
0.35,0.6,0.6034,43,True,9.371223738658244,ppo,13,79.77017671519377,37.10874815408544,57.38378987850908,51.40422664226599
0.35,0.6,0.6034,44,False,10.202373124490716,ppo,0,89.55121479632855,85.62330114783961,69.99818216954765,74.70160634551073
0.35,0.6,0.6034,45,False,10.29256647466408,ppo,0,54.43569488851949,47.83739018668558,30.56283196709926,34.79359017367612
0.35,0.6,0.6034,46,True,13.479420247870378,ppo,19,27.050163972867413,73.20421213906315,93.59953254108564,54.448418144202805
0.35,0.6,0.6034,47,True,11.04455083478191,ppo,10,38.64409664932538,50.78568857622189,35.74424207022214,74.74409039927758
0.35,0.6,0.6034,48,True,10.181590102839444,ppo,39,9.822309361210944,31.082701205832684,84.07955525755246,64.31102374186707
0.35,0.6,0.6034,49,True,7.480862299236534,ppo,7,41.83075171726833,71.4514492587305,40.1552953943337,60.098973586753544
0.35,0.7000000000000001,0.7081,0,True,11.287087535976106,ppo,2,85.46074220288742,15.826929416440679,34.55907201368076,8.218833660457145
0.35,0.7000000000000001,0.7081,1,True,9.471622972881098,ppo,7,75.9658560201303,86.89080108175831,81.96612148109246,21.36250241996326
0.35,0.7000000000000001,0.7081,2,True,12.601432508570975,ppo,10,33.18440286095906,58.33404201898643,61.227383437623224,56.96634125101398
0.35,0.7000000000000001,0.7081,3,True,15.398338373998023,ppo,4,62.314118753369236,74.1183371249929,91.9714235569102,65.15179419067438
0.35,0.7000000000000001,0.7081,4,True,14.101921073353592,ppo,25,55.88504783112101,56.40679102415916,20.300825978542136,41.972991366300995
0.35,0.7000000000000001,0.7081,5,True,15.742909486644512,ppo,2,71.91715499848173,39.87624548541541,22.615187631389546,17.866647382864244
0.35,0.7000000000000001,0.7081,6,False,6.49750223470231,ppo,0,6.204032668893814,39.23482885150787,54.66602148334151,54.39726505846121
0.35,0.7000000000000001,0.7081,7,True,11.944680789729228,ppo,2,31.09738776747855,91.63648188256927,35.48343513819998,12.639910543006389
0.35,0.7000000000000001,0.7081,8,True,13.395218260194001,ppo,6,28.22985285766375,21.587390833198256,56.85242551824183,66.63418505717124
0.35,0.7000000000000001,0.7081,9,True,18.87565884138083,ppo,4,75.50619839993576,7.85904165219181,6.526129798953651,23.04679298146365
0.35,0.7000000000000001,0.7081,10,False,16.226463022389005,ppo,0,38.88853550171251,75.89911572359499,70.05390938835016,7.636240923017809
0.35,0.7000000000000001,0.7081,11,True,11.787541774707702,ppo,8,64.21871194370624,66.00470453999819,41.51544750185571,89.41585002158416
0.35,0.7000000000000001,0.7081,12,True,11.29151921550428,ppo,2,31.85127147597379,73.09978314578795,45.757618113588286,92.65352488526537
0.35,0.7000000000000001,0.7081,13,True,14.935135327982998,ppo,6,44.38649033026011,78.89738580776107,38.33196633689236,9.438272233240648
0.35,0.7000000000000001,0.7081,14,True,13.901904009363008,ppo,4,82.54754774404803,66.3506685540233,21.351872132762313,71.27952837314616
0.35,0.7000000000000001,0.7081,15,True,11.184884533650177,ppo,4,47.05516447257161,12.770185548449758,59.69625341474368,37.22040255808447
0.35,0.7000000000000001,0.7081,16,False,16.056564908938192,ppo,0,72.68004023168844,76.67566659393269,92.14272175572258,57.178471767405625
0.35,0.7000000000000001,0.7081,17,True,12.397292271117415,ppo,14,18.060466745859877,93.5046207798623,72.14022450484278,80.9261525222697
0.35,0.7000000000000001,0.7081,18,True,18.931162592890832,ppo,22,93.57613774462128,80.72641454355683,61.38765194923631,9.01160115458537
0.35,0.7000000000000001,0.7081,19,True,11.40710024281544,ppo,5,88.82560928148972,31.79564242794805,12.639917905444957,68.09797868637868
0.35,0.7000000000000001,0.7081,20,True,15.233425386640398,ppo,4,73.6532211747797,86.77057204923418,75.58133137627135,10.645715239185419
0.35,0.7000000000000001,0.7081,21,False,10.499034250222838,ppo,0,75.96403069170803,7.4030433426924604,65.98323104219072,17.175244800274097
0.35,0.7000000000000001,0.7081,22,True,10.927371966588472,ppo,2,64.56092789689117,12.492428915201927,30.4512839599994,14.154572752802153
0.35,0.7000000000000001,0.7081,23,True,13.785717149857575,ppo,20,46.77497638335879,27.998797289755043,32.84176941609354,84.63063817489918
0.35,0.7000000000000001,0.7081,24,False,13.370515190332092,ppo,0,83.88308949198559,43.91168895282661,89.84500852815208,47.6480906593356
0.35,0.7000000000000001,0.7081,25,True,14.757995504573278,ppo,4,84.05228568878779,86.1439370047586,9.548488998834713,35.380986011895004
0.35,0.7000000000000001,0.7081,26,True,11.030936934967054,ppo,1,63.73605751357258,84.377205276181,63.96070615615487,92.55670888761243
0.35,0.7000000000000001,0.7081,27,True,16.517446609752636,ppo,5,73.53094812397137,88.88830033189025,65.52391058618417,31.61479063824566
0.35,0.7000000000000001,0.7081,28,True,10.533742184439522,ppo,7,43.20808422581493,35.51514088371904,16.890684451550392,25.668460949496122
0.35,0.7000000000000001,0.7081,29,True,14.487589835677555,ppo,8,89.80366365608597,54.335892254876306,28.53703266242784,7.623735654125085
0.35,0.7000000000000001,0.7081,30,True,9.654274123995114,ppo,1,78.77706614801954,21.631061148811426,29.467014362262645,18.880360008724793
0.35,0.7000000000000001,0.7081,31,True,14.5631034800764,ppo,27,8.136264271564793,77.33454927600322,36.56104942587566,8.762601244476452
0.35,0.7000000000000001,0.7081,32,True,8.645816240426537,ppo,10,32.080650989016405,51.54223801033086,54.2844632223306,19.903331636410556
0.35,0.7000000000000001,0.7081,33,True,13.563724723057533,ppo,3,29.184091500102447,44.9457998413036,22.42273951149074,58.66689894713688
0.35,0.7000000000000001,0.7081,34,False,10.613831527963455,ppo,0,56.035296804400566,7.157825040434574,77.64548091062565,29.262176573997866
0.35,0.7000000000000001,0.7081,35,True,20.267528359953296,ppo,8,84.7237633603814,56.9407149697438,19.26610779680108,68.37507691430187
0.35,0.7000000000000001,0.7081,36,True,16.06069538063711,ppo,51,12.360197058672625,62.607684671985496,32.442559023408386,16.158125104936907
0.35,0.7000000000000001,0.7081,37,True,13.02078137436115,ppo,6,60.71721133376273,36.98270570213147,25.0328632180613,5.221561037600736
0.35,0.7000000000000001,0.7081,38,False,15.088063424843128,ppo,0,60.02514915493786,28.301809284549716,82.64555481054464,87.0227818476382
0.35,0.7000000000000001,0.7081,39,True,17.884588108336267,ppo,3,35.630695789673254,43.73671840501436,86.05366625264504,16.60474482254664
0.35,0.7000000000000001,0.7081,40,True,9.570895214447251,ppo,13,8.434591954501542,19.401172652747277,55.01262117126746,34.65745203964392
0.35,0.7000000000000001,0.7081,41,True,9.306772817408023,ppo,49,44.21944456615609,76.42805877237677,79.71096924250323,79.34016629593167
0.35,0.7000000000000001,0.7081,42,True,12.849688468829868,ppo,27,41.4194955789563,21.627714730529025,61.332077255048574,79.4847473314124
0.35,0.7000000000000001,0.7081,43,True,10.13580675925267,ppo,14,27.032569788183217,32.23068356469202,22.55033261600942,80.91790848372143
0.35,0.7000000000000001,0.7081,44,True,9.942475508955901,ppo,2,65.95605095235211,72.0397149343874,17.615590039298368,70.44872510834452
0.35,0.7000000000000001,0.7081,45,True,16.074756768755886,ppo,4,76.3008871306773,24.70959747623471,35.287115370830804,58.75241286817824
0.35,0.7000000000000001,0.7081,46,True,15.146956247365102,ppo,2,63.403342318559304,7.034360900446364,93.14690054912586,12.840215080018877
0.35,0.7000000000000001,0.7081,47,True,14.528481003195063,ppo,7,62.44217146854136,84.69564841588631,42.726290427555405,67.02148073928313
0.35,0.7000000000000001,0.7081,48,True,18.03544211922048,ppo,6,94.08956548746858,37.971260551141135,53.35229393206094,38.35622530350466
0.35,0.7000000000000001,0.7081,49,True,11.159586572547187,ppo,3,34.01001746120819,25.915603532771858,70.86434848920885,29.244715284886595
0.35,0.8,0.8019,0,True,10.92897675621105,ppo,2,68.79849186082326,58.1979714117419,47.27404811517474,68.05532305904498
0.35,0.8,0.8019,1,True,11.476854804476512,ppo,6,80.14984766244619,10.34330368025924,42.81547347540855,54.672469669513795
0.35,0.8,0.8019,2,True,16.294565162813072,ppo,3,17.957245569592693,9.3128883668291,40.732056446384924,16.018875662981205
0.35,0.8,0.8019,3,False,16.00145564036243,ppo,0,21.60672487785148,63.836072287030525,79.57481857275278,21.94641471861865
0.35,0.8,0.8019,4,True,12.05847128419707,ppo,6,82.37829679435434,25.36677901428248,10.899377496090104,10.466759168050482
0.35,0.8,0.8019,5,True,9.70225331794203,ppo,4,47.74497686957593,28.79768129028453,91.7737388135731,36.106887946180734
0.35,0.8,0.8019,6,True,14.712610164202738,ppo,12,6.391066832829651,23.718544512933637,84.91218899824808,12.770877426605436
0.35,0.8,0.8019,7,False,12.69113805246225,ppo,0,63.43726323997799,34.592788961813625,40.6899546573586,22.24445665560508
0.35,0.8,0.8019,8,True,7.579340017527254,ppo,3,9.19087788298138,46.05631235196053,25.158308006679057,76.61151349438492
0.35,0.8,0.8019,9,True,15.219009276759863,ppo,7,86.72527134425336,15.04222370139152,91.12259826650228,81.40923917368093
0.35,0.8,0.8019,10,False,11.24377885223729,ppo,0,59.73953252481379,89.6710806754687,73.83398028908526,38.839182837328174
0.35,0.8,0.8019,11,True,5.220330502113955,ppo,6,33.6714596500886,11.445347782812476,15.937625841179129,65.25854490252738
0.35,0.8,0.8019,12,True,12.086113270532518,ppo,5,12.337832828669054,21.97971957031991,22.31967458977621,36.17989263153815
0.35,0.8,0.8019,13,False,15.302739753522422,ppo,0,40.52092305280734,34.26721512014656,46.31350997793107,85.9641851684442
0.35,0.8,0.8019,14,True,10.533440169601123,ppo,1,87.80779896214909,52.1312078867746,18.597139302146488,31.326765067868273
0.35,0.8,0.8019,15,True,11.01695401205682,ppo,5,32.55530894010171,16.23638117915602,58.430355465612514,43.21393838539804
0.35,0.8,0.8019,16,False,14.63318747155133,ppo,0,67.90751968365035,59.798982943667184,28.51909600202841,71.7246041182597
0.35,0.8,0.8019,17,True,9.66606845684942,ppo,5,75.4152584692689,53.10722388781528,57.579319230600504,90.25227417147192
0.35,0.8,0.8019,18,True,12.793350240212632,ppo,1,75.98024616213627,81.4879015289625,68.65153560749724,36.16220739099158
0.35,0.8,0.8019,19,True,13.857451297644225,ppo,1,79.97653828180528,82.67209652371072,30.55350326226135,89.98399758817479
0.35,0.8,0.8019,20,True,14.933225548528124,ppo,4,74.7961429014177,61.8993927203634,39.426456371108635,35.28852073370838
0.35,0.8,0.8019,21,True,18.193912561617825,ppo,2,46.42329230554642,78.2925062381708,47.13903856925566,36.478568956068884
0.35,0.8,0.8019,22,True,12.397881021949313,ppo,8,75.76865794690518,25.44984925821044,66.60931611097065,5.265913366282394
0.35,0.8,0.8019,23,True,15.891364364147066,ppo,2,81.24599265958923,64.33540710931048,6.138557153929583,84.46267724130311
0.35,0.8,0.8019,24,True,16.53179314999286,ppo,2,59.81126430443928,67.41373577926235,51.59711737677508,73.4678938721513
0.35,0.8,0.8019,25,True,13.868720118082503,ppo,1,94.25005571618314,35.0291092567828,79.94589296184553,46.95900229210111
0.35,0.8,0.8019,26,False,20.433788167881374,ppo,0,84.4971837932327,25.63060429607505,11.354410337335779,71.42543712005471
0.35,0.8,0.8019,27,True,16.089787340378265,ppo,40,22.7589053237084,74.01965387946376,62.46380756726672,17.90275445340721
0.35,0.8,0.8019,28,True,13.567909022853078,ppo,3,23.33392661175953,79.48224384191235,74.63020957356444,55.38059340685079
0.35,0.8,0.8019,29,True,19.280168467847062,ppo,1,59.30976227534914,29.90410073860544,79.4137763802852,88.87799113526273
0.35,0.8,0.8019,30,True,10.689613779076073,ppo,3,28.44820420531966,85.27870405559997,88.45394262319425,93.06015842986307
0.35,0.8,0.8019,31,True,13.018913258148677,ppo,1,76.55342457244957,90.68248348841585,67.47755824404942,61.543655857144806
0.35,0.8,0.8019,32,True,10.284677364992744,ppo,1,56.175274641231546,21.126196126925308,91.52400073745689,92.13713873384702
0.35,0.8,0.8019,33,True,11.873507964767196,ppo,2,41.01070118089511,42.77271527848955,74.99074631229286,50.83456367277913
0.35,0.8,0.8019,34,True,9.950019291839295,ppo,4,12.682059505749585,7.485775253114837,69.95487959127937,23.35567820074227
0.35,0.8,0.8019,35,True,17.391462251472216,ppo,4,29.79339200553011,7.1955009496047095,92.78945033251448,67.9845241581283
0.35,0.8,0.8019,36,True,11.182795869075267,ppo,1,92.62975238902725,53.781943577348926,26.619394483978557,8.01945004043603
0.35,0.8,0.8019,37,True,13.691913232972928,ppo,1,57.04362838968249,52.74401512732649,26.421750191961017,91.51227857357985
0.35,0.8,0.8019,38,True,9.539116439053382,ppo,2,7.121749532734185,12.531793226579097,91.45285461627235,88.61390842360362
0.35,0.8,0.8019,39,True,9.59492479691383,ppo,1,10.106442535199623,47.46754982342714,43.31601853097389,35.57417549282254
0.35,0.8,0.8019,40,False,12.036910144695046,ppo,0,11.995077387767697,51.843940163684216,50.61130818822627,21.380345030749485
0.35,0.8,0.8019,41,False,14.437190126861916,ppo,0,13.851793393294374,76.7374333063113,6.900694079785604,86.24013895124683
0.35,0.8,0.8019,42,False,16.57979040349452,ppo,0,92.56584337096142,77.17629009320483,6.925864995701417,73.50807177144667
0.35,0.8,0.8019,43,True,14.52393977449665,ppo,3,91.34759068798733,55.13462588047591,25.07140654670923,6.347458052733255
0.35,0.8,0.8019,44,True,13.760802606390573,ppo,15,67.09864067905298,5.271021564095736,59.56943861962209,22.555049336963222
0.35,0.8,0.8019,45,True,14.685822683084513,ppo,11,49.28412152777149,37.0622364404634,28.917300277587337,86.58217519752984
0.35,0.8,0.8019,46,False,15.533969774918702,ppo,0,42.29471732819434,36.063495209746605,27.97773102139145,22.086641502283427
0.35,0.8,0.8019,47,False,11.906940346296222,ppo,0,39.46069997599433,73.34921471574121,86.56276631137344,72.74572263079483
0.35,0.8,0.8019,48,True,12.321448200668915,ppo,1,68.95229344409402,78.60454095908595,33.333278029584335,93.6847864539944
0.35,0.8,0.8019,49,True,11.530935912913954,ppo,23,64.32109647171933,31.55194801867817,15.910453266053251,69.0809343893796
